--
-- Script was generated by Devart dbForge Data Compare for SQL Server, Version 7.0.249.0
-- Product Home Page: https://www.devart.com/dbforge/sql/datacompare
-- Script date 30/04/2025 15:21:06
-- Source server version: 16.00.1000
-- Source connection string: Data Source=soc-sqldevbre01.esgl.co.uk\General;Integrated Security=True;User ID=ESGL\Richard.Brindley
-- Target server version: 16.00.1000
-- Target connection string: Data Source=soc-sqldevbre01.esgl.co.uk\General;Integrated Security=True;User ID=ESGL\Richard.Brindley
-- Run this script against Concursus_Test to synchronize it with Concursus_Dev
-- Please backup your target database before running this script
--

SET LANGUAGE 'British English'
SET DATEFORMAT ymd
SET ARITHABORT, ANSI_PADDING, ANSI_WARNINGS, CONCAT_NULL_YIELDS_NULL, QUOTED_IDENTIFIER, ANSI_NULLS, NOCOUNT, XACT_ABORT ON
SET NUMERIC_ROUNDABORT, IMPLICIT_TRANSACTIONS OFF
GO

--
-- Start Transaction
--
BEGIN TRANSACTION

--
-- Disabling DML triggers for [SCore].[EntityHobts]
--
GO
DISABLE TRIGGER ALL ON SCore.EntityHobts
GO

IF @@ERROR<>0 OR @@TRANCOUNT=0 BEGIN IF @@TRANCOUNT>0 ROLLBACK SET NOEXEC ON END

--
-- Disabling DML triggers for [SCore].[EntityProperties]
--
GO
DISABLE TRIGGER ALL ON SCore.EntityProperties
GO

IF @@ERROR<>0 OR @@TRANCOUNT=0 BEGIN IF @@TRANCOUNT>0 ROLLBACK SET NOEXEC ON END

--
-- Disabling DML triggers for [SCore].[EntityQueries]
--
GO
DISABLE TRIGGER ALL ON SCore.EntityQueries
GO

IF @@ERROR<>0 OR @@TRANCOUNT=0 BEGIN IF @@TRANCOUNT>0 ROLLBACK SET NOEXEC ON END

--
-- Disabling DML triggers for [SCore].[EntityQueryParameters]
--
GO
DISABLE TRIGGER ALL ON SCore.EntityQueryParameters
GO

IF @@ERROR<>0 OR @@TRANCOUNT=0 BEGIN IF @@TRANCOUNT>0 ROLLBACK SET NOEXEC ON END

--
-- Disabling DML triggers for [SCore].[LanguageLabels]
--
GO
DISABLE TRIGGER ALL ON SCore.LanguageLabels
GO

IF @@ERROR<>0 OR @@TRANCOUNT=0 BEGIN IF @@TRANCOUNT>0 ROLLBACK SET NOEXEC ON END

--
-- Disabling DML triggers for [SCore].[LanguageLabelTranslations]
--
GO
DISABLE TRIGGER ALL ON SCore.LanguageLabelTranslations
GO

IF @@ERROR<>0 OR @@TRANCOUNT=0 BEGIN IF @@TRANCOUNT>0 ROLLBACK SET NOEXEC ON END

--
-- Disabling DML triggers for [SUserInterface].[DropDownListDefinitions]
--
GO
DISABLE TRIGGER ALL ON SUserInterface.DropDownListDefinitions
GO

IF @@ERROR<>0 OR @@TRANCOUNT=0 BEGIN IF @@TRANCOUNT>0 ROLLBACK SET NOEXEC ON END

--
-- Dropping constraints from [SCore].[EntityHobts]
--
ALTER TABLE SCore.EntityHobts
  DROP CONSTRAINT IF EXISTS FK_EntityHobts_DataObjects
ALTER TABLE SCore.EntityHobts
  DROP CONSTRAINT IF EXISTS FK_EntityHoBTs_EntityTypes
ALTER TABLE SCore.EntityHobts
  DROP CONSTRAINT IF EXISTS FK_EntityHobts_RowStatus
GO

IF @@ERROR<>0 OR @@TRANCOUNT=0 BEGIN IF @@TRANCOUNT>0 ROLLBACK SET NOEXEC ON END

--
-- Dropping constraints from [SCore].[EntityProperties]
--
ALTER TABLE SCore.EntityProperties
  DROP CONSTRAINT IF EXISTS FK_EntityProperties_DropDownListDefinitions
ALTER TABLE SCore.EntityProperties
  DROP CONSTRAINT IF EXISTS FK_EntityProperties_EntityDataTypes
ALTER TABLE SCore.EntityProperties
  DROP CONSTRAINT IF EXISTS FK_EntityProperties_EntityHoBTs
ALTER TABLE SCore.EntityProperties
  DROP CONSTRAINT IF EXISTS FK_EntityProperties_EntityPropertyGroupID
ALTER TABLE SCore.EntityProperties
  DROP CONSTRAINT IF EXISTS FK_EntityProperties_LanguageLabels
ALTER TABLE SCore.EntityProperties
  DROP CONSTRAINT IF EXISTS FK_EntityProperties_RowStatus
GO

IF @@ERROR<>0 OR @@TRANCOUNT=0 BEGIN IF @@TRANCOUNT>0 ROLLBACK SET NOEXEC ON END

--
-- Dropping constraints from [SCore].[EntityQueries]
--
ALTER TABLE SCore.EntityQueries
  DROP CONSTRAINT IF EXISTS FK_EntityQueries_DataObjects
ALTER TABLE SCore.EntityQueries
  DROP CONSTRAINT IF EXISTS FK_EntityQueries_EntityHoBTs
ALTER TABLE SCore.EntityQueries
  DROP CONSTRAINT IF EXISTS FK_EntityQueries_EntityTypes
ALTER TABLE SCore.EntityQueries
  DROP CONSTRAINT IF EXISTS FK_EntityQueries_RowStatus
GO

IF @@ERROR<>0 OR @@TRANCOUNT=0 BEGIN IF @@TRANCOUNT>0 ROLLBACK SET NOEXEC ON END

--
-- Dropping constraints from [SCore].[EntityQueryParameters]
--
ALTER TABLE SCore.EntityQueryParameters
  DROP CONSTRAINT IF EXISTS FK_EntityQueryParameters_DataObjects
ALTER TABLE SCore.EntityQueryParameters
  DROP CONSTRAINT IF EXISTS FK_EntityQueryParameters_EntityDataTypes
ALTER TABLE SCore.EntityQueryParameters
  DROP CONSTRAINT IF EXISTS FK_EntityQueryParameters_EntityProperties
ALTER TABLE SCore.EntityQueryParameters
  DROP CONSTRAINT IF EXISTS FK_EntityQueryParameters_EntityQueries
ALTER TABLE SCore.EntityQueryParameters
  DROP CONSTRAINT IF EXISTS FK_EntityQueryParameters_RowStatus
GO

IF @@ERROR<>0 OR @@TRANCOUNT=0 BEGIN IF @@TRANCOUNT>0 ROLLBACK SET NOEXEC ON END

--
-- Dropping constraints from [SCore].[EntityTypes]
--
ALTER TABLE SCore.EntityTypes
  DROP CONSTRAINT IF EXISTS FK_EntityTypes_DataObjects
ALTER TABLE SCore.EntityTypes
  DROP CONSTRAINT IF EXISTS FK_EntityTypes_IconId
ALTER TABLE SCore.EntityTypes
  DROP CONSTRAINT IF EXISTS FK_EntityTypes_LanguageLabels
ALTER TABLE SCore.EntityTypes
  DROP CONSTRAINT IF EXISTS FK_EntityTypes_RowStatus
GO

IF @@ERROR<>0 OR @@TRANCOUNT=0 BEGIN IF @@TRANCOUNT>0 ROLLBACK SET NOEXEC ON END

--
-- Dropping constraints from [SCore].[LanguageLabels]
--
ALTER TABLE SCore.LanguageLabels
  DROP CONSTRAINT IF EXISTS FK_LanguageLabels_DataObjects
ALTER TABLE SCore.LanguageLabels
  DROP CONSTRAINT IF EXISTS FK_LanguageLabels_RowStatus
GO

IF @@ERROR<>0 OR @@TRANCOUNT=0 BEGIN IF @@TRANCOUNT>0 ROLLBACK SET NOEXEC ON END

--
-- Dropping constraints from [SCore].[LanguageLabelTranslations]
--
ALTER TABLE SCore.LanguageLabelTranslations
  DROP CONSTRAINT IF EXISTS FK_LanguageLabelTranslations_DataObjects
ALTER TABLE SCore.LanguageLabelTranslations
  DROP CONSTRAINT IF EXISTS FK_LanguageLabelTranslations_LanguageLabels
ALTER TABLE SCore.LanguageLabelTranslations
  DROP CONSTRAINT IF EXISTS FK_LanguageLabelTranslations_Languages
ALTER TABLE SCore.LanguageLabelTranslations
  DROP CONSTRAINT IF EXISTS FK_LanguageLabelTranslations_RowStatus
GO

IF @@ERROR<>0 OR @@TRANCOUNT=0 BEGIN IF @@TRANCOUNT>0 ROLLBACK SET NOEXEC ON END

--
-- Dropping constraints from [SUserInterface].[DropDownListDefinitions]
--
ALTER TABLE SUserInterface.DropDownListDefinitions
  DROP CONSTRAINT IF EXISTS FK_DropDownListDefinitions_DataObjects
ALTER TABLE SUserInterface.DropDownListDefinitions
  DROP CONSTRAINT IF EXISTS FK_DropDownListDefinitions_EntityTypes
ALTER TABLE SUserInterface.DropDownListDefinitions
  DROP CONSTRAINT IF EXISTS FK_DropDownListDefinitions_RowStatus
GO

IF @@ERROR<>0 OR @@TRANCOUNT=0 BEGIN IF @@TRANCOUNT>0 ROLLBACK SET NOEXEC ON END

--
-- Dropping constraints from [SUserInterface].[GridDefinitions]
--
ALTER TABLE SUserInterface.GridDefinitions
  DROP CONSTRAINT IF EXISTS FK_GridDefinitions_DataObjects
ALTER TABLE SUserInterface.GridDefinitions
  DROP CONSTRAINT IF EXISTS FK_GridDefinitions_LanguageLabelId
ALTER TABLE SUserInterface.GridDefinitions
  DROP CONSTRAINT IF EXISTS FK_GridDefinitions_RowStatus
GO

IF @@ERROR<>0 OR @@TRANCOUNT=0 BEGIN IF @@TRANCOUNT>0 ROLLBACK SET NOEXEC ON END

--
-- Dropping constraints from [SUserInterface].[GridViewColumnDefinitions]
--
ALTER TABLE SUserInterface.GridViewColumnDefinitions
  DROP CONSTRAINT IF EXISTS FK_GridViewColumnDefinition_GridViewDefinition
ALTER TABLE SUserInterface.GridViewColumnDefinitions
  DROP CONSTRAINT IF EXISTS FK_GridViewColumnDefinitions_DataObjects
ALTER TABLE SUserInterface.GridViewColumnDefinitions
  DROP CONSTRAINT IF EXISTS FK_GridViewColumnDefinitions_LanguageLabelId
ALTER TABLE SUserInterface.GridViewColumnDefinitions
  DROP CONSTRAINT IF EXISTS FK_GridViewColumnDefinitions_RowStatus
GO

IF @@ERROR<>0 OR @@TRANCOUNT=0 BEGIN IF @@TRANCOUNT>0 ROLLBACK SET NOEXEC ON END

--
-- Dropping constraints from [SUserInterface].[GridViewDefinitions]
--
ALTER TABLE SUserInterface.GridViewDefinitions
  DROP CONSTRAINT IF EXISTS FK_GridViewDefinition_GridDefinition
ALTER TABLE SUserInterface.GridViewDefinitions
  DROP CONSTRAINT IF EXISTS FK_GridViewDefinitions_DataObjects
ALTER TABLE SUserInterface.GridViewDefinitions
  DROP CONSTRAINT IF EXISTS FK_GridViewDefinitions_DrawerIconId
ALTER TABLE SUserInterface.GridViewDefinitions
  DROP CONSTRAINT IF EXISTS FK_GridViewDefinitions_EntityTypes
ALTER TABLE SUserInterface.GridViewDefinitions
  DROP CONSTRAINT IF EXISTS FK_GridViewDefinitions_LanguageLabelId
ALTER TABLE SUserInterface.GridViewDefinitions
  DROP CONSTRAINT IF EXISTS FK_GridViewDefinitions_MetricTypes
ALTER TABLE SUserInterface.GridViewDefinitions
  DROP CONSTRAINT IF EXISTS FK_GridViewDefinitions_RowStatus
GO

IF @@ERROR<>0 OR @@TRANCOUNT=0 BEGIN IF @@TRANCOUNT>0 ROLLBACK SET NOEXEC ON END

--
-- Dropping constraints from [SCore].[EntityPropertyActions]
--
ALTER TABLE SCore.EntityPropertyActions
  DROP CONSTRAINT IF EXISTS FK_EntityPropertyActions_EntityProperties
GO

IF @@ERROR<>0 OR @@TRANCOUNT=0 BEGIN IF @@TRANCOUNT>0 ROLLBACK SET NOEXEC ON END

--
-- Dropping constraints from [SCore].[EntityPropertyDependants]
--
ALTER TABLE SCore.EntityPropertyDependants
  DROP CONSTRAINT IF EXISTS FK_EntityPropertyDependants_EntityProperties
GO

IF @@ERROR<>0 OR @@TRANCOUNT=0 BEGIN IF @@TRANCOUNT>0 ROLLBACK SET NOEXEC ON END

--
-- Dropping constraints from [SCore].[MergeDocumentItemIncludes]
--
ALTER TABLE SCore.MergeDocumentItemIncludes
  DROP CONSTRAINT IF EXISTS FK_MergeDocumentItemIncludes_EntityProperties
GO

IF @@ERROR<>0 OR @@TRANCOUNT=0 BEGIN IF @@TRANCOUNT>0 ROLLBACK SET NOEXEC ON END

--
-- Dropping constraints from [SCore].[RecordHistory]
--
ALTER TABLE SCore.RecordHistory
  DROP CONSTRAINT IF EXISTS FK_RecordHistory_EntityPropertyID
GO

IF @@ERROR<>0 OR @@TRANCOUNT=0 BEGIN IF @@TRANCOUNT>0 ROLLBACK SET NOEXEC ON END

--
-- Dropping constraints from [SCore].[SynchronisationErrors]
--
ALTER TABLE SCore.SynchronisationErrors
  DROP CONSTRAINT IF EXISTS FK_SychronisationErrors_EntityPropertyID
GO

IF @@ERROR<>0 OR @@TRANCOUNT=0 BEGIN IF @@TRANCOUNT>0 ROLLBACK SET NOEXEC ON END

--
-- Dropping constraints from [SUserInterface].[ActionMenuItems]
--
ALTER TABLE SUserInterface.ActionMenuItems
  DROP CONSTRAINT IF EXISTS FK_ActionMenuItems_EntityQueries
GO

IF @@ERROR<>0 OR @@TRANCOUNT=0 BEGIN IF @@TRANCOUNT>0 ROLLBACK SET NOEXEC ON END

--
-- Dropping constraints from [SUserInterface].[GridViewActions]
--
ALTER TABLE SUserInterface.GridViewActions
  DROP CONSTRAINT IF EXISTS FK_GridViewActions_EntityQueries
GO

IF @@ERROR<>0 OR @@TRANCOUNT=0 BEGIN IF @@TRANCOUNT>0 ROLLBACK SET NOEXEC ON END

--
-- Dropping constraints from [SUserInterface].[GridViewWidgetQueries]
--
ALTER TABLE SUserInterface.GridViewWidgetQueries
  DROP CONSTRAINT IF EXISTS FK_GridViewWidgetQueries_EntityQueries
GO

IF @@ERROR<>0 OR @@TRANCOUNT=0 BEGIN IF @@TRANCOUNT>0 ROLLBACK SET NOEXEC ON END

--
-- Dropping constraints from [SCore].[DataObjects]
--
ALTER TABLE SCore.DataObjects
  DROP CONSTRAINT IF EXISTS FK_DataObjects_EntityTypes
GO

IF @@ERROR<>0 OR @@TRANCOUNT=0 BEGIN IF @@TRANCOUNT>0 ROLLBACK SET NOEXEC ON END

--
-- Dropping constraints from [SCore].[EntityPropertyGroups]
--
ALTER TABLE SCore.EntityPropertyGroups
  DROP CONSTRAINT IF EXISTS FK_EntityPropertyGroups_EntityTypes
GO

IF @@ERROR<>0 OR @@TRANCOUNT=0 BEGIN IF @@TRANCOUNT>0 ROLLBACK SET NOEXEC ON END

--
-- Dropping constraints from [SCore].[MergeDocumentItems]
--
ALTER TABLE SCore.MergeDocumentItems
  DROP CONSTRAINT IF EXISTS FK_MergeDocumentItems_EntityTypes
GO

IF @@ERROR<>0 OR @@TRANCOUNT=0 BEGIN IF @@TRANCOUNT>0 ROLLBACK SET NOEXEC ON END

--
-- Dropping constraints from [SCore].[MergeDocuments]
--
ALTER TABLE SCore.MergeDocuments
  DROP CONSTRAINT IF EXISTS FK_MergeDocuments_EntityTypes
GO

IF @@ERROR<>0 OR @@TRANCOUNT=0 BEGIN IF @@TRANCOUNT>0 ROLLBACK SET NOEXEC ON END

--
-- Dropping constraints from [SCore].[MergeDocumentTables]
--
ALTER TABLE SCore.MergeDocumentTables
  DROP CONSTRAINT IF EXISTS FK_MergeDocumentTables_EntityTypes
GO

IF @@ERROR<>0 OR @@TRANCOUNT=0 BEGIN IF @@TRANCOUNT>0 ROLLBACK SET NOEXEC ON END

--
-- Dropping constraints from [SCore].[RecentItems]
--
ALTER TABLE SCore.RecentItems
  DROP CONSTRAINT IF EXISTS FK_RecentItems_EntityTypes
GO

IF @@ERROR<>0 OR @@TRANCOUNT=0 BEGIN IF @@TRANCOUNT>0 ROLLBACK SET NOEXEC ON END

--
-- Dropping constraints from [SCore].[SharepointEntityStructure]
--
ALTER TABLE SCore.SharepointEntityStructure
  DROP CONSTRAINT IF EXISTS FK_SharepointEntityStructure_EntityTypes
GO

IF @@ERROR<>0 OR @@TRANCOUNT=0 BEGIN IF @@TRANCOUNT>0 ROLLBACK SET NOEXEC ON END

--
-- Dropping constraints from [SUserInterface].[WidgetDashboards]
--
ALTER TABLE SUserInterface.WidgetDashboards
  DROP CONSTRAINT IF EXISTS FK_WidgetDashboards_EntityTypes
GO

IF @@ERROR<>0 OR @@TRANCOUNT=0 BEGIN IF @@TRANCOUNT>0 ROLLBACK SET NOEXEC ON END

--
-- Dropping constraints from [SUserInterface].[MainMenuItems]
--
ALTER TABLE SUserInterface.MainMenuItems
  DROP CONSTRAINT IF EXISTS FK_MainMenuItems_LanguageLabelId
GO

IF @@ERROR<>0 OR @@TRANCOUNT=0 BEGIN IF @@TRANCOUNT>0 ROLLBACK SET NOEXEC ON END

--
-- Inserting data into table [SCore].[EntityHobts]
--
SET IDENTITY_INSERT SCore.EntityHobts ON
GO

IF @@ERROR<>0 OR @@TRANCOUNT=0 BEGIN IF @@TRANCOUNT>0 ROLLBACK SET NOEXEC ON END
INSERT SCore.EntityHobts(ID, RowStatus, Guid, SchemaName, ObjectName, EntityTypeID, ObjectType, IsMainHoBT, IsReadOnlyOffline) VALUES (134, 1, '453eab89-e707-490d-9f43-c2b879439ab2', N'SCore', N'NonActivityEvents', 177, 'U', 1, 0)
GO
SET IDENTITY_INSERT SCore.EntityHobts OFF
GO

IF @@ERROR<>0 OR @@TRANCOUNT=0 BEGIN IF @@TRANCOUNT>0 ROLLBACK SET NOEXEC ON END

--
-- Reseed identity on SCore.EntityHobts
--
DBCC CHECKIDENT('SCore.EntityHobts', RESEED, 134)
GO

IF @@ERROR<>0 OR @@TRANCOUNT=0 BEGIN IF @@TRANCOUNT>0 ROLLBACK SET NOEXEC ON END

--
-- Updating data of table [SCore].[EntityProperties]
--
UPDATE SCore.EntityProperties SET SqlDefaultValueStatement = N'SELECT CONVERT(BIT, 1)' WHERE ID = 179
UPDATE SCore.EntityProperties SET SqlDefaultValueStatement = N'SELECT	p.Guid
FROM	SSop.Projects AS p 
WHERE	(p.Guid = ''[[ParentGuid]]'')
UNION ALL 
SELECT	p.Guid
FROM	SSop.Projects AS p 
JOIN	SJob.Jobs AS j ON (j.ProjectId = p.ID)
WHERE	(j.Guid = ''[[ParentGuid]]'')
UNION ALL 
SELECT	p.Guid
FROM	SSop.Projects AS p 
JOIN	SSop.Enquiries AS e ON (e.ProjectId = p.ID)
WHERE	(e.Guid = ''[[ParentGuid]]'')
UNION ALL 
SELECT	p.Guid
FROM	SSop.Projects AS p 
JOIN	SSop.Quotes AS q ON (q.ProjectId = p.ID)
WHERE	(q.Guid = ''[[ParentGuid]]'')' WHERE ID = 1819
UPDATE SCore.EntityProperties SET SqlDefaultValueStatement = N'SELECT	p.Guid
FROM	SSop.Projects AS p 
WHERE	(p.Guid = ''[[ParentGuid]]'')
UNION ALL 
SELECT	p.Guid
FROM	SSop.Projects AS p 
JOIN	SJob.Jobs AS j ON (j.ProjectId = p.ID)
WHERE	(j.Guid = ''[[ParentGuid]]'')
UNION ALL 
SELECT	p.Guid
FROM	SSop.Projects AS p 
JOIN	SSop.Enquiries AS e ON (e.ProjectId = p.ID)
WHERE	(e.Guid = ''[[ParentGuid]]'')
UNION ALL 
SELECT	p.Guid
FROM	SSop.Projects AS p 
JOIN	SSop.Quotes AS q ON (q.ProjectId = p.ID)
WHERE	(q.Guid = ''[[ParentGuid]]'')' WHERE ID = 1822

--
-- Inserting data into table [SCore].[EntityProperties]
--
GO

IF @@ERROR<>0 OR @@TRANCOUNT=0 BEGIN IF @@TRANCOUNT>0 ROLLBACK SET NOEXEC ON END
SET IDENTITY_INSERT SCore.EntityProperties ON
GO

IF @@ERROR<>0 OR @@TRANCOUNT=0 BEGIN IF @@TRANCOUNT>0 ROLLBACK SET NOEXEC ON END
INSERT SCore.EntityProperties(ID, RowStatus, Guid, Name, LanguageLabelID, EntityHoBTID, EntityDataTypeID, IsReadOnly, IsImmutable, IsUppercase, IsHidden, IsCompulsory, MaxLength, Precision, Scale, DoNotTrackChanges, EntityPropertyGroupID, SortOrder, GroupSortOrder, IsObjectLabel, DropDownListDefinitionID, IsParentRelationship, IsLongitude, IsLatitude, IsIncludedInformation, FixedDefaultValue, SqlDefaultValueStatement, AllowBulkChange, IsVirtual) VALUES (2063, 1, 'c5bbb995-e005-4117-be9d-743048f830e1', N'ShowOnMobile', 2827, 6, 4, 0, 0, 0, 0, 0, 1, 0, 0, 0, 8, 0, 0, 0, -1, 0, 0, 0, 0, N'', N'', 0, 0)
INSERT SCore.EntityProperties(ID, RowStatus, Guid, Name, LanguageLabelID, EntityHoBTID, EntityDataTypeID, IsReadOnly, IsImmutable, IsUppercase, IsHidden, IsCompulsory, MaxLength, Precision, Scale, DoNotTrackChanges, EntityPropertyGroupID, SortOrder, GroupSortOrder, IsObjectLabel, DropDownListDefinitionID, IsParentRelationship, IsLongitude, IsLatitude, IsIncludedInformation, FixedDefaultValue, SqlDefaultValueStatement, AllowBulkChange, IsVirtual) VALUES (2064, 1, '46994a33-84ca-48af-bda5-102fea855f8c', N'ShowOnMobile', 2827, 12, 4, 0, 0, 0, 0, 0, 1, 0, 0, 0, 30, 0, 0, 0, -1, 0, 0, 0, 0, N'', N'', 0, 0)
INSERT SCore.EntityProperties(ID, RowStatus, Guid, Name, LanguageLabelID, EntityHoBTID, EntityDataTypeID, IsReadOnly, IsImmutable, IsUppercase, IsHidden, IsCompulsory, MaxLength, Precision, Scale, DoNotTrackChanges, EntityPropertyGroupID, SortOrder, GroupSortOrder, IsObjectLabel, DropDownListDefinitionID, IsParentRelationship, IsLongitude, IsLatitude, IsIncludedInformation, FixedDefaultValue, SqlDefaultValueStatement, AllowBulkChange, IsVirtual) VALUES (2083, 1, 'edc5bb2e-91f9-458c-9844-44e1d7f6a740', N'ID', 2850, 134, 2, 1, 0, 0, 1, 0, 4, 10, 0, 1, -1, 0, 0, 0, -1, 0, 0, 0, 0, N'', N'', 0, 0)
INSERT SCore.EntityProperties(ID, RowStatus, Guid, Name, LanguageLabelID, EntityHoBTID, EntityDataTypeID, IsReadOnly, IsImmutable, IsUppercase, IsHidden, IsCompulsory, MaxLength, Precision, Scale, DoNotTrackChanges, EntityPropertyGroupID, SortOrder, GroupSortOrder, IsObjectLabel, DropDownListDefinitionID, IsParentRelationship, IsLongitude, IsLatitude, IsIncludedInformation, FixedDefaultValue, SqlDefaultValueStatement, AllowBulkChange, IsVirtual) VALUES (2084, 1, '9dab1bbf-3324-4e71-9b65-43c65541750d', N'EventName', 2851, 134, 1, 0, 0, 0, 0, 0, 100, 0, 0, 0, -1, 0, 0, 0, -1, 0, 0, 0, 0, N'', N'', 0, 0)
INSERT SCore.EntityProperties(ID, RowStatus, Guid, Name, LanguageLabelID, EntityHoBTID, EntityDataTypeID, IsReadOnly, IsImmutable, IsUppercase, IsHidden, IsCompulsory, MaxLength, Precision, Scale, DoNotTrackChanges, EntityPropertyGroupID, SortOrder, GroupSortOrder, IsObjectLabel, DropDownListDefinitionID, IsParentRelationship, IsLongitude, IsLatitude, IsIncludedInformation, FixedDefaultValue, SqlDefaultValueStatement, AllowBulkChange, IsVirtual) VALUES (2085, 1, 'f7f70fe8-ccb0-470b-b22c-564bbeb8feff', N'StartTime', 2852, 134, 10, 0, 0, 0, 0, 0, 3, 10, 0, 0, -1, 1, 0, 0, -1, 0, 0, 0, 0, N'', N'', 0, 0)
INSERT SCore.EntityProperties(ID, RowStatus, Guid, Name, LanguageLabelID, EntityHoBTID, EntityDataTypeID, IsReadOnly, IsImmutable, IsUppercase, IsHidden, IsCompulsory, MaxLength, Precision, Scale, DoNotTrackChanges, EntityPropertyGroupID, SortOrder, GroupSortOrder, IsObjectLabel, DropDownListDefinitionID, IsParentRelationship, IsLongitude, IsLatitude, IsIncludedInformation, FixedDefaultValue, SqlDefaultValueStatement, AllowBulkChange, IsVirtual) VALUES (2086, 1, '15aa2b43-a942-4405-a0ce-64f375aa3565', N'EndTime', 2853, 134, 10, 0, 0, 0, 0, 0, 3, 10, 0, 0, -1, 2, 0, 0, -1, 0, 0, 0, 0, N'', N'', 0, 0)
INSERT SCore.EntityProperties(ID, RowStatus, Guid, Name, LanguageLabelID, EntityHoBTID, EntityDataTypeID, IsReadOnly, IsImmutable, IsUppercase, IsHidden, IsCompulsory, MaxLength, Precision, Scale, DoNotTrackChanges, EntityPropertyGroupID, SortOrder, GroupSortOrder, IsObjectLabel, DropDownListDefinitionID, IsParentRelationship, IsLongitude, IsLatitude, IsIncludedInformation, FixedDefaultValue, SqlDefaultValueStatement, AllowBulkChange, IsVirtual) VALUES (2087, 1, 'b138a1b2-4a0e-4aa4-8767-9c0c7ad5bf3e', N'TeamId', 2854, 134, 7, 0, 0, 0, 0, 0, 2, 5, 0, 0, -1, 0, 0, 0, -1, 0, 0, 0, 0, N'', N'', 0, 0)
INSERT SCore.EntityProperties(ID, RowStatus, Guid, Name, LanguageLabelID, EntityHoBTID, EntityDataTypeID, IsReadOnly, IsImmutable, IsUppercase, IsHidden, IsCompulsory, MaxLength, Precision, Scale, DoNotTrackChanges, EntityPropertyGroupID, SortOrder, GroupSortOrder, IsObjectLabel, DropDownListDefinitionID, IsParentRelationship, IsLongitude, IsLatitude, IsIncludedInformation, FixedDefaultValue, SqlDefaultValueStatement, AllowBulkChange, IsVirtual) VALUES (2088, 1, '3f36e529-2e57-46a8-b36e-cf7512ecc683', N'MemberId', 2855, 134, 7, 0, 0, 0, 0, 0, 2, 5, 0, 0, -1, 0, 0, 0, -1, 0, 0, 0, 0, N'', N'', 0, 0)
INSERT SCore.EntityProperties(ID, RowStatus, Guid, Name, LanguageLabelID, EntityHoBTID, EntityDataTypeID, IsReadOnly, IsImmutable, IsUppercase, IsHidden, IsCompulsory, MaxLength, Precision, Scale, DoNotTrackChanges, EntityPropertyGroupID, SortOrder, GroupSortOrder, IsObjectLabel, DropDownListDefinitionID, IsParentRelationship, IsLongitude, IsLatitude, IsIncludedInformation, FixedDefaultValue, SqlDefaultValueStatement, AllowBulkChange, IsVirtual) VALUES (2089, 1, 'd8fb096a-890f-4b47-be28-c2a8e618b2a9', N'Guid', 2856, 134, 6, 1, 0, 0, 1, 0, 16, 0, 0, 1, -1, 0, 0, 0, -1, 0, 0, 0, 0, N'', N'', 0, 0)
INSERT SCore.EntityProperties(ID, RowStatus, Guid, Name, LanguageLabelID, EntityHoBTID, EntityDataTypeID, IsReadOnly, IsImmutable, IsUppercase, IsHidden, IsCompulsory, MaxLength, Precision, Scale, DoNotTrackChanges, EntityPropertyGroupID, SortOrder, GroupSortOrder, IsObjectLabel, DropDownListDefinitionID, IsParentRelationship, IsLongitude, IsLatitude, IsIncludedInformation, FixedDefaultValue, SqlDefaultValueStatement, AllowBulkChange, IsVirtual) VALUES (2090, 1, 'c3e14d74-62cb-4b1d-9eb9-f1da4911ccb0', N'RowStatus', 2857, 134, 8, 0, 0, 0, 1, 0, 1, 3, 0, 0, -1, 0, 0, 0, -1, 0, 0, 0, 0, N'', N'', 0, 0)
INSERT SCore.EntityProperties(ID, RowStatus, Guid, Name, LanguageLabelID, EntityHoBTID, EntityDataTypeID, IsReadOnly, IsImmutable, IsUppercase, IsHidden, IsCompulsory, MaxLength, Precision, Scale, DoNotTrackChanges, EntityPropertyGroupID, SortOrder, GroupSortOrder, IsObjectLabel, DropDownListDefinitionID, IsParentRelationship, IsLongitude, IsLatitude, IsIncludedInformation, FixedDefaultValue, SqlDefaultValueStatement, AllowBulkChange, IsVirtual) VALUES (2091, 1, '88f83399-2299-4383-bac4-4918377280cf', N'RowVersion', 2858, 134, 9, 1, 0, 0, 1, 0, 8, 0, 0, 1, -1, 0, 0, 0, -1, 0, 0, 0, 0, N'', N'', 0, 0)
INSERT SCore.EntityProperties(ID, RowStatus, Guid, Name, LanguageLabelID, EntityHoBTID, EntityDataTypeID, IsReadOnly, IsImmutable, IsUppercase, IsHidden, IsCompulsory, MaxLength, Precision, Scale, DoNotTrackChanges, EntityPropertyGroupID, SortOrder, GroupSortOrder, IsObjectLabel, DropDownListDefinitionID, IsParentRelationship, IsLongitude, IsLatitude, IsIncludedInformation, FixedDefaultValue, SqlDefaultValueStatement, AllowBulkChange, IsVirtual) VALUES (2093, 1, 'fa4c705a-5c39-4bc8-bbd1-f8cc7a581f9f', N'ShowOnMobile', 2827, 14, 4, 0, 0, 0, 0, 0, 0, 0, 0, 0, -1, 0, 0, 0, -1, 0, 0, 0, 0, N'', N'', 0, 0)
INSERT SCore.EntityProperties(ID, RowStatus, Guid, Name, LanguageLabelID, EntityHoBTID, EntityDataTypeID, IsReadOnly, IsImmutable, IsUppercase, IsHidden, IsCompulsory, MaxLength, Precision, Scale, DoNotTrackChanges, EntityPropertyGroupID, SortOrder, GroupSortOrder, IsObjectLabel, DropDownListDefinitionID, IsParentRelationship, IsLongitude, IsLatitude, IsIncludedInformation, FixedDefaultValue, SqlDefaultValueStatement, AllowBulkChange, IsVirtual) VALUES (2094, 1, '8c4d95e4-d4ab-4c1e-b4d7-fa5af9e0849b', N'IsAlwaysVisibleInGroup', 2860, 6, 4, 0, 0, 0, 0, 0, 0, 0, 0, 0, 8, 0, 0, 0, -1, 0, 0, 0, 0, N'', N'', 0, 0)
INSERT SCore.EntityProperties(ID, RowStatus, Guid, Name, LanguageLabelID, EntityHoBTID, EntityDataTypeID, IsReadOnly, IsImmutable, IsUppercase, IsHidden, IsCompulsory, MaxLength, Precision, Scale, DoNotTrackChanges, EntityPropertyGroupID, SortOrder, GroupSortOrder, IsObjectLabel, DropDownListDefinitionID, IsParentRelationship, IsLongitude, IsLatitude, IsIncludedInformation, FixedDefaultValue, SqlDefaultValueStatement, AllowBulkChange, IsVirtual) VALUES (2095, 1, '17c2f5c1-2675-4d3a-89aa-b84e8b0236b6', N'IsAlwaysVisibleInGroup_Mobile', 2861, 6, 4, 0, 0, 0, 0, 0, 0, 0, 0, 0, 8, 0, 0, 0, -1, 0, 0, 0, 0, N'', N'', 0, 0)
INSERT SCore.EntityProperties(ID, RowStatus, Guid, Name, LanguageLabelID, EntityHoBTID, EntityDataTypeID, IsReadOnly, IsImmutable, IsUppercase, IsHidden, IsCompulsory, MaxLength, Precision, Scale, DoNotTrackChanges, EntityPropertyGroupID, SortOrder, GroupSortOrder, IsObjectLabel, DropDownListDefinitionID, IsParentRelationship, IsLongitude, IsLatitude, IsIncludedInformation, FixedDefaultValue, SqlDefaultValueStatement, AllowBulkChange, IsVirtual) VALUES (2096, 1, 'cd92bf37-e6b4-48a8-b47a-9260429dc5ba', N'IsCollapsable', 2865, 14, 4, 0, 0, 0, 0, 0, 0, 0, 0, 0, -1, 0, 0, 0, -1, 0, 0, 0, 0, N'', N'', 0, 0)
INSERT SCore.EntityProperties(ID, RowStatus, Guid, Name, LanguageLabelID, EntityHoBTID, EntityDataTypeID, IsReadOnly, IsImmutable, IsUppercase, IsHidden, IsCompulsory, MaxLength, Precision, Scale, DoNotTrackChanges, EntityPropertyGroupID, SortOrder, GroupSortOrder, IsObjectLabel, DropDownListDefinitionID, IsParentRelationship, IsLongitude, IsLatitude, IsIncludedInformation, FixedDefaultValue, SqlDefaultValueStatement, AllowBulkChange, IsVirtual) VALUES (2097, 1, '87ebdd60-a233-43bb-9f71-bb2bfc1fc575', N'IsDefaultCollapsed', 2863, 14, 4, 0, 0, 0, 0, 0, 0, 0, 0, 0, -1, 0, 0, 0, -1, 0, 0, 0, 0, N'', N'', 0, 0)
INSERT SCore.EntityProperties(ID, RowStatus, Guid, Name, LanguageLabelID, EntityHoBTID, EntityDataTypeID, IsReadOnly, IsImmutable, IsUppercase, IsHidden, IsCompulsory, MaxLength, Precision, Scale, DoNotTrackChanges, EntityPropertyGroupID, SortOrder, GroupSortOrder, IsObjectLabel, DropDownListDefinitionID, IsParentRelationship, IsLongitude, IsLatitude, IsIncludedInformation, FixedDefaultValue, SqlDefaultValueStatement, AllowBulkChange, IsVirtual) VALUES (2098, 1, '8d73ee6a-c7dd-4ef9-abf6-a8df19752b0f', N'IsDefaultCollapsed_Mobile', 2864, 14, 4, 0, 0, 0, 0, 0, 0, 0, 0, 0, -1, 0, 0, 0, -1, 0, 0, 0, 0, N'', N'', 0, 0)
GO
SET IDENTITY_INSERT SCore.EntityProperties OFF
GO

IF @@ERROR<>0 OR @@TRANCOUNT=0 BEGIN IF @@TRANCOUNT>0 ROLLBACK SET NOEXEC ON END

--
-- Reseed identity on SCore.EntityProperties
--
DBCC CHECKIDENT('SCore.EntityProperties', RESEED, 2098)
GO

IF @@ERROR<>0 OR @@TRANCOUNT=0 BEGIN IF @@TRANCOUNT>0 ROLLBACK SET NOEXEC ON END

--
-- Updating data of table [SCore].[EntityQueries]
--
UPDATE SCore.EntityQueries SET Statement = N'EXEC [SCore].[EntityPropertyUpsert]  
	@Name = @Name, 
	@RowStatus = @RowStatus, 
	@LanguageLabelGuid = @LanguageLabelGuid, 
	@EntityHobtGuid = @EntityHobtGuid, 
	@EntityDataTypeGuid = @EntityDataTypeGuid, 
	@IsReadOnly = @IsReadOnly, 
	@IsImmutable = @IsImmutable, 
	@IsUppercase = @IsUppercase, 
	@IsHidden = @IsHidden, 
	@IsCompulsory = @IsCompulsory, 
	@MaxLength = @MaxLength, 
	@Precision = @Precision, 
	@Scale = @Scale, 
	@DoNotTrackChanges = @DoNotTrackChanges, 
	@EntityPropertyGroupGuid = @EntityPropertyGroupGuid, 
	@SortOrder = @SortOrder, 
	@GroupSortOrder = @GroupSortOrder, 
	@IsObjectLabel = @IsObjectLabel, 
	@DropDownListDefinitionGuid = @DropDownListDefinitionGuid, 
	@IsParentRelationship = @IsParentRelationship, 
	@IsIncludedInformation = @IsIncludedInformation, 
	@IsLatitude = @IsLatitude, 
	@IsLongitude = @IsLongitude, 
	@FixDefaultValue = @FixDefaultValue, 
	@SqlDefaultValueStatement = @SqlDefaultValueStatement, 
	@AllowBulkChange = @AllowBulkChange, 
	@IsVirtual = @IsVirtual, 
	@Guid = @Guid,
        @ShowOnMobile = @ShowOnMobile,
        @IsAlwaysVisibleInGroup = @IsAlwaysVisibleInGroup,
        @IsAlwaysVisibleInGroup_Mobile = @IsAlwaysVisibleInGroup_Mobile', IsManualStatement = 1 WHERE ID = 4
UPDATE SCore.EntityQueries SET Statement = N'SELECT 
	root_hobt.AllowBulkChange,
	root_hobt.DoNotTrackChanges,
	[C44B8A2A-8C24-41F0-B85E-E163A4D8E555].Guid AS DropDownListDefinitionID,
	[59E622E7-EDA9-4DB3-A4D5-9439D80D26C1].Guid AS EntityDataTypeID,
	[77B88FCE-FCC3-4C92-94E6-CC61249845C3].Guid AS EntityHoBTID,
	[216CAEF2-7139-41F2-8C27-D5B9B4517B1A].Guid AS EntityPropertyGroupID,
	root_hobt.FixedDefaultValue,
	root_hobt.GroupSortOrder,
	root_hobt.Guid,
	root_hobt.ID,
	root_hobt.IsCompulsory,
        root_hobt.ShowOnMobile,
	root_hobt.IsHidden,
	root_hobt.IsImmutable,
	root_hobt.IsIncludedInformation,
	root_hobt.IsLatitude,
	root_hobt.IsLongitude,
	root_hobt.IsObjectLabel,
	root_hobt.IsParentRelationship,
	root_hobt.IsReadOnly,
	root_hobt.IsUppercase,
	root_hobt.IsVirtual,
	[E1D97654-B776-4BB6-A913-3A5B2E250685].Guid AS LanguageLabelID,
	root_hobt.MaxLength,
	root_hobt.Name,
	root_hobt.Precision,
	root_hobt.RowStatus,
	root_hobt.RowVersion,
	root_hobt.Scale,
	root_hobt.SortOrder,
	root_hobt.SqlDefaultValueStatement,
        root_hobt.IsAlwaysVisibleInGroup,
        root_hobt.IsAlwaysVisibleInGroup_Mobile
FROM SCore.EntityProperties AS root_hobt 
JOIN SCore.LanguageLabels AS [E1D97654-B776-4BB6-A913-3A5B2E250685] ON ([E1D97654-B776-4BB6-A913-3A5B2E250685].ID = root_hobt.LanguageLabelID) 
 JOIN SCore.EntityHobts AS [77B88FCE-FCC3-4C92-94E6-CC61249845C3] ON ([77B88FCE-FCC3-4C92-94E6-CC61249845C3].ID = root_hobt.EntityHoBTID) 
 JOIN SCore.EntityDataTypes AS [59E622E7-EDA9-4DB3-A4D5-9439D80D26C1] ON ([59E622E7-EDA9-4DB3-A4D5-9439D80D26C1].ID = root_hobt.EntityDataTypeID) 
 JOIN SCore.EntityPropertyGroups AS [216CAEF2-7139-41F2-8C27-D5B9B4517B1A] ON ([216CAEF2-7139-41F2-8C27-D5B9B4517B1A].ID = root_hobt.EntityPropertyGroupID) 
 JOIN SUserInterface.DropDownListDefinitions AS [C44B8A2A-8C24-41F0-B85E-E163A4D8E555] ON ([C44B8A2A-8C24-41F0-B85E-E163A4D8E555].ID = root_hobt.DropDownListDefinitionID) 
', IsManualStatement = 1 WHERE ID = 7
UPDATE SCore.EntityQueries SET Statement = N'SELECT	root_hobt.ID,
		root_hobt.RowStatus,
		root_hobt.RowVersion,
		root_hobt.Guid, 
		root_hobt.Code, 
		root_hobt.NameColumn,
		root_hobt.ValueColumn,
		root_hobt.SqlQuery,
		root_hobt.DefaultSortColumnName, 
		root_hobt.IsDefaultColumn,
		root_hobt.DetailPageUrl,
		root_hobt.IsDetailWindowed,
        root_hobt.InformationPageUrl, 
        root_hobt.GroupColumn,
		root_hobt.ColourHexColumn,
		et.Guid as EntityTypeId
FROM	SUserInterface.DropDownListDefinitions root_hobt
JOIN	SCore.EntityTypes et ON (et.ID = root_hobt.EntityTypeId)' WHERE ID = 14
UPDATE SCore.EntityQueries SET Statement = N'SELECT
        root_hobt.ID,
        root_hobt.Guid,
        root_hobt.RowStatus,
        root_hobt.RowVersion,
        root_hobt.Code,
        gd.Guid AS GridDefinitionId,
        root_hobt.DetailPageUri,
        root_hobt.SqlQuery,
        root_hobt.DefaultSortColumnName,
        root_hobt.SecurableCode,
        root_hobt.DisplayOrder,
        root_hobt.DisplayGroupName,
        root_hobt.MetricSqlQuery,
        root_hobt.ShowMetric,
        root_hobt.IsDetailWindowed,
        et.Guid AS EntityTypeID,
        mt.Guid AS MetricTypeID,
        root_hobt.MetricMin,
        root_hobt.MetricMax,
        root_hobt.MetricMinorUnit,
        root_hobt.MetricMajorUnit,
        root_hobt.MetricStartAngle,
        root_hobt.MetricEndAngle,
        root_hobt.MetricReversed,
        root_hobt.MetricRange1Min,
        root_hobt.MetricRange1Max,
        root_hobt.MetricRange1ColourHex,
        root_hobt.MetricRange2Min,
        root_hobt.MetricRange2Max,
        root_hobt.MetricRange2ColourHex,
        root_hobt.IsDefaultSortDescending,
        root_hobt.AllowBulkChange,
        root_hobt.AllowNew,
        root_hobt.AllowExcelExport,
        root_hobt.AllowPdfExport,
        root_hobt.AllowCsvExport,
        ll.Guid AS LanguageLabelID,
        i.Guid AS DrawerIconId,
		gvt.Guid AS GridViewTypeId,
        root_hobt.ShowOnMobile

FROM
        SUserInterface.GridViewDefinitions AS root_hobt
JOIN
        SCore.EntityTypes AS et ON (et.ID = root_hobt.EntityTypeID)
JOIN	
		SUserInterface.GridViewTypes gvt ON (gvt.ID = root_hobt.GridViewTypeId)
JOIN
        SUserInterface.MetricTypes AS mt ON (mt.ID = root_hobt.MetricTypeID)
JOIN
        SUserInterface.GridDefinitions AS gd ON (gd.ID = root_hobt.GridDefinitionId)
JOIN
        SCore.LanguageLabels ll ON (root_hobt.LanguageLabelID = ll.ID)
JOIN
        SUserInterface.Icons i ON (root_hobt.DrawerIconId = i.ID)' WHERE ID = 16
UPDATE SCore.EntityQueries SET Statement = N'SELECT
        root_hobt.ID,
        root_hobt.RowStatus,
        root_hobt.RowVersion,
        root_hobt.Guid,
        root_hobt.Name,
        root_hobt.ColumnOrder,
        root_hobt.IsPrimaryKey,
        root_hobt.IsHidden,
        root_hobt.IsFiltered,
        root_hobt.IsCombo,
        root_hobt.IsLongitude,
        root_hobt.IsLatitude,
        root_hobt.DisplayFormat,
        root_hobt.Width,
        ll.Guid AS LanguageLabelId,
        gvd.Guid AS GridViewDefinitionId,
        root_hobt.TopHeaderCategory,
       root_hobt.TopHeaderCategoryOrder
FROM
        SUserInterface.GridViewColumnDefinitions root_hobt
JOIN
        SUserInterface.GridViewDefinitions gvd ON (gvd.ID = root_hobt.GridViewDefinitionId) 
JOIN    SCore.LanguageLabels ll on (root_hobt.LanguageLabelId = ll.ID)' WHERE ID = 17
UPDATE SCore.EntityQueries SET Statement = N'EXEC [SUserInterface].[GridViewDefinitionUpsert]  
	@Code = @Code, 
	@RowStatus = @RowStatus, 
	@GridDefinitionGuid = @GridDefinitionGuid, 
	@DetailPageUri = @DetailPageUri, 
	@SqlQuery = @SqlQuery, 
	@DefaultSortColumnName = @DefaultSortColumnName, 
	@SecurableCode = @SecurableCode, 
	@DisplayOrder = @DisplayOrder, 
	@DisplayGroupName = @DisplayGroupName, 
	@MetricSqlQuery = @MetricSqlQuery, 
	@ShowMetric = @ShowMetric, 
	@IsDetailWindowed = @IsDetailWindowed, 
	@EntityTypeGuid = @EntityTypeGuid, 
	@MetricTypeGuid = @MetricTypeGuid, 
	@MetricMin = @MetricMin, 
	@MetricMax = @MetricMax, 
	@MetricMinorUnit = @MetricMinorUnit, 
	@MetricMajorUnit = @MetricMajorUnit, 
	@MetricStartAngle = @MetricStartAngle, 
	@MetricEndAngle = @MetricEndAngle, 
	@MetricReversed = @MetricReversed, 
	@MetricRange1Min = @MetricRange1Min, 
	@MetricRange1Max = @MetricRange1Max, 
	@MetricRange1ColourHex = @MetricRange1ColourHex, 
	@MetricRange2Min = @MetricRange2Min, 
	@MetricRange2Max = @MetricRange2Max, 
	@MetricRange2ColourHex = @MetricRange2ColourHex, 
	@IsDefaultSortDescending = @IsDefaultSortDescending, 
	@AllowNew = @AllowNew, 
	@AllowExcelExport = @AllowExcelExport, 
	@AllowPdfExport = @AllowPdfExport, 
	@AllowCsvExport = @AllowCsvExport, 
	@LanguageLabelGuid = @LanguageLabelGuid, 
	@DrawerIconGuid = @DrawerIconGuid, 
	@GridViewTypeGuid = @GridViewTypeGuid, 
	@AllowBulkChange = @AllowBulkChange, 
	@Guid = @Guid,
        @ShowOnMobile = @ShowOnMobile', IsManualStatement = 1 WHERE ID = 19
UPDATE SCore.EntityQueries SET Statement = N'EXEC [SUserInterface].[GridViewColumnDefinitionUpsert]
  @Name                   = @Name,
  @RowStatus              = @RowStatus,
  @GridViewDefinitionGuid = @GridViewDefinitionGuid,
  @ColumnOrder            = @ColumnOrder,
  @IsPrimaryKey           = @IsPrimaryKey,
  @IsHidden               = @IsHidden,
  @IsFiltered             = @IsFiltered,
  @IsCombo                = @IsCombo,
  @DisplayFormat          = @DisplayFormat,
  @Width                  = @Width,
  @LanguageLabelGuid      = @LanguageLabelGuid,
  @Guid                   = @Guid,
 @TopHeaderCategory = @TopHeaderCategory,
@TopHeaderCategoryOrder = @TopHeaderCategoryOrder' WHERE ID = 20
UPDATE SCore.EntityQueries SET Statement = N'EXEC SUserInterface.DropDownListDefinitionUpsert @Code = @Code,
												 @NameColumn = @NameColumn,
												 @ValueColumn = @ValueColumn,
												 @SqlQuery = @SqlQuery,
												 @DefaultSortColumnName = @DefaultSortColumnName,
												 @IsDefaultColumn = @IsDefaultColumn,
												 @DetailPageURI = @DetailPageURI,
												 @IsDetailWindowed = @IsDetailWindowed, 
												 @EntityTypeGuid = @EntityTypeGuid,
 												 @InformationPageUri = @InformationPageUri,  
                                                                                                 @GroupColumn = @GroupColumn,
												 @Guid = @Guid,
                                                                                                 @ColourHexColumn = @ColourHexColumn;' WHERE ID = 21
UPDATE SCore.EntityQueries SET Statement = N'SELECT  root_hobt.ID,
        root_hobt.RowStatus,
        root_hobt.RowVersion,
        root_hobt.Guid,
        root_hobt.Name, 
        root_hobt.IsHidden,
        root_hobt.SortOrder,
		pgl.Guid AS PropertyGroupLayoutID,
        ll.Guid as LanguageLabelID,
        et.Guid as EntityTypeID,
        ShowOnMobile,
        IsCollapsable,
        IsDefaultCollapsed,
        IsDefaultCollapsed_Mobile
FROM    SCore.EntityPropertyGroups root_hobt
JOIN	SUserInterface.PropertyGroupLayouts pgl ON (pgl.ID = root_hobt.PropertyGroupLayoutID)
JOIN    SCore.LanguageLabels ll on (ll.ID = root_hobt.LanguageLabelID)
JOIN    SCore.EntityTypes et on (et.ID = root_hobt.EntityTypeID)' WHERE ID = 23
UPDATE SCore.EntityQueries SET Statement = N'EXEC [SCore].[EntityPropertyGroupUpsert]
    @Name = @Name,
    @RowStatus = @RowStatus,
    @IsHidden = @IsHidden,
    @SortOrder = @SortOrder,
    @LanguageLabelGuid = @LanguageLabelGuid,
    @EntityTypeGuid = @EntityTypeGuid,
     @PropertyGroupLayoutGuid= @PropertyGroupLayoutGuid,
    @ShowOnMobile = @ShowOnMobile,
    @IsCollapsable = @IsCollapsable,
    @IsDefaultCollapsed = @IsDefaultCollapsed,
    @IsDefaultCollapsed_Mobile = @IsDefaultCollapsed_Mobile,
    @Guid = @Guid OUT
     ' WHERE ID = 24
UPDATE SCore.EntityQueries SET Statement = N'SELECT
        root_hobt.ID,
        root_hobt.RowStatus,
        root_hobt.RowVersion,
        root_hobt.Guid,
        root_hobt.AgreedFee,
        root_hobt.RibaStage1Fee,
        root_hobt.RibaStage2Fee,
        root_hobt.RibaStage3Fee,
        root_hobt.RibaStage4Fee,
        root_hobt.RibaStage5Fee,
        root_hobt.RibaStage6Fee,
        root_hobt.RibaStage7Fee,
        root_hobt.PreConstructionStageFee,
        root_hobt.ConstructionStageFee,
        root_hobt.ArchiveBoxReference,
        root_hobt.ArchiveReferenceLink,
        root_hobt.CreatedOn,
        root_hobt.ExternalReference,
        root_hobt.IsSubjectToNDA,
        root_hobt.JobCancelled,
        root_hobt.JobCompleted,
        root_hobt.JobDescription,
        root_hobt.JobStarted,
		root_hobt.DeadDate,
        root_hobt.Number,
        root_hobt.VersionID,
        root_hobt.IsCompleteForReview,
        root_hobt.ReviewedDateTimeUTC,
        root_hobt.LegacyID,
        root_hobt.AppFormReceived,
        root_hobt.FeeCap,
        root_hobt.JobDormant,
        root_hobt.CurrentRibaStageId,
        root_hobt.JobTypeID,
        root_hobt.SurveyorID,
        root_hobt.CreatedByUserID,
        root_hobt.ClientAccountID,
        root_hobt.ClientAddressID,
        root_hobt.ClientContactID,
        root_hobt.AgentAccountID,
        root_hobt.AgentAddressID,
        root_hobt.AgentContactID,
        root_hobt.FinanceAccountID,
        root_hobt.FinanceAddressID,
        root_hobt.FinanceContactID,
        root_hobt.OrganisationalUnitID,
        root_hobt.QuoteItemID,
        root_hobt.UprnID,
        root_hobt.ValueOfWorkID,
        root_hobt.ReviewedByUserID,
        root_hobt.ContractID,
        root_hobt.PurchaseOrderNumber,
        root_hobt.ProjectId,
        root_hobt.ValueOfWork,
        root_hobt.ClientAppointmentReceived,
	root_hobt.AppointedFromStageId,
        root_hobt.BillingInstruction
FROM
        SJob.Jobs_Read AS root_hobt' WHERE ID = 30
UPDATE SCore.EntityQueries SET Statement = N'SELECT	root_hobt.ID,
		root_hobt.RowStatus,
		root_hobt.RowVersion,
		root_hobt.Guid,
		root_hobt.Name,
		root_hobt.Code,
		root_hobt.IsPurchaseLedger,
		root_hobt.IsSalesLedger,
		root_hobt.IsLocalAuthority,
		root_hobt.IsFireAuthority,
		root_hobt.IsWaterAuthority,
		root_hobt.CompanyRegistrationNumber,
		root_hobt.LegacyID,
		s.Guid	AS AccountStatusID,
		pa.Guid AS ParentAccountID,
		rmi.Guid AS RelationshipManagerUserId,
		ac.Guid AS MainAccountContactId,
		aa.Guid AS MainAccountAddressId,
        root_hobt.BillingInstruction,
		root_hobt.ConcatenatedNameCode
FROM	SCrm.Accounts	   AS root_hobt
JOIN	SCrm.AccountStatus AS s ON (s.ID   = root_hobt.AccountStatusID)
JOIN	SCrm.Accounts	   AS pa ON (pa.ID = root_hobt.ParentAccountID)
JOIN	Score.Identities AS rmi ON (rmi.ID = root_hobt.RelationshipManagerUserId)
JOIN	SCrm.AccountContacts ac ON (ac.ID = root_hobt.MainAccountContactId)
JOIN	SCrm.AccountAddresses aa ON (aa.ID = root_hobt.MainAccountAddressId)' WHERE ID = 39
UPDATE SCore.EntityQueries SET Statement = N'EXEC SCrm.AccountsUpsert @Name = @Name,							-- nvarchar(250)
						 @Code = @Code,							-- nvarchar(10)
						 @AccountStatusGuid = @AccountStatusGuid,				-- uniqueidentifier
						 @ParentAccountGuid = @ParentAccountGuid,				-- uniqueidentifier
						 @IsPurchaseLedger = @IsPurchaseLedger,				-- bit
						 @IsSalesLedger = @IsSalesLedger,					-- bit
						 @IsLocalAuthority = @IsLocalAuthority,				-- bit
						 @IsFireAuthority = @IsFireAuthority,				-- bit
						 @IsWaterAuthority = @IsWaterAuthority,				-- bit
						 @RelationshipManagerUserGuid = @RelationshipManagerUserGuid,	-- uniqueidentifier
						 @CompanyRegistrationNumber = @CompanyRegistrationNumber,		-- nvarchar(50)
						 @MainAccountAddressGuid = @MainAccountAddressGuid,
						 @MainAccountContactGuid = @MainAccountContactGuid,
						 @Guid = @Guid,							-- uniqueidentifier 
                                                  @BillingInstruction = @BillingInstruction' WHERE ID = 45
UPDATE SCore.EntityQueries SET Statement = N'SELECT 
	root_hobt.Guid
,	[DFBC2B7E-9655-44D7-966E-E749E7F702AA].Guid AS JobID
,	[59D35AD9-A62C-417B-AE34-255C0FA2E3D5].Guid AS AccountID
,	root_hobt.RowVersion
,	root_hobt.RowStatus
,	root_hobt.ID
,	[9D0F7D88-097A-43BF-B667-2C58F8E7AAA3].Guid AS ProjectDirectoryRoleID
,	[9A444DB8-F290-4443-BAC6-D77999EA1DD9].Guid AS ContactID
,	[DED3069E-FA1A-4DD6-8EDC-0C2924215B54].Guid AS ProjectID

FROM SJob.ProjectDirectory AS root_hobt 
JOIN SJob.Jobs AS [DFBC2B7E-9655-44D7-966E-E749E7F702AA] ON ([DFBC2B7E-9655-44D7-966E-E749E7F702AA].ID = root_hobt.JobID) 
 JOIN SCrm.Accounts AS [59D35AD9-A62C-417B-AE34-255C0FA2E3D5] ON ([59D35AD9-A62C-417B-AE34-255C0FA2E3D5].ID = root_hobt.AccountID) 
 JOIN SJob.ProjectDirectoryRoles AS [9D0F7D88-097A-43BF-B667-2C58F8E7AAA3] ON ([9D0F7D88-097A-43BF-B667-2C58F8E7AAA3].ID = root_hobt.ProjectDirectoryRoleID) 
 JOIN SCrm.Contacts AS [9A444DB8-F290-4443-BAC6-D77999EA1DD9] ON ([9A444DB8-F290-4443-BAC6-D77999EA1DD9].ID = root_hobt.ContactID) 
 JOIN SSop.Projects AS [DED3069E-FA1A-4DD6-8EDC-0C2924215B54] ON ([DED3069E-FA1A-4DD6-8EDC-0C2924215B54].ID = root_hobt.ProjectID) 
' WHERE ID = 65
UPDATE SCore.EntityQueries SET Statement = N'EXEC [SJob].[JobsUpsert]  
	@OrganisationalUnitGuid = @OrganisationalUnitGuid, 
	@JobTypeGuid = @JobTypeGuid, 
	@UprnGuid = @UprnGuid, 
	@ClientAccountGuid = @ClientAccountGuid, 
	@ClientAddressGuid = @ClientAddressGuid, 
	@ClientContactGuid = @ClientContactGuid, 
	@AgentAccountGuid = @AgentAccountGuid, 
	@AgentAddressGuid = @AgentAddressGuid, 
	@AgentContactGuid = @AgentContactGuid, 
	@FinanceAccountGuid = @FinanceAccountGuid, 
	@FinanceAddressGuid = @FinanceAddressGuid, 
	@FinanceContactGuid = @FinanceContactGuid, 
	@SurveyorGuid = @SurveyorGuid, 
	@JobDescription = @JobDescription, 
	@IsSubjectToNDA = @IsSubjectToNDA, 
	@JobStarted = @JobStarted, 
	@JobCompleted = @JobCompleted, 
	@JobCancelled = @JobCancelled, 
	@ValueOfWorkGuid = @ValueOfWorkGuid, 
	@AgreedFee = @AgreedFee, 
	@RibaStage1Fee = @RibaStage1Fee, 
	@RibaStage2Fee = @RibaStage2Fee, 
	@RibaStage3Fee = @RibaStage3Fee, 
	@RibaStage4Fee = @RibaStage4Fee, 
	@RibaStage5Fee = @RibaStage5Fee, 
	@RibaStage6Fee = @RibaStage6Fee, 
	@RibaStage7Fee = @RibaStage7Fee, 
	@PreConstructionStageFee = @PreConstructionStageFee, 
	@ConstructionStageFee = @ConstructionStageFee, 
	@ArchiveReferenceLink = @ArchiveReferenceLink, 
	@ArchiveBoxReference = @ArchiveBoxReference, 
	@CreatedOn = @CreatedOn, 
	@ExternalReference = @ExternalReference, 
	@IsCompleteForReview = @IsCompleteForReview, 
	@ReviewedByUserGuid = @ReviewedByUserGuid, 
	@ReviewDateTimeUTC = @ReviewDateTimeUTC, 
	@AppFormReceived = @AppFormReceived, 
	@FeeCap = @FeeCap, 
	@CurrentRibaStageGuid = @CurrentRibaStageGuid, 
	@JobDormant = @JobDormant, 
	@PurchaseOrderNumber = @PurchaseOrderNumber, 
	@ContractGuid = @ContractGuid, 
	@ProjectGuid = @ProjectGuid, 
	@ValueOfWork = @ValueOfWork, 
	@ClientAppointmentReceived = @ClientAppointmentReceived, 
	@AppointedFromStageGuid = @AppointedFromStageGuid, 
	@DeadDate = @DeadDate, 
	@Guid = @Guid, 
	@BillingInstruction = @BillingInstruction' WHERE ID = 67
UPDATE SCore.EntityQueries SET Statement = N'SELECT 
	[01FDD623-FA79-43E2-AC7B-FA45BEF7FC73].Guid AS ClientAddressId
,	[04DD32E8-AE80-4F81-BD9A-F646441AFBE4].Guid AS ClientContactId
,	[F530931A-6E91-4BEB-BF2C-4C48B58C07D9].Guid AS ContractID
,	root_hobt.Date
,	root_hobt.Guid
,	root_hobt.ID
,	root_hobt.Number
,	[07C15164-1D8B-452D-9CEC-EEF64056AB52].Guid AS OrganisationalUnitID
,	root_hobt.Overview
,	[EE947786-1E4A-40D8-B0AD-E2D0B039CF6E].Guid AS QuotingUserId
,	root_hobt.RowStatus
,	root_hobt.RowVersion
,	root_hobt.DateAccepted
,	root_hobt.DateRejected
,	root_hobt.DateSent
,	root_hobt.ExpiryDate
,	[3AFE632D-2EE2-4FD8-8FFC-E696E84E095C].Guid AS QuoteSourceId
,	root_hobt.RejectionReason
,	[3FDEF099-DBC8-4F1D-B8D7-529600A0B62D].Guid AS AgentAddressId
,	[5AA9C5DF-307E-4DEE-9EE0-7B97115E1315].Guid AS AgentContactId
,	root_hobt.ExternalReference
,	root_hobt.IsSubjectToNDA
,	root_hobt.ChaseDate1
,	root_hobt.ChaseDate2
,	root_hobt.FeeCap
,	root_hobt.IsFinal
,	root_hobt.LegacyId
,	root_hobt.SendInfoToAgent
,	root_hobt.SendInfoToClient
,	[7E3459EE-8083-4C0E-9652-03D71A98F857].Guid AS QuotingConsultantId
,	[FC51FD71-51A1-4B7A-BA50-F0C2F2816225].Guid AS AppointmentFromRibaStageId
,	[DA716B55-56FA-40CE-B1E3-50A56F2F233A].Guid AS ProjectId
,	root_hobt.ValueOfWork
,	[34B965DC-8D1F-4066-81BB-852157CBB00F].Guid AS OriginalQuoteId
,	root_hobt.RevisionNumber
,	[93001C06-FD4A-4965-B8EA-EDAF8C16A21E].Guid AS CurrentRibaStageId
,	root_hobt.DeadDate
,	[30E87213-B425-43FC-B37C-6F1F3EDE3AE0].Guid AS EnquiryServiceID
,	root_hobt.ExclusionsAndLimitations
,	root_hobt.LegacySystemID
,       root_hobt.DateDeclinedToQuote
,      root_hobt.DeclinedToQuoteReason


FROM SSop.Quotes AS root_hobt 
JOIN SCrm.AccountAddresses AS [01FDD623-FA79-43E2-AC7B-FA45BEF7FC73] ON ([01FDD623-FA79-43E2-AC7B-FA45BEF7FC73].ID = root_hobt.ClientAddressId) 
 JOIN SCrm.AccountContacts AS [04DD32E8-AE80-4F81-BD9A-F646441AFBE4] ON ([04DD32E8-AE80-4F81-BD9A-F646441AFBE4].ID = root_hobt.ClientContactId) 
 JOIN SSop.Contracts AS [F530931A-6E91-4BEB-BF2C-4C48B58C07D9] ON ([F530931A-6E91-4BEB-BF2C-4C48B58C07D9].ID = root_hobt.ContractID) 
 JOIN SCore.OrganisationalUnits AS [07C15164-1D8B-452D-9CEC-EEF64056AB52] ON ([07C15164-1D8B-452D-9CEC-EEF64056AB52].ID = root_hobt.OrganisationalUnitID) 
 JOIN SCore.Identities AS [EE947786-1E4A-40D8-B0AD-E2D0B039CF6E] ON ([EE947786-1E4A-40D8-B0AD-E2D0B039CF6E].ID = root_hobt.QuotingUserId) 
 JOIN SSop.QuoteSources AS [3AFE632D-2EE2-4FD8-8FFC-E696E84E095C] ON ([3AFE632D-2EE2-4FD8-8FFC-E696E84E095C].ID = root_hobt.QuoteSourceId) 
 JOIN SCrm.AccountAddresses AS [3FDEF099-DBC8-4F1D-B8D7-529600A0B62D] ON ([3FDEF099-DBC8-4F1D-B8D7-529600A0B62D].ID = root_hobt.AgentAddressId) 
 JOIN SCrm.AccountContacts AS [5AA9C5DF-307E-4DEE-9EE0-7B97115E1315] ON ([5AA9C5DF-307E-4DEE-9EE0-7B97115E1315].ID = root_hobt.AgentContactId) 
 JOIN SCore.Identities AS [7E3459EE-8083-4C0E-9652-03D71A98F857] ON ([7E3459EE-8083-4C0E-9652-03D71A98F857].ID = root_hobt.QuotingConsultantId) 
 JOIN SJob.RibaStages AS [FC51FD71-51A1-4B7A-BA50-F0C2F2816225] ON ([FC51FD71-51A1-4B7A-BA50-F0C2F2816225].ID = root_hobt.AppointmentFromRibaStageId) 
 JOIN SSop.Projects AS [DA716B55-56FA-40CE-B1E3-50A56F2F233A] ON ([DA716B55-56FA-40CE-B1E3-50A56F2F233A].ID = root_hobt.ProjectId) 
 JOIN SSop.Quotes AS [34B965DC-8D1F-4066-81BB-852157CBB00F] ON ([34B965DC-8D1F-4066-81BB-852157CBB00F].ID = root_hobt.OriginalQuoteId) 
 JOIN SJob.RibaStages AS [93001C06-FD4A-4965-B8EA-EDAF8C16A21E] ON ([93001C06-FD4A-4965-B8EA-EDAF8C16A21E].ID = root_hobt.CurrentRibaStageId) 
 JOIN SSop.EnquiryServices AS [30E87213-B425-43FC-B37C-6F1F3EDE3AE0] ON ([30E87213-B425-43FC-B37C-6F1F3EDE3AE0].ID = root_hobt.EnquiryServiceID) 
' WHERE ID = 82
UPDATE SCore.EntityQueries SET Statement = N'EXEC [SSop].[QuotesUpsert]  
	@OrganisationalUnitGuid = @OrganisationalUnitGuid, 
	@QuotingUserGuid = @QuotingUserGuid, 
	@ContractGuid = @ContractGuid, 
	@Date = @Date, 
	@Overview = @Overview, 
	@ExpiryDate = @ExpiryDate, 
	@DateSent = @DateSent, 
	@DateAccepted = @DateAccepted, 
	@DateRejected = @DateRejected, 
	@RejectionReason = @RejectionReason, 
	@FeeCap = @FeeCap, 
	@IsFinal = @IsFinal, 
	@ExternalReference = @ExternalReference, 
	@QuotingConsultantGuid = @QuotingConsultantGuid, 
	@AppointmentFromRibaStageGuid = @AppointmentFromRibaStageGuid, 
	@CurrentStageGuid = @CurrentStageGuid, 
	@DeadDate = @DeadDate, 
	@EnquiryServiceGuid = @EnquiryServiceGuid, 
	@ProjectGuid = @ProjectGuid, 
	@Guid = @Guid, 
	@JobType = @JobType, 
	@DeclinedToQuoteReason = @DeclinedToQuoteReason, 
	@DescriptionOfWorks = @DescriptionOfWorks, 
	@ExclusionsAndLimitations = @ExclusionsAndLimitations' WHERE ID = 85
UPDATE SCore.EntityQueries SET Statement = N'SELECT 
	[A47D9C7E-9DCA-4AE0-B3AD-73A0690EDD92].Guid AS CreatedJobId,
	root_hobt.Details,
	root_hobt.DoNotConsolidateJob,
	root_hobt.Guid,
	root_hobt.ID,
	root_hobt.LegacyId,
	root_hobt.LegacySystemID,
	root_hobt.Net,
	[6BA255D5-2339-4286-A86C-494A2AB1DA4A].Guid AS ProductId,
	[6E8FD1FD-157F-4B88-80CD-C0589CAD9D2A].Guid AS ProvideAtStageID,
	root_hobt.Quantity,
	[7EC6389A-C5BA-4B84-BE24-096C86DF6770].Guid AS QuoteId,
	[EEA4BD07-8A21-4B1B-8050-819EA27E1B11].Guid AS QuoteSectionId,
	root_hobt.RowStatus,
	root_hobt.RowVersion,
	root_hobt.SortOrder,
	root_hobt.VatRate,
        root_hobt.NumberOfSiteVisits,
        root_hobt.NumberOfMeetings
FROM SSop.QuoteItems AS root_hobt 
JOIN SProd.Products AS [6BA255D5-2339-4286-A86C-494A2AB1DA4A] ON ([6BA255D5-2339-4286-A86C-494A2AB1DA4A].ID = root_hobt.ProductId) 
 JOIN SSop.QuoteSections AS [EEA4BD07-8A21-4B1B-8050-819EA27E1B11] ON ([EEA4BD07-8A21-4B1B-8050-819EA27E1B11].ID = root_hobt.QuoteSectionId) 
 JOIN SJob.Jobs AS [A47D9C7E-9DCA-4AE0-B3AD-73A0690EDD92] ON ([A47D9C7E-9DCA-4AE0-B3AD-73A0690EDD92].ID = root_hobt.CreatedJobId) 
 JOIN SJob.RibaStages AS [6E8FD1FD-157F-4B88-80CD-C0589CAD9D2A] ON ([6E8FD1FD-157F-4B88-80CD-C0589CAD9D2A].ID = root_hobt.ProvideAtStageID) 
 JOIN SSop.Quotes AS [7EC6389A-C5BA-4B84-BE24-096C86DF6770] ON ([7EC6389A-C5BA-4B84-BE24-096C86DF6770].ID = root_hobt.QuoteId) 
' WHERE ID = 87
UPDATE SCore.EntityQueries SET Statement = N'EXEC [SSop].[QuoteItemsUpsert]  
	@QuoteGuid = @QuoteGuid, 
	@ProductGuid = @ProductGuid, 
	@Details = @Details, 
	@Net = @Net, 
	@VatRate = @VatRate, 
	@DoNotConsolidateJob = @DoNotConsolidateJob, 
	@SortOrder = @SortOrder, 
	@Quantity = @Quantity, 
	@ProvidedAtStageGuid = @ProvidedAtStageGuid, 
	@Guid = @Guid,
        @NumberOfSiteVisits = @NumberOfSiteVisits,
        @NumberOfMeetings = @NumberOfMeetings' WHERE ID = 91
UPDATE SCore.EntityQueries SET Statement = N'EXEC [SJob].[ActivityTypesUpsert]  
	@Name = @Name, 
	@IsActive = @IsActive, 
	@SortOrder = @SortOrder, 
	@IsFeeTrigger = @IsFeeTrigger, 
	@IsLiveTrigger = @IsLiveTrigger, 
	@IsAdmin = @IsAdmin, 
	@IsScheduleItem = @IsScheduleItem, 
	@Colour = @Colour, 
	@IsMeeting = @IsMeeting, 
	@IsSiteVisit = @IsSiteVisit, 
	@IsCommencementTrigger = @IsCommencementTrigger, 
	@Guid = @Guid, 
	@IsBillable = @IsBillable' WHERE ID = 109
UPDATE SCore.EntityQueries SET Statement = N'SELECT 
	root_hobt.Guid,
	root_hobt.ID,
	root_hobt.IsActive,
	root_hobt.Name,
	[8C9FF97B-D7E8-4BF2-A153-ED7D08A9787A].Guid AS OrganisationalUnitID,
	root_hobt.RowStatus,
	root_hobt.RowVersion,
	root_hobt.SequenceID,
	root_hobt.UsePlanChecks,
	root_hobt.UseTimeSheets
FROM SJob.JobTypes AS root_hobt 
JOIN SCore.OrganisationalUnits AS [8C9FF97B-D7E8-4BF2-A153-ED7D08A9787A] ON ([8C9FF97B-D7E8-4BF2-A153-ED7D08A9787A].ID = root_hobt.OrganisationalUnitID) 
' WHERE ID = 122
UPDATE SCore.EntityQueries SET Statement = N'EXEC [SCore].[MergeDocumentsUpsert]  
	@Name = @Name, 
	@FilenameTemplate = @FilenameTemplate, 
	@EntityTypeGuid = @EntityTypeGuid, 
	@SharepointSiteGuid = @SharepointSiteGuid, 
	@DocumentId = @DocumentId, 
	@LinkedEntityTypeGuid = @LinkedEntityTypeGuid, 
	@AllowPDFOutputOnly = @AllowPDFOutputOnly, 
	@AllowExcelOutputOnly = @AllowExcelOutputOnly, 
	@ProduceOneOutputPerRow = @ProduceOneOutputPerRow, 
	@Guid = @Guid' WHERE ID = 123
UPDATE SCore.EntityQueries SET Statement = N'SELECT 
	root_hobt.AllowPDFOutputOnly,
        root_hobt.AllowExcelOutputOnly,
	root_hobt.DocumentId,
	[2F88C3FF-B564-4B42-84BA-8B527EBABED6].Guid AS EntityTypeId,
	root_hobt.FilenameTemplate,
	root_hobt.Guid,
	root_hobt.ID,
	[FEFEFAA1-DFB4-49FD-BBF6-563AE47DF1C0].Guid AS LinkedEntityTypeId,
	root_hobt.Name,
	root_hobt.ProduceOneOutputPerRow,
	root_hobt.RowStatus,
	root_hobt.RowVersion,
	[6551966B-1294-437E-8E20-E9771C9F2D1E].Guid AS SharepointSiteId
FROM SCore.MergeDocuments AS root_hobt 
JOIN SCore.EntityTypes AS [2F88C3FF-B564-4B42-84BA-8B527EBABED6] ON ([2F88C3FF-B564-4B42-84BA-8B527EBABED6].ID = root_hobt.EntityTypeId) 
 JOIN SCore.EntityTypes AS [FEFEFAA1-DFB4-49FD-BBF6-563AE47DF1C0] ON ([FEFEFAA1-DFB4-49FD-BBF6-563AE47DF1C0].ID = root_hobt.LinkedEntityTypeId) 
 JOIN SCore.SharepointSites AS [6551966B-1294-437E-8E20-E9771C9F2D1E] ON ([6551966B-1294-437E-8E20-E9771C9F2D1E].ID = root_hobt.SharepointSiteId) 
' WHERE ID = 125
EXEC(N'UPDATE SCore.EntityQueries SET Statement = N''SELECT 
	[62A7CA41-57FE-4541-9B7B-64C2BECBD403].Guid AS AgentAccountContactId,
	[C6D3628B-9EF6-46E7-A04B-455D7256E180].Guid AS AgentAccountId,
	[518A2AAD-697B-4134-B39D-20C20B5FCD92].Guid AS AgentAddressId,
	root_hobt.AgentAddressLine1,
	root_hobt.AgentAddressLine2,
	root_hobt.AgentAddressLine3,
	root_hobt.AgentAddressNameNumber,
	root_hobt.AgentAddressPostCode,
	[9B125B55-B220-4023-AA54-BABCDF6AFD1B].Guid AS AgentCountryId,
	[7EA7CAB9-F5BC-4B00-AE06-276E3B772910].Guid AS AgentCountyId,
	root_hobt.AgentName,
	root_hobt.AgentTown,
	root_hobt.ChaseDate1,
	root_hobt.ChaseDate2,
	[CCDDA156-B2D7-4F37-AA9E-1CB98F3C11FD].Guid AS ClientAccountContactId,
	[C1AFB8A2-4596-4C64-8267-7F49B9BE04D6].Guid AS ClientAccountId,
	[3611CED8-53C2-4FA8-9ACC-F508149BC716].Guid AS ClientAddressCountryId,
	[A0DB71C1-2E2B-4559-95E4-9CEBF2F01BA5].Guid AS ClientAddressCountyId,
	[8D6A7C6A-9D55-4C03-82F1-75B6BB5BB3CC].Guid AS ClientAddressId,
	root_hobt.ClientAddressLine1,
	root_hobt.ClientAddressLine2,
	root_hobt.ClientAddressLine3,
	root_hobt.ClientAddressNameNumber,
	root_hobt.ClientAddressPostCode,
	root_hobt.ClientAddressTown,
	root_hobt.ClientName,
	root_hobt.ConstructionStageMonths,
	[2B074135-3D54-49A9-ACDE-C82FDB5F9067].Guid AS CreatedByUserId,
	[D020A007-8E39-450B-8575-69D76529659A].Guid AS CurrentProjectRibaStageID,
	root_hobt.Date,
	root_hobt.DeadDate,
	root_hobt.DeclinedToQuoteDate,
	root_hobt.DeclinedToQuoteReason,
	root_hobt.DescriptionOfWorks,
	[DE5A2964-7F7D-4194-962C-11F3FA18DB55].Guid AS EnquirySourceId,
	root_hobt.EnterNewAgentDetails,
	root_hobt.EnterNewClientDetails,
	root_hobt.EnterNewFinanceDetails,
	root_hobt.EnterNewStructureDetails,
	root_hobt.ExpectedProcurementRoute,
	root_hobt.ExternalReference,
	[B7C58113-E763-4B52-82D5-21501514AF8C].Guid AS FinanceAccountId,
	root_hobt.FinanceAccountName,
	[BC7CF205-B05B-41AC-B0CC-E23AEDC459D8].Guid AS FinanceAddressId,
	root_hobt.FinanceAddressLine1,
	root_hobt.FinanceAddressLine2,
	root_hobt.FinanceAddressLine3,
	root_hobt.FinanceAddressNameNumber,
	[02B19759-9D35-447C-9AE2-3C7B9027FEB1].Guid AS FinanceContactId,
	[70FEA0EA-C279-484C-931D-2D23F42D01C3].Guid AS FinanceCountyId,
	root_hobt.FinancePostCode,
	root_hobt.FinanceTown,
	root_hobt.Guid,
	root_hobt.ID,
	root_hobt.IsClientFinanceAccount,
	root_hobt.IsReadyForQuoteReview,
	CASE WHEN [9066A2DA-692E-4EFD-A2F0-FF124E2F366E].IsSubjectToNDA = 1 THEN [9066A2DA-692E-4EFD-A2F0-FF124E2F366E].IsSubjectToNDA  ELSE root_hobt.IsSubjectToNDA END AS IsSubjectToNDA,
	root_hobt.KeyDates,
	root_hobt.Notes,
	root_hobt.Number,
	[1C4B6562-A512-4FC9-85EE-F6A2193EBECE].Guid AS OrganisationalUnitID,
	root_hobt.PreConstructionStageMonths,
	[9066A2DA-692E-4EFD-A2F0-FF124E2F366E].Guid AS ProjectId,
	root_hobt.PropertyAddressLine1,
	root_hobt.PropertyAddressLine2,
	root_hobt.PropertyAddressLine3,
	[C1B43942-F1B0-42DD-8AB7-E1D2C02DFA1B].Guid AS PropertyCountryId,
	[EF3E7956-4ECB-49B0-B930-8DB68D545FFB].Guid AS PropertyCountyId,
	[FE002E4D-3B56-499F-93DA-5D43259CBC76].Guid AS PropertyId,
	root_hobt.PropertyNameNumber,
	root_hobt.PropertyPostCode,
	root_hobt.PropertyTown,
	root_hobt.ProposalLetter,
	root_hobt.QuotingDeadlineDate,
	root_hobt.RibaStage0Months,
	root_hobt.RibaStage1Months,
	root_hobt.RibaStage2Months,
	root_hobt.RibaStage3Months,
	root_hobt.RibaStage4Months,
	root_hobt.RibaStage5Months,
	root_hobt.RibaStage6Months,
	root_hobt.RibaStage7Months,
	root_hobt.RowStatus,
	root_hobt.RowVersion,
	root_hobt.SendInfoToAgent,
	root_hobt.SendInfoToClient,
	[9264744B-5F58-461B-953B-0C16D80B8FC7].Guid AS SignatoryIdentityId,
	root_hobt.ValueOfWork
FROM SSop.Enquiries AS root_hobt 
JOIN SCrm.Accounts AS [C6D3628B-9EF6-46E7-A04B-455D7256E180] ON ([C6D3628B-9EF6-46E7-A04B-455D7256E180].ID = root_hobt.AgentAccountId) 
 JOIN SCrm.AccountAddresses AS [518A2AAD-697B-4134-B39D-20C20B5FCD92] ON ([518A2AAD-697B-4134-B39D-20C20B5FCD92].ID = root_hobt.AgentAddressId) 
 JOIN SCrm.Countries AS [9B125B55-B220-4023-AA54-BABCDF6AFD1B]'
+ N' ON ([9B125B55-B220-4023-AA54-BABCDF6AFD1B].ID = root_hobt.AgentCountryId) 
 JOIN SCrm.Counties AS [7EA7CAB9-F5BC-4B00-AE06-276E3B772910] ON ([7EA7CAB9-F5BC-4B00-AE06-276E3B772910].ID = root_hobt.AgentCountyId) 
 JOIN SCrm.Accounts AS [C1AFB8A2-4596-4C64-8267-7F49B9BE04D6] ON ([C1AFB8A2-4596-4C64-8267-7F49B9BE04D6].ID = root_hobt.ClientAccountId) 
 JOIN SCrm.Countries AS [3611CED8-53C2-4FA8-9ACC-F508149BC716] ON ([3611CED8-53C2-4FA8-9ACC-F508149BC716].ID = root_hobt.ClientAddressCountryId) 
 JOIN SCrm.Counties AS [A0DB71C1-2E2B-4559-95E4-9CEBF2F01BA5] ON ([A0DB71C1-2E2B-4559-95E4-9CEBF2F01BA5].ID = root_hobt.ClientAddressCountyId) 
 JOIN SCrm.AccountAddresses AS [8D6A7C6A-9D55-4C03-82F1-75B6BB5BB3CC] ON ([8D6A7C6A-9D55-4C03-82F1-75B6BB5BB3CC].ID = root_hobt.ClientAddressId) 
 JOIN SCore.Identities AS [2B074135-3D54-49A9-ACDE-C82FDB5F9067] ON ([2B074135-3D54-49A9-ACDE-C82FDB5F9067].ID = root_hobt.CreatedByUserId) 
 JOIN SJob.RibaStages AS [D020A007-8E39-450B-8575-69D76529659A] ON ([D020A007-8E39-450B-8575-69D76529659A].ID = root_hobt.CurrentProjectRibaStageID) 
 JOIN SCore.OrganisationalUnits AS [1C4B6562-A512-4FC9-85EE-F6A2193EBECE] ON ([1C4B6562-A512-4FC9-85EE-F6A2193EBECE].ID = root_hobt.OrganisationalUnitID) 
 JOIN SCrm.Countries AS [C1B43942-F1B0-42DD-8AB7-E1D2C02DFA1B] ON ([C1B43942-F1B0-42DD-8AB7-E1D2C02DFA1B].ID = root_hobt.PropertyCountryId) 
 JOIN SCrm.Counties AS [EF3E7956-4ECB-49B0-B930-8DB68D545FFB] ON ([EF3E7956-4ECB-49B0-B930-8DB68D545FFB].ID = root_hobt.PropertyCountyId) 
 JOIN SJob.Properties AS [FE002E4D-3B56-499F-93DA-5D43259CBC76] ON ([FE002E4D-3B56-499F-93DA-5D43259CBC76].ID = root_hobt.PropertyId) 
 JOIN SSop.QuoteSources AS [DE5A2964-7F7D-4194-962C-11F3FA18DB55] ON ([DE5A2964-7F7D-4194-962C-11F3FA18DB55].ID = root_hobt.EnquirySourceId) 
 JOIN SCrm.AccountContacts AS [62A7CA41-57FE-4541-9B7B-64C2BECBD403] ON ([62A7CA41-57FE-4541-9B7B-64C2BECBD403].ID = root_hobt.AgentAccountContactId) 
 JOIN SCrm.AccountContacts AS [CCDDA156-B2D7-4F37-AA9E-1CB98F3C11FD] ON ([CCDDA156-B2D7-4F37-AA9E-1CB98F3C11FD].ID = root_hobt.ClientAccountContactId) 
 JOIN SSop.Projects AS [9066A2DA-692E-4EFD-A2F0-FF124E2F366E] ON ([9066A2DA-692E-4EFD-A2F0-FF124E2F366E].ID = root_hobt.ProjectId) 
 JOIN SCrm.Accounts AS [B7C58113-E763-4B52-82D5-21501514AF8C] ON ([B7C58113-E763-4B52-82D5-21501514AF8C].ID = root_hobt.FinanceAccountId) 
 JOIN SCrm.AccountAddresses AS [BC7CF205-B05B-41AC-B0CC-E23AEDC459D8] ON ([BC7CF205-B05B-41AC-B0CC-E23AEDC459D8].ID = root_hobt.FinanceAddressId) 
 JOIN SCrm.AccountContacts AS [02B19759-9D35-447C-9AE2-3C7B9027FEB1] ON ([02B19759-9D35-447C-9AE2-3C7B9027FEB1].ID = root_hobt.FinanceContactId) 
 JOIN SCrm.Counties AS [70FEA0EA-C279-484C-931D-2D23F42D01C3] ON ([70FEA0EA-C279-484C-931D-2D23F42D01C3].ID = root_hobt.FinanceCountyId) 
 JOIN SCore.Identities AS [9264744B-5F58-461B-953B-0C16D80B8FC7] ON ([9264744B-5F58-461B-953B-0C16D80B8FC7].ID = root_hobt.SignatoryIdentityId) 

'' WHERE ID = 159')
UPDATE SCore.EntityQueries SET Statement = N'EXEC [SSop].[EnquiriesUpsert]  
	@OrganisationalUnitGuid = @OrganisationalUnitGuid, 
	@Date = @Date, 
	@CreatedByUserGuid = @CreatedByUserGuid, 
	@PropertyGuid = @PropertyGuid, 
	@PropertyNameNumber = @PropertyNameNumber, 
	@PropertyAddressLine1 = @PropertyAddressLine1, 
	@PropertyAddressLine2 = @PropertyAddressLine2, 
	@PropertyAddressLine3 = @PropertyAddressLine3, 
	@PropertyCountyGuid = @PropertyCountyGuid, 
	@PropertyPostCode = @PropertyPostCode, 
	@PropertyCountryGuid = @PropertyCountryGuid, 
	@ClientAccountGuid = @ClientAccountGuid, 
	@ClientAddressGuid = @ClientAddressGuid, 
	@ClientAccountContactGuid = @ClientAccountContactGuid, 
	@ClientName = @ClientName, 
	@ClientAddressNameNumber = @ClientAddressNameNumber, 
	@ClientAddressLine1 = @ClientAddressLine1, 
	@ClientAddressLine2 = @ClientAddressLine2, 
	@ClientAddressLine3 = @ClientAddressLine3, 
	@ClientAddressCountyGuid = @ClientAddressCountyGuid, 
	@ClientAddressPostCode = @ClientAddressPostCode, 
	@ClientAddressCountryGuid = @ClientAddressCountryGuid, 
	@AgentAccountGuid = @AgentAccountGuid, 
	@AgentAddressGuid = @AgentAddressGuid, 
	@AgentAccountContactGuid = @AgentAccountContactGuid, 
	@AgentName = @AgentName, 
	@AgentAddressNameNumber = @AgentAddressNameNumber, 
	@AgentAddressLine1 = @AgentAddressLine1, 
	@AgentAddressLine2 = @AgentAddressLine2, 
	@AgentAddressLine3 = @AgentAddressLine3, 
	@AgentAddressCountyGuid = @AgentAddressCountyGuid, 
	@AgentAddressPostCode = @AgentAddressPostCode, 
	@AgentAddressCountryGuid = @AgentAddressCountryGuid, 
	@DescriptionOfWorks = @DescriptionOfWorks, 
	@ValueOfWork = @ValueOfWork, 
	@CurrentProjectRobaStageGuid = @CurrentProjectRobaStageGuid, 
	@RibaStage0Months = @RibaStage0Months, 
	@RibaStage1Months = @RibaStage1Months, 
	@RibaStage2Months = @RibaStage2Months, 
	@RibaStage3Months = @RibaStage3Months, 
	@RibaStage4Months = @RibaStage4Months, 
	@RibaStage5Months = @RibaStage5Months, 
	@RibaStage6Months = @RibaStage6Months, 
	@RibaStage7Months = @RibaStage7Months, 
	@PreConstructionStageMonths = @PreConstructionStageMonths, 
	@ConstructionStageMonths = @ConstructionStageMonths, 
	@SendInfoToClient = @SendInfoToClient, 
	@SendInfoToAgent = @SendInfoToAgent, 
	@KeyDates = @KeyDates, 
	@ExpectedProcurementRoute = @ExpectedProcurementRoute, 
	@Notes = @Notes, 
	@EnquirySourceGuid = @EnquirySourceGuid, 
	@IsReadyForQuoteReview = @IsReadyForQuoteReview, 
	@QuotingDeadlineDate = @QuotingDeadlineDate, 
	@DeclinedToQuoteDate = @DeclinedToQuoteDate, 
	@DeclinedToQuoteReason = @DeclinedToQuoteReason, 
	@ExternalReference = @ExternalReference, 
	@ProjectGuid = @ProjectGuid, 
	@IsSubjectToNDA = @IsSubjectToNDA, 
	@DeadDate = @DeadDate, 
	@ChaseDate1 = @ChaseDate1, 
	@ChaseDate2 = @ChaseDate2, 
	@FinanceAccountGuid = @FinanceAccountGuid, 
	@FinanceAddressGuid = @FinanceAddressGuid, 
	@FinanceContactGuid = @FinanceContactGuid, 
	@FinanceAccountName = @FinanceAccountName, 
	@FinanceAddressNameNumber = @FinanceAddressNameNumber, 
	@FinanceAddressLine1 = @FinanceAddressLine1, 
	@FinanceAddressLine2 = @FinanceAddressLine2, 
	@FinanceAddressLine3 = @FinanceAddressLine3, 
	@FinanceCountyGuid = @FinanceCountyGuid, 
	@FinancePostCode = @FinancePostCode, 
	@EnterNewClientDetails = @EnterNewClientDetails, 
	@EnterNewAgentDetails = @EnterNewAgentDetails, 
	@EnterNewFinanceDetails = @EnterNewFinanceDetails, 
	@EnterNewStructureDetails = @EnterNewStructureDetails, 
	@IsClientFinanceAccount = @IsClientFinanceAccount, 
	@SignatoryIdentityGuid = @SignatoryIdentityGuid, 
	@ProposalLetter = @ProposalLetter, 
	@Guid = @Guid' WHERE ID = 160
UPDATE SCore.EntityQueries SET Statement = N'SELECT
        root_hobt.ID,
        root_hobt.RowStatus,
        root_hobt.RowVersion,
        root_hobt.Guid,
        root_hobt.FullName,
        root_hobt.EmailAddress,
        root_hobt.UserGuid,
        root_hobt.JobTitle,
        root_hobt.IsActive,
        root_hobt.BillableRate,
        root_hobt.Signature,
        ou.Guid AS OriganisationalUnitId,
        c.Guid  AS ContactId
FROM
        SCore.Identities root_hobt
JOIN
        SCore.OrganisationalUnits ou ON (ou.ID = root_hobt.OriganisationalUnitId)
JOIN
        SCrm.Contacts c ON root_hobt.ContactId = c.ID' WHERE ID = 163
UPDATE SCore.EntityQueries SET Statement = N'SELECT 
	[8AA3EE8C-0AA8-4F1B-8C84-A3048A45936F].Guid AS EndRibaStageId
,	[1C74EDD6-BB3C-4C47-BCEF-EDE008AABD2F].Guid AS EnquiryId
,	root_hobt.Guid
,	root_hobt.ID
,	[75B5C70B-C121-4A6F-A632-2502321E9933].Guid AS JobTypeId
,	root_hobt.RowStatus
,	root_hobt.RowVersion
,	[036A7B03-4083-4695-A6AE-64D5F5C2C430].Guid AS StartRibaStageId

FROM SSop.EnquiryServices AS root_hobt 
JOIN SJob.RibaStages AS [8AA3EE8C-0AA8-4F1B-8C84-A3048A45936F] ON ([8AA3EE8C-0AA8-4F1B-8C84-A3048A45936F].ID = root_hobt.EndRibaStageId) 
 JOIN SSop.Enquiries AS [1C74EDD6-BB3C-4C47-BCEF-EDE008AABD2F] ON ([1C74EDD6-BB3C-4C47-BCEF-EDE008AABD2F].ID = root_hobt.EnquiryId) 
 JOIN SJob.JobTypes AS [75B5C70B-C121-4A6F-A632-2502321E9933] ON ([75B5C70B-C121-4A6F-A632-2502321E9933].ID = root_hobt.JobTypeId) 
 JOIN SJob.RibaStages AS [036A7B03-4083-4695-A6AE-64D5F5C2C430] ON ([036A7B03-4083-4695-A6AE-64D5F5C2C430].ID = root_hobt.StartRibaStageId) 
' WHERE ID = 170
UPDATE SCore.EntityQueries SET Statement = N'SELECT 
	root_hobt.AgentAddress,
	root_hobt.AgentAddressBlock,
	root_hobt.AgentAddressLine1,
	root_hobt.AgentAddressLine2,
	root_hobt.AgentAddressLine3,
	root_hobt.AgentCompanyRegNo,
	root_hobt.AgentContactName,
	root_hobt.AgentCounty,
	root_hobt.AgentEmail,
	root_hobt.AgentFirstName,
	root_hobt.AgentMobile,
	root_hobt.AgentName,
	root_hobt.AgentPhone,
	root_hobt.AgentPostcode,
	root_hobt.AgentSurname,
	root_hobt.AgentTown,
	root_hobt.AgreedFee,
	root_hobt.AppointedJobType,
	root_hobt.ClientAddress,
	root_hobt.ClientAddressBlock,
	root_hobt.ClientAddressLine1,
	root_hobt.ClientAddressLine2,
	root_hobt.ClientAddressLine3,
	root_hobt.ClientCompanyRegNo,
	root_hobt.ClientContactName,
	root_hobt.ClientCounty,
	root_hobt.ClientEmail,
	root_hobt.ClientFirstName,
	root_hobt.ClientMobile,
	root_hobt.ClientName,
	root_hobt.ClientPhone,
	root_hobt.ClientPostcode,
	root_hobt.ClientSurname,
	root_hobt.ClientTown,
	root_hobt.ConstructionStageFee,
	root_hobt.CPPReviewed,
	root_hobt.Guid,
	root_hobt.ID,
	root_hobt.JobDescription,
	root_hobt.JobIDString,
	root_hobt.JobNumber,
	root_hobt.JobType,
	root_hobt.LocalAuthority,
	root_hobt.OfficialAddressLine1,
	root_hobt.OfficialAddressLine2,
	root_hobt.OfficialAddressLine3,
	root_hobt.OfficialCounty,
	root_hobt.OfficialEmail,
	root_hobt.OfficialMobile,
	root_hobt.OfficialName,
	root_hobt.OfficialPhone,
	root_hobt.OfficialPostcode,
	root_hobt.OfficialTown,
	root_hobt.ParentGuid,
	root_hobt.PCII,
	root_hobt.PreConstructionStageFee,
	root_hobt.PrincipalContractorAddress,
	root_hobt.PrincipalContractorEmail,
	root_hobt.PrincipalContractorMobile,
	root_hobt.PrincipalContractorName,
	root_hobt.PrincipalContractorPhone,
	root_hobt.PropertyAddress,
	root_hobt.PropertyAddressBlock,
	root_hobt.PropertyAddressLine1,
	root_hobt.PropertyAddressLine2,
	root_hobt.PropertyAddressLine3,
	root_hobt.PropertyCounty,
	root_hobt.PropertyPostcode,
	root_hobt.PropertyShortAddress,
	root_hobt.PropertyTown,
	root_hobt.RibaStage1Fee,
	root_hobt.RibaStage2Fee,
	root_hobt.RibaStage3Fee,
	root_hobt.RibaStage4Fee,
	root_hobt.RibaStage5Fee,
	root_hobt.RibaStage6Fee,
	root_hobt.RibaStage7Fee,
	root_hobt.RowStatus,
	root_hobt.RowVersion,
	root_hobt.SiteCompletionDate,
	root_hobt.SiteStartDate,
	root_hobt.StrategyLastUpdated,
	root_hobt.SurveyorEmail,
	root_hobt.SurveyorInitials,
	root_hobt.SurveyorJobTitle,
	root_hobt.SurveyorName,
	root_hobt.SurveyorPostNominals,
	root_hobt.TotalNetFee,
	root_hobt.UPRN,
	root_hobt.WrittenAppointmentDate
FROM SJob.Job_CDMMergeInfo AS root_hobt 
' WHERE ID = 190
UPDATE SCore.EntityQueries SET Statement = N'SELECT 
	root_hobt.ClientAddress,
	root_hobt.ClientAddressBlock,
	root_hobt.ClientAddressLine1,
	root_hobt.ClientAddressLine2,
	root_hobt.ClientAddressLine3,
	root_hobt.ClientCompanyRegNo,
	root_hobt.ClientContactName,
	root_hobt.ClientCounty,
	root_hobt.ClientEmail,
	root_hobt.ClientFirstName,
	root_hobt.ClientMobile,
	root_hobt.ClientName,
	root_hobt.ClientPhone,
	root_hobt.ClientPostcode,
	root_hobt.ClientSurname,
	root_hobt.ClientTown,
	root_hobt.Construction,
	root_hobt.FeeCap,
	root_hobt.Guid,
	root_hobt.ID,
	root_hobt.OfficialAddressLine1,
	root_hobt.OfficialAddressLine2,
	root_hobt.OfficialAddressLine3,
	root_hobt.OfficialCounty,
	root_hobt.OfficialEmail,
	root_hobt.OfficialMobile,
	root_hobt.OfficialName,
	root_hobt.OfficialPhone,
	root_hobt.OfficialPostcode,
	root_hobt.OfficialTown,
	root_hobt.PreConstruction,
	root_hobt.PropertyAddress,
	root_hobt.PropertyAddressBlock,
	root_hobt.PropertyAddressLine1,
	root_hobt.PropertyAddressLine2,
	root_hobt.PropertyAddressLine3,
	root_hobt.PropertyCounty,
	root_hobt.PropertyPostcode,
	root_hobt.PropertyShortAddress,
	root_hobt.PropertyTown,
	root_hobt.QuoteDate,
	root_hobt.QuoteNumber,
	root_hobt.QuoteOverview,
	root_hobt.QuotingConsultantEmail,
	root_hobt.QuotingConsultantInitials,
	root_hobt.QuotingConsultantJobTitle,
	root_hobt.QuotingConsultantName,
	root_hobt.QuotingConsultantPostNominals,
	root_hobt.QuotingUserEmail,
	root_hobt.QuotingUserInitials,
	root_hobt.QuotingUserJobTitle,
	root_hobt.QuotingUserName,
	root_hobt.QuotingUserPostNominals,
	root_hobt.RecipientAddress,
	root_hobt.RecipientAddressBlock,
	root_hobt.RecipientAddressLine1,
	root_hobt.RecipientAddressLine2,
	root_hobt.RecipientAddressLine3,
	root_hobt.RecipientCompanyRegNo,
	root_hobt.RecipientContactName,
	root_hobt.RecipientCounty,
	root_hobt.RecipientEmail,
	root_hobt.RecipientFirstName,
	root_hobt.RecipientMobile,
	root_hobt.RecipientName,
	root_hobt.RecipientPhone,
	root_hobt.RecipientPostcode,
	root_hobt.RecipientSurname,
	root_hobt.RecipientTown,
	root_hobt.RowStatus,
	root_hobt.RowVersion,
	root_hobt.Stage1Net,
	root_hobt.Stage2Net,
	root_hobt.Stage3Net,
	root_hobt.Stage4Net,
	root_hobt.Stage5Net,
	root_hobt.Stage6Net,
	root_hobt.Stage7Net,
	root_hobt.TotalNetFees,
	root_hobt.UPRN
FROM SSop.Quote_MergeInfo AS root_hobt 
' WHERE ID = 191
UPDATE SCore.EntityQueries SET Statement = N'SELECT	root_hobt.ID,
		root_hobt.RowStatus,
		root_hobt.RowVersion,
		root_hobt.Guid,
		j.Guid AS JobID,
		i.Guid AS CreatedByUserID,
		root_hobt.CreatedDateTime,
		root_hobt.RibaStage0Change,
		root_hobt.RibaStage1Change,
		root_hobt.RibaStage2Change,
		root_hobt.RibaStage3Change,
		root_hobt.RibaStage4Change,
		root_hobt.RibaStage5Change,
		root_hobt.RibaStage6Change,
		root_hobt.RibaStage7Change,

		-- VISIT CHANGES
        root_hobt.RibaStage0VisitChange,
        root_hobt.RibaStage1VisitChange,
		root_hobt.RibaStage2VisitChange,
		root_hobt.RibaStage3VisitChange,
		root_hobt.RibaStage4VisitChange,
		root_hobt.RibaStage5VisitChange,
		root_hobt.RibaStage6VisitChange,
		root_hobt.RibaStage7VisitChange,

		--MEETING CHANGES
        root_hobt.RibaStage0MeetingChange,
        root_hobt.RibaStage1MeetingChange,
		root_hobt.RibaStage2MeetingChange,
		root_hobt.RibaStage3MeetingChange,
		root_hobt.RibaStage4MeetingChange,
		root_hobt.RibaStage5MeetingChange,
		root_hobt.RibaStage6MeetingChange,
		root_hobt.RibaStage7MeetingChange,

		
		root_hobt.PreConstructionStageChange,
		root_hobt.ConstructionStageChange,
		-- PRE + CONSTRUCTION CHANGES
		root_hobt.PreConstructionStageMeetingChange,
		root_hobt.PreConstructionStageVisitChange,
		root_hobt.ConstructionStageMeetingChange,
		root_hobt.ConstructionStageVisitChange,

		root_hobt.FeeCapChange
FROM	SJob.FeeAmendment root_hobt
JOIN	SJob.Jobs j ON (j.ID = root_hobt.JobID)
JOIN	SCore.Identities i ON (i.ID = root_hobt.CreatedByUserID)' WHERE ID = 192
UPDATE SCore.EntityQueries SET Statement = N'EXEC SJob.FeeAmendmentsUpsert @JobGuid = @JobGuid,			-- uniqueidentifier
							  @RibaStage0Change = @RibaStage0Change, -- decimal(9, 2)
							  @RibaStage1Change = @RibaStage1Change, -- decimal(9, 2)
							  @RibaStage2Change = @RibaStage2Change, -- decimal(9, 2)
							  @RibaStage3Change = @RibaStage3Change, -- decimal(9, 2)
							  @RibaStage4Change = @RibaStage4Change, -- decimal(9, 2)
							  @RibaStage5Change = @RibaStage5Change, -- decimal(9, 2)
							  @RibaStage6Change = @RibaStage6Change, -- decimal(9, 2)
							  @RibaStage7Change = @RibaStage7Change, -- decimal(9, 2)
                                                          
                                                           -- Visits
                                                          @RibaStage0VisitChange = @RibaStage0VisitChange, -- decimal(9, 2)
							  @RibaStage1VisitChange = @RibaStage1VisitChange, -- decimal(9, 2)
							  @RibaStage2VisitChange = @RibaStage2VisitChange, -- decimal(9, 2)
							  @RibaStage3VisitChange = @RibaStage3VisitChange, -- decimal(9, 2)
							  @RibaStage4VisitChange = @RibaStage4VisitChange, -- decimal(9, 2)
							  @RibaStage5VisitChange = @RibaStage5VisitChange, -- decimal(9, 2)
							  @RibaStage6VisitChange = @RibaStage6VisitChange, -- decimal(9, 2)
							  @RibaStage7VisitChange = @RibaStage7VisitChange, -- decimal(9, 2)

                                                           -- Meetings
                                                          @RibaStage0MeetingChange = @RibaStage0MeetingChange, -- decimal(9, 2)
							  @RibaStage1MeetingChange = @RibaStage1MeetingChange, -- decimal(9, 2)
							  @RibaStage2MeetingChange = @RibaStage2MeetingChange, -- decimal(9, 2)
							  @RibaStage3MeetingChange = @RibaStage3MeetingChange, -- decimal(9, 2)
							  @RibaStage4MeetingChange = @RibaStage4MeetingChange, -- decimal(9, 2)
							  @RibaStage5MeetingChange = @RibaStage5MeetingChange, -- decimal(9, 2)
							  @RibaStage6MeetingChange = @RibaStage6MeetingChange, -- decimal(9, 2)
							  @RibaStage7MeetingChange = @RibaStage7MeetingChange, -- decimal(9, 2)

							  @PreConstructionStageChange = @PreConstructionStageChange,
							  @ConstructionStageChange = @ConstructionStageChange,

                                                           -- construction + preconstruction
                                                            @PreConstructionStageMeetingChange = @PreConstructionStageMeetingChange,
			                                    @PreConstructionStageVisitChange = @PreConstructionStageVisitChange,
			                                   @ConstructionStageMeetingChange = @ConstructionStageMeetingChange,
			                                   @ConstructionStageVisitChange =  @ConstructionStageVisitChange,
							  @FeeCapChange = @FeeCapChange,		-- decimal(9, 2)
							  @Guid = @Guid				-- uniqueidentifier
' WHERE ID = 193
UPDATE SCore.EntityQueries SET Statement = N'SELECT ID AS Account_ID,
	   Guid,
	   RowStatus,
	   RowVersion,
	   MainAddress,
	   MainPhone,
	   MainEmail
FROM	SCrm.Accounts_CalculatedFields root_hobt' WHERE ID = 209
UPDATE SCore.EntityQueries SET Statement = N'
SELECT 
	[3D00EDE9-26D4-47DA-95BE-7374C084BADD].Guid AS AgentAccountId,
	[D8D47C34-0EA4-41F0-950D-DB45011865AA].Guid AS ClientAccountId,
	root_hobt.DescriptionOfWorks,
	[9B2655E2-4696-4B1E-9013-DA6AFE6CB728].Guid AS EnquiryId,
	root_hobt.JobType,
        root_hobt.JobTypeGuid,
	[0E518042-9A71-44B7-8549-305DB3E09225].Guid AS PropertyId,
	root_hobt.QuotingDeadlineDate
FROM SSop.Quote_ExtendedInfo AS root_hobt 
JOIN SCrm.Accounts AS [D8D47C34-0EA4-41F0-950D-DB45011865AA] ON ([D8D47C34-0EA4-41F0-950D-DB45011865AA].ID = root_hobt.ClientAccountId) 
 JOIN SCrm.Accounts AS [3D00EDE9-26D4-47DA-95BE-7374C084BADD] ON ([3D00EDE9-26D4-47DA-95BE-7374C084BADD].ID = root_hobt.AgentAccountId) 
 JOIN SJob.Properties AS [0E518042-9A71-44B7-8549-305DB3E09225] ON ([0E518042-9A71-44B7-8549-305DB3E09225].ID = root_hobt.PropertyId) 
 JOIN SSop.Enquiries AS [9B2655E2-4696-4B1E-9013-DA6AFE6CB728] ON ([9B2655E2-4696-4B1E-9013-DA6AFE6CB728].ID = root_hobt.EnquiryId) 
' WHERE ID = 212
UPDATE SCore.EntityQueries SET Statement = N'SELECT 
	root_hobt.AcceptedQuotesCount,
	root_hobt.AcceptedQuotesTotalValue,
	root_hobt.EnquiriesCount,
	root_hobt.Guid,
	root_hobt.Id,
	root_hobt.JobsActiveAgreedFeesTotal,
	root_hobt.JobsActiveCount,
	root_hobt.JobsActiveInvoicedFeesTotal,
	root_hobt.JobsActiveRemainingFeesTotal,
	root_hobt.JobsCancelledAgreedFeesTotal,
	root_hobt.JobsCancelledCount,
	root_hobt.JobsCancelledInvoicedFeesTotal,
	root_hobt.JobsCancelledUninvoicedFeesTotal,
	root_hobt.JobsCompletedAgreedFeesTotal,
	root_hobt.JobsCompletedCount,
	root_hobt.JobsCompletedInvoicedFeesTotal,
	root_hobt.JobsCompletedUninvoicesFeesTotal,
	root_hobt.JobsCount,
	root_hobt.JobsTotalAgreedFeesTotal,
	root_hobt.JobsTotalInvoicedFeesTotal,
	root_hobt.JobsTotalRemainingFeesTotal,
	root_hobt.ListLabel,
	root_hobt.PendingQuotesCount,
	root_hobt.PendingQuotesTotelValue,
	root_hobt.PercentageAchievableRevenueAchieved,
	root_hobt.PercentageCompleted,
	root_hobt.QuotesCount,
	root_hobt.QuotesTotalValue,
	root_hobt.RejectedQuotesCount,
	root_hobt.RejectedQuotesTotalValue,
	root_hobt.RowStatus,
	root_hobt.RowVersion
FROM SSop.Project_ExtendedInfo AS root_hobt 
' WHERE ID = 213
UPDATE SCore.EntityQueries SET Statement = N'SELECT 
	root_hobt.ExternalReference
,	root_hobt.Guid
,	root_hobt.ID
,	root_hobt.Number
,	root_hobt.ProjectCompleted
,	root_hobt.ProjectDescription
,	root_hobt.ProjectProjectedEndDate
,	root_hobt.ProjectProjectsStartDate
,	root_hobt.RowStatus
,	root_hobt.RowVersion
,	root_hobt.IsSubjectToNDA

FROM SSop.Projects AS root_hobt 
' WHERE ID = 214
UPDATE SCore.EntityQueries SET Statement = N'SELECT	root_hobt.ID,
		root_hobt.Label,
		root_hobt.Class,
		root_hobt.SortOrder 
FROM	[SJob].[Activities_DataPills](@SurveyorGuid, @BillableHours, @JobGuid, @RibaStageGuid, @IsAdditionalWork, @Guid) root_hobt' WHERE ID = 257
UPDATE SCore.EntityQueries SET Statement = N'SELECT
		root_hobt.ID,
		root_hobt.RowStatus,
		root_hobt.RowVersion,
		root_hobt.Guid,
		root_hobt.Notes,
		i.Guid as RequesterUserId,
		root_hobt.CreatedDateTimeUTC,
		j.Guid as JobId,
        j.Number as Number,
        i.FullName as SurveyorName,
        Ac.Guid as FinanceAccountID, -- new
        j.BillingInstruction AS JobBillingInstruction, -- [CBLD-521]
	Ac.BillingInstruction AS AccountBillingInstruction -- [CBLD-521]
FROM
		SFin.InvoiceRequests root_hobt
JOIN
		SJob.Jobs j ON (j.ID = root_hobt.JobId)
JOIN
		SCrm.Accounts Ac ON (j.FinanceAccountID = Ac.ID) -- new
JOIN
		SCore.Identities i ON (i.ID = root_hobt.RequesterUserId)' WHERE ID = 258
UPDATE SCore.EntityQueries SET Statement = N'SELECT 
	root_hobt.Guid,
	root_hobt.ID,
	[E779FDBF-3727-4C37-B19D-4BCC6F71314F].Guid AS IncludedMergeDocumentId,
	[0BEC90D5-4330-467B-B271-2D2A4364D00F].Guid AS MergeDocumentItemId,
	root_hobt.RowStatus,
	root_hobt.RowVersion,
	root_hobt.SortOrder,
	[A7575B42-582C-4E04-A3C4-59ADA04EF33A].Guid AS SourceDocumentEntityPropertyId,
	[1A289995-4638-4F67-B706-CD3E3E3C80E0].Guid AS SourceSharePointItemEntityPropertyId
FROM SCore.MergeDocumentItemIncludes AS root_hobt 
JOIN SCore.MergeDocumentItems AS [0BEC90D5-4330-467B-B271-2D2A4364D00F] ON ([0BEC90D5-4330-467B-B271-2D2A4364D00F].ID = root_hobt.MergeDocumentItemId) 
 JOIN SCore.EntityProperties AS [A7575B42-582C-4E04-A3C4-59ADA04EF33A] ON ([A7575B42-582C-4E04-A3C4-59ADA04EF33A].ID = root_hobt.SourceDocumentEntityPropertyId) 
 JOIN SCore.EntityProperties AS [1A289995-4638-4F67-B706-CD3E3E3C80E0] ON ([1A289995-4638-4F67-B706-CD3E3E3C80E0].ID = root_hobt.SourceSharePointItemEntityPropertyId) 
 JOIN SCore.MergeDocuments AS [E779FDBF-3727-4C37-B19D-4BCC6F71314F] ON ([E779FDBF-3727-4C37-B19D-4BCC6F71314F].ID = root_hobt.IncludedMergeDocumentId) 
' WHERE ID = 272
UPDATE SCore.EntityQueries SET Statement = N'SELECT 
	root_hobt.BookmarkName,
	[02A636D3-60AA-4516-8303-3B12D2497685].Guid AS EntityTypeId,
	root_hobt.Guid,
	root_hobt.ID,
	root_hobt.ImageColumns,
	[B86CAFA7-C6E8-4AC5-A606-7A2289ACDDC9].Guid AS MergeDocumentId,
	[9BFBE9EC-9DDB-4FCC-8513-9EB5F2C1593C].Guid AS MergeDocumentItemTypeId,
	root_hobt.RowStatus,
	root_hobt.RowVersion,
	root_hobt.SubFolderPath
FROM SCore.MergeDocumentItems AS root_hobt 
JOIN SCore.MergeDocuments AS [B86CAFA7-C6E8-4AC5-A606-7A2289ACDDC9] ON ([B86CAFA7-C6E8-4AC5-A606-7A2289ACDDC9].ID = root_hobt.MergeDocumentId) 
 JOIN SCore.MergeDocumentItemTypes AS [9BFBE9EC-9DDB-4FCC-8513-9EB5F2C1593C] ON ([9BFBE9EC-9DDB-4FCC-8513-9EB5F2C1593C].ID = root_hobt.MergeDocumentItemTypeId) 
 JOIN SCore.EntityTypes AS [02A636D3-60AA-4516-8303-3B12D2497685] ON ([02A636D3-60AA-4516-8303-3B12D2497685].ID = root_hobt.EntityTypeId) 
' WHERE ID = 273
UPDATE SCore.EntityQueries SET Statement = N'SELECT 
	root_hobt.ID
,	root_hobt.Guid
,	root_hobt.RowStatus
,	root_hobt.RowVersion
,	root_hobt.Name
,	root_hobt.IsImageType

FROM SCore.MergeDocumentItemTypes AS root_hobt 
' WHERE ID = 276
UPDATE SCore.EntityQueries SET Statement = N'SELECT 
	root_hobt.ID
,	root_hobt.Guid
,	root_hobt.RowStatus
,	root_hobt.RowVersion
,	[E9D4ABB8-AACF-4ECF-8EAC-1DFA642106F7].Guid AS ProjectID
,	root_hobt.Detail
,	root_hobt.DateTime

FROM SSop.ProjectKeyDates AS root_hobt 
JOIN SSop.Projects AS [E9D4ABB8-AACF-4ECF-8EAC-1DFA642106F7] ON ([E9D4ABB8-AACF-4ECF-8EAC-1DFA642106F7].ID = root_hobt.ProjectID) 
' WHERE ID = 281
UPDATE SCore.EntityQueries SET Statement = N'SELECT 
	[CF303924-00E4-4D84-8E04-16B74316BD33].Guid AS QuoteId
,	root_hobt.DateAccepted
,	root_hobt.DateSent
,	root_hobt.DateRejected
,	root_hobt.Number
,	root_hobt.RevisionNumber
,       root_hobt.DeclinedToQuoteDate
,       root_hobt.DeclinedToQuoteReason
FROM SSop.EnquiryService_ExtendedInfo AS root_hobt 
JOIN SSop.Quotes AS [CF303924-00E4-4D84-8E04-16B74316BD33] ON ([CF303924-00E4-4D84-8E04-16B74316BD33].ID = root_hobt.QuoteId) 
' WHERE ID = 287
UPDATE SCore.EntityQueries SET Statement = N'EXEC [SSop].[EnquiryServicesExtUpsert]  
	@DateSent = @DateSent, 
	@DateAccepted = @DateAccepted, 
	@DateRejected = @DateRejected, 
	@DateDeclinedToQuote = @DateDeclinedToQuote, 
	@DateDeclinedToQuoteReason = @DateDeclinedToQuoteReason, 
	@QuoteGuid = @QuoteGuid, 
	@Guid = @Guid' WHERE ID = 288
UPDATE SCore.EntityQueries SET Statement = N'EXEC [SSop].[EnquiryCreateJobs]  
	@Guid = @Guid' WHERE ID = 289
UPDATE SCore.EntityQueries SET Statement = N'EXEC [SSop].[QuoteDelete]  
	@Guid = @Guid' WHERE ID = 290
UPDATE SCore.EntityQueries SET Statement = N'SELECT 
	root_hobt.AgentAddress,
	root_hobt.AgentAddressBlock,
	root_hobt.AgentAddressLine1,
	root_hobt.AgentAddressLine2,
	root_hobt.AgentAddressLine3,
	root_hobt.AgentCompanyRegNo,
	root_hobt.AgentContactName,
	root_hobt.AgentCounty,
	root_hobt.AgentEmail,
	root_hobt.AgentFirstName,
	root_hobt.AgentMobile,
	root_hobt.AgentName,
	root_hobt.AgentPhone,
	root_hobt.AgentPostcode,
	root_hobt.AgentSurname,
	root_hobt.AgentTown,
	root_hobt.ClientAddress,
	root_hobt.ClientAddressBlock,
	root_hobt.ClientAddressLine1,
	root_hobt.ClientAddressLine2,
	root_hobt.ClientAddressLine3,
	root_hobt.ClientCompanyRegNo,
	root_hobt.ClientContactName,
	root_hobt.ClientCounty,
	root_hobt.ClientEmail,
	root_hobt.ClientFirstName,
	root_hobt.ClientMobile,
	root_hobt.ClientName,
	root_hobt.ClientPhone,
	root_hobt.ClientPostcode,
	root_hobt.ClientSurname,
	root_hobt.ClientTown,
	root_hobt.DescriptionOfWorks,
	root_hobt.EnquiryDate,
	root_hobt.EnquiryNumber,
	root_hobt.FinanceAddress,
	root_hobt.FinanceAddressBlock,
	root_hobt.FinanceAddressLine1,
	root_hobt.FinanceAddressLine2,
	root_hobt.FinanceAddressLine3,
	root_hobt.FinanceCompanyRegNo,
	root_hobt.FinanceContactName,
	root_hobt.FinanceCounty,
	root_hobt.FinanceEmail,
	root_hobt.FinanceFirstName,
	root_hobt.FinanceMobile,
	root_hobt.FinanceName,
	root_hobt.FinancePhone,
	root_hobt.FinancePostcode,
	root_hobt.FinanceSurname,
	root_hobt.FinanceTown,
	root_hobt.Guid,
	root_hobt.ID,
	root_hobt.OfficialAddressLine1,
	root_hobt.OfficialAddressLine2,
	root_hobt.OfficialAddressLine3,
	root_hobt.OfficialCounty,
	root_hobt.OfficialEmail,
	root_hobt.OfficialMobile,
	root_hobt.OfficialName,
	root_hobt.OfficialPhone,
	root_hobt.OfficialPostcode,
	root_hobt.OfficialTown,
	root_hobt.ParentGuid,
	root_hobt.PropertyAddress,
	root_hobt.PropertyAddressBlock,
	root_hobt.PropertyAddressLine1,
	root_hobt.PropertyAddressLine2,
	root_hobt.PropertyAddressLine3,
	root_hobt.PropertyCounty,
	root_hobt.PropertyPostcode,
	root_hobt.PropertyShortAddress,
	root_hobt.PropertyTown,
	root_hobt.ProposalLetter,
	root_hobt.RecipientAddress,
	root_hobt.RecipientAddressBlock,
	root_hobt.RecipientAddressLine1,
	root_hobt.RecipientAddressLine2,
	root_hobt.RecipientAddressLine3,
	root_hobt.RecipientCompanyRegNo,
	root_hobt.RecipientContactName,
	root_hobt.RecipientCounty,
	root_hobt.RecipientEmail,
	root_hobt.RecipientFirstName,
	root_hobt.RecipientMobile,
	root_hobt.RecipientName,
	root_hobt.RecipientPhone,
	root_hobt.RecipientPostcode,
	root_hobt.RecipientSurname,
	root_hobt.RecipientTown,
	root_hobt.RowStatus,
	root_hobt.RowVersion,
	root_hobt.SignatoryInitials,
	root_hobt.SignatoryJobTitle,
	root_hobt.SignatoryName,
	root_hobt.SignatoryPostNominals,
	root_hobt.SignatorytEmail,
	root_hobt.TotalFee,
	root_hobt.UPRN
FROM SSop.Enquiry_MergeInfo AS root_hobt 
' WHERE ID = 291
UPDATE SCore.EntityQueries SET Statement = N'SELECT 
	[56C69394-5430-42BA-A4E2-4D12A3D0777C].Guid AS EnquiryId,
	root_hobt.Guid,
	root_hobt.ID,
	root_hobt.Item,
	root_hobt.RowStatus,
	root_hobt.RowVersion
FROM SSop.ScheduleOfClientInformation AS root_hobt 
JOIN SSop.Enquiries AS [56C69394-5430-42BA-A4E2-4D12A3D0777C] ON ([56C69394-5430-42BA-A4E2-4D12A3D0777C].ID = root_hobt.EnquiryId) 
' WHERE ID = 292
UPDATE SCore.EntityQueries SET Statement = N'EXEC [SSop].[ScheduleOfClientInformationUpsert]  
	@EnquiryGuid = @EnquiryGuid, 
	@Item = @Item, 
	@Guid = @Guid' WHERE ID = 293
UPDATE SCore.EntityQueries SET Statement = N'SELECT 
	root_hobt.EnquiryGuid,
	root_hobt.Guid,
	root_hobt.ID,
	root_hobt.ParentGuid,
	root_hobt.QuoteGuid,
	root_hobt.RowStatus,
	root_hobt.RowVersion
FROM SSop.EnquiryService_MergeInfo AS root_hobt 
' WHERE ID = 295
UPDATE SCore.EntityQueries SET Statement = N'SELECT 
	root_hobt.Guid,
	root_hobt.ID,
	root_hobt.Item,
	root_hobt.ParentGuid,
	root_hobt.RowStatus,
	root_hobt.RowVersion
FROM SSop.ScheduleOfClientInfo_MergeInfo AS root_hobt 
' WHERE ID = 296
UPDATE SCore.EntityQueries SET Statement = N'SELECT 
	root_hobt.Accept,
	root_hobt.EnquiryGuid,
	root_hobt.Guid,
	root_hobt.ID,
	root_hobt.Name,
	root_hobt.ParentGuid,
	root_hobt.RowStatus,
	root_hobt.RowVersion
FROM SSop.EnquiryAcceptanceServices_MergeInfo AS root_hobt 
' WHERE ID = 297
UPDATE SCore.EntityQueries SET Statement = N'EXEC [SCore].[MergeDocumentsDelete]  
	@Guid = @Guid' WHERE ID = 298
UPDATE SCore.EntityQueries SET Statement = N'EXEC [SUserInterface].[GridViewDefinitionsDelete]  
	@Guid = @Guid' WHERE ID = 299
UPDATE SCore.EntityQueries SET Statement = N'EXEC [SUserInterface].[GridViewColumnDefinitionsDelete]  
	@Guid = @Guid' WHERE ID = 300
UPDATE SCore.EntityQueries SET Statement = N'SELECT 
	root_hobt.Description,
	root_hobt.Guid,
	root_hobt.ID,
	root_hobt.LineNet,
	root_hobt.RowStatus,
	root_hobt.RowVersion
FROM SSop.QuoteItems_MergeInfo AS root_hobt 
' WHERE ID = 301
UPDATE SCore.EntityQueries SET Statement = N'SELECT 
	root_hobt.ActivityDate,
	root_hobt.ActivityNotes,
	root_hobt.ActivityTitle,
	root_hobt.ActivityType,
	root_hobt.AgentAddress,
	root_hobt.AgentAddressBlock,
	root_hobt.AgentAddressLine1,
	root_hobt.AgentAddressLine2,
	root_hobt.AgentAddressLine3,
	root_hobt.AgentCompanyRegNo,
	root_hobt.AgentContactName,
	root_hobt.AgentCounty,
	root_hobt.AgentEmail,
	root_hobt.AgentFirstName,
	root_hobt.AgentMobile,
	root_hobt.AgentName,
	root_hobt.AgentPhone,
	root_hobt.AgentPostcode,
	root_hobt.AgentSurname,
	root_hobt.AgentTown,
	root_hobt.ClientAddress,
	root_hobt.ClientAddressBlock,
	root_hobt.ClientAddressLine1,
	root_hobt.ClientAddressLine2,
	root_hobt.ClientAddressLine3,
	root_hobt.ClientCompanyRegNo,
	root_hobt.ClientContactName,
	root_hobt.ClientCounty,
	root_hobt.ClientEmail,
	root_hobt.ClientFirstName,
	root_hobt.ClientMobile,
	root_hobt.ClientName,
	root_hobt.ClientPhone,
	root_hobt.ClientPostcode,
	root_hobt.ClientSurname,
	root_hobt.ClientTown,
	root_hobt.Guid,
	root_hobt.ID,
	root_hobt.JobDescription,
	root_hobt.JobNumber,
	root_hobt.JobType,
	root_hobt.LocalAuthority,
	root_hobt.OfficialAddressLine1,
	root_hobt.OfficialAddressLine2,
	root_hobt.OfficialAddressLine3,
	root_hobt.OfficialCounty,
	root_hobt.OfficialEmail,
	root_hobt.OfficialMobile,
	root_hobt.OfficialName,
	root_hobt.OfficialPhone,
	root_hobt.OfficialPostcode,
	root_hobt.OfficialTown,
	root_hobt.ParentGuid,
	root_hobt.PropertyAddress,
	root_hobt.PropertyAddressBlock,
	root_hobt.PropertyAddressLine1,
	root_hobt.PropertyAddressLine2,
	root_hobt.PropertyAddressLine3,
	root_hobt.PropertyCounty,
	root_hobt.PropertyPostcode,
	root_hobt.PropertyShortAddress,
	root_hobt.PropertyTown,
	root_hobt.RowStatus,
	root_hobt.RowVersion,
	root_hobt.SurveyorEmail,
	root_hobt.SurveyorInitials,
	root_hobt.SurveyorJobTitle,
	root_hobt.SurveyorName,
	root_hobt.SurveyorPostNominals,
	root_hobt.UPRN
FROM SJob.Activity_MergeInfo AS root_hobt 
' WHERE ID = 303
UPDATE SCore.EntityQueries SET Statement = N'SELECT 
	root_hobt.DisplayName,
	root_hobt.Email,
	root_hobt.FirstName,
	root_hobt.Guid,
	root_hobt.ID,
	root_hobt.Mobile,
	root_hobt.ParentGuid,
	root_hobt.Phone,
	root_hobt.RowStatus,
	root_hobt.RowVersion,
	root_hobt.Surname
FROM SCrm.Contact_MergeInfo AS root_hobt 
' WHERE ID = 304
UPDATE SCore.EntityQueries SET Statement = N'SELECT 
	root_hobt.AgentAddress,
	root_hobt.AgentAddressBlock,
	root_hobt.AgentAddressLine1,
	root_hobt.AgentAddressLine2,
	root_hobt.AgentAddressLine3,
	root_hobt.AgentCompanyRegNo,
	root_hobt.AgentContactName,
	root_hobt.AgentCounty,
	root_hobt.AgentEmail,
	root_hobt.AgentFirstName,
	root_hobt.AgentMobile,
	root_hobt.AgentName,
	root_hobt.AgentPhone,
	root_hobt.AgentPostcode,
	root_hobt.AgentSurname,
	root_hobt.AgentTown,
	root_hobt.AgreedFee,
	root_hobt.ClientAddress,
	root_hobt.ClientAddressBlock,
	root_hobt.ClientAddressLine1,
	root_hobt.ClientAddressLine2,
	root_hobt.ClientAddressLine3,
	root_hobt.ClientAppointmentReceived,
	root_hobt.ClientCompanyRegNo,
	root_hobt.ClientContactName,
	root_hobt.ClientCounty,
	root_hobt.ClientEmail,
	root_hobt.ClientFirstName,
	root_hobt.ClientMobile,
	root_hobt.ClientName,
	root_hobt.ClientPhone,
	root_hobt.ClientPostcode,
	root_hobt.ClientSurname,
	root_hobt.ClientTown,
	root_hobt.ConstructionStageFee,
	root_hobt.Guid,
	root_hobt.ID,
	root_hobt.JobDescription,
	root_hobt.JobIDString,
	root_hobt.JobNumber,
	root_hobt.JobType,
	root_hobt.LocalAuthority,
	root_hobt.OfficialAddressLine1,
	root_hobt.OfficialAddressLine2,
	root_hobt.OfficialAddressLine3,
	root_hobt.OfficialCounty,
	root_hobt.OfficialEmail,
	root_hobt.OfficialMobile,
	root_hobt.OfficialName,
	root_hobt.OfficialPhone,
	root_hobt.OfficialPostcode,
	root_hobt.OfficialTown,
	root_hobt.PreConstructionStageFee,
	root_hobt.PropertyAddress,
	root_hobt.PropertyAddressBlock,
	root_hobt.PropertyAddressLine1,
	root_hobt.PropertyAddressLine2,
	root_hobt.PropertyAddressLine3,
	root_hobt.PropertyCounty,
	root_hobt.PropertyPostcode,
	root_hobt.PropertyShortAddress,
	root_hobt.PropertyTown,
	root_hobt.RibaStage1Fee,
	root_hobt.RibaStage2Fee,
	root_hobt.RibaStage3Fee,
	root_hobt.RibaStage4Fee,
	root_hobt.RibaStage5Fee,
	root_hobt.RibaStage6Fee,
	root_hobt.RibaStage7Fee,
	root_hobt.RowStatus,
	root_hobt.RowVersion,
	root_hobt.SurveyorEmail,
	root_hobt.SurveyorInitials,
	root_hobt.SurveyorJobTitle,
	root_hobt.SurveyorName,
	root_hobt.SurveyorPostNominals,
	root_hobt.TotalNetFee,
	root_hobt.UPRN
FROM SJob.Job_MergeInfo AS root_hobt 
' WHERE ID = 305
UPDATE SCore.EntityQueries SET Statement = N'SELECT 
	root_hobt.ActivityEndDate,
	root_hobt.ActivityNotes,
	root_hobt.ActivityStartDate,
	root_hobt.ActivityTitle,
	root_hobt.ActivityType,
	root_hobt.Guid,
	root_hobt.ID,
	root_hobt.ParentGuid,
	root_hobt.RowStatus,
	root_hobt.RowVersion,
	root_hobt.SurveyorName
FROM SJob.Activity_Table_MergeInfo AS root_hobt 
' WHERE ID = 306

--
-- Inserting data into table [SCore].[EntityQueries]
--
GO

IF @@ERROR<>0 OR @@TRANCOUNT=0 BEGIN IF @@TRANCOUNT>0 ROLLBACK SET NOEXEC ON END
SET IDENTITY_INSERT SCore.EntityQueries ON
GO

IF @@ERROR<>0 OR @@TRANCOUNT=0 BEGIN IF @@TRANCOUNT>0 ROLLBACK SET NOEXEC ON END
INSERT SCore.EntityQueries(ID, RowStatus, Guid, Name, Statement, EntityTypeID, EntityHoBTID, IsDefaultCreate, IsDefaultRead, IsDefaultUpdate, IsDefaultDelete, IsScalarExecute, IsDefaultValidation, UsesProcessGuid, IsDefaultDataPills, IsProgressData, IsMergeDocumentQuery, SchemaName, ObjectName, IsManualStatement) VALUES (313, 1, '7a81ed52-c6ab-469c-9d99-1254ee0062a1', N'Non-Activity Events Upsert', N'EXEC [SCore].[NonActivityEventsUpsert] @Guid = @Guid, @EndTime = @EndTime, @EventName = @EventName, @MemberId = @MemberId, @StartTime = @StartTime, @TeamId = @TeamId', 177, 134, 1, 0, 1, 0, 0, 0, 0, 0, 0, 0, N'SCore', N'NonActivityEvents', 1)
INSERT SCore.EntityQueries(ID, RowStatus, Guid, Name, Statement, EntityTypeID, EntityHoBTID, IsDefaultCreate, IsDefaultRead, IsDefaultUpdate, IsDefaultDelete, IsScalarExecute, IsDefaultValidation, UsesProcessGuid, IsDefaultDataPills, IsProgressData, IsMergeDocumentQuery, SchemaName, ObjectName, IsManualStatement) VALUES (314, 1, 'a26d80ff-cb52-4036-a235-39b2bb497213', N'Non-Activity Events Delete', N'EXEC [SCore].[NonActivityEventsDelete] @Guid = @Guid', 177, 134, 0, 0, 0, 1, 0, 0, 0, 0, 0, 0, N'SCore', N'NonActivityEvents', 1)
INSERT SCore.EntityQueries(ID, RowStatus, Guid, Name, Statement, EntityTypeID, EntityHoBTID, IsDefaultCreate, IsDefaultRead, IsDefaultUpdate, IsDefaultDelete, IsScalarExecute, IsDefaultValidation, UsesProcessGuid, IsDefaultDataPills, IsProgressData, IsMergeDocumentQuery, SchemaName, ObjectName, IsManualStatement) VALUES (315, 1, 'b1dea162-ce89-453f-a932-3a66fc4629fc', N'Non-Activity Events Read', N'SELECT 
	root_hobt.ID,
	root_hobt.Guid,
	root_hobt.RowVersion,
	root_hobt.RowStatus,
	root_hobt.EventName,
	root_hobt.StartTime,
	root_hobt.EndTime,
	root_hobt.TeamId,
	root_hobt.MemberId
FROM SCore.NonActivityEvents root_hobt', 177, 134, 0, 1, 0, 0, 0, 0, 0, 0, 0, 0, N'SCore', N'NonActivityEvents', 1)
GO
SET IDENTITY_INSERT SCore.EntityQueries OFF
GO

IF @@ERROR<>0 OR @@TRANCOUNT=0 BEGIN IF @@TRANCOUNT>0 ROLLBACK SET NOEXEC ON END

--
-- Reseed identity on SCore.EntityQueries
--
DBCC CHECKIDENT('SCore.EntityQueries', RESEED, 315)
GO

IF @@ERROR<>0 OR @@TRANCOUNT=0 BEGIN IF @@TRANCOUNT>0 ROLLBACK SET NOEXEC ON END

--
-- Inserting data into table [SCore].[EntityQueryParameters]
--
SET IDENTITY_INSERT SCore.EntityQueryParameters ON
GO

IF @@ERROR<>0 OR @@TRANCOUNT=0 BEGIN IF @@TRANCOUNT>0 ROLLBACK SET NOEXEC ON END
INSERT SCore.EntityQueryParameters(ID, RowStatus, Guid, Name, EntityQueryID, EntityDataTypeID, MappedEntityPropertyID, DefaultValue, IsInput, IsOutput, IsReturnColumn) VALUES (1306, 1, '337ba009-286b-49eb-a4f3-c71cf10d237d', N'ShowOnMobile', 4, 4, 2063, N'0', 1, 0, 0)
INSERT SCore.EntityQueryParameters(ID, RowStatus, Guid, Name, EntityQueryID, EntityDataTypeID, MappedEntityPropertyID, DefaultValue, IsInput, IsOutput, IsReturnColumn) VALUES (1307, 1, '4210daa9-a445-4189-ba72-41974bf89c7a', N'ShowOnMobile', 19, 4, 2064, N'0', 1, 0, 0)
INSERT SCore.EntityQueryParameters(ID, RowStatus, Guid, Name, EntityQueryID, EntityDataTypeID, MappedEntityPropertyID, DefaultValue, IsInput, IsOutput, IsReturnColumn) VALUES (1308, 1, '58f69e58-f8c5-4aff-8638-dfeb4b814424', N'@Guid', 313, 6, 2089, N'', 1, 0, 0)
INSERT SCore.EntityQueryParameters(ID, RowStatus, Guid, Name, EntityQueryID, EntityDataTypeID, MappedEntityPropertyID, DefaultValue, IsInput, IsOutput, IsReturnColumn) VALUES (1309, 1, 'e2c6f41d-1c83-481e-af96-b6a5f40b3908', N'@EventName', 313, 1, 2084, N'', 1, 0, 0)
INSERT SCore.EntityQueryParameters(ID, RowStatus, Guid, Name, EntityQueryID, EntityDataTypeID, MappedEntityPropertyID, DefaultValue, IsInput, IsOutput, IsReturnColumn) VALUES (1310, 1, '50408a5e-6e4b-4210-bda0-a81fa57fe48d', N'@StartTime', 313, 10, 2085, N'', 1, 0, 0)
INSERT SCore.EntityQueryParameters(ID, RowStatus, Guid, Name, EntityQueryID, EntityDataTypeID, MappedEntityPropertyID, DefaultValue, IsInput, IsOutput, IsReturnColumn) VALUES (1311, 1, 'f30d30a6-ee1f-4329-8209-7b6c98b55b43', N'@EndTime', 313, 10, 2086, N'', 1, 0, 0)
INSERT SCore.EntityQueryParameters(ID, RowStatus, Guid, Name, EntityQueryID, EntityDataTypeID, MappedEntityPropertyID, DefaultValue, IsInput, IsOutput, IsReturnColumn) VALUES (1312, 1, '258d6539-da69-48e8-8114-b38b351042b6', N'@TeamId', 313, 7, 2087, N'', 1, 0, 0)
INSERT SCore.EntityQueryParameters(ID, RowStatus, Guid, Name, EntityQueryID, EntityDataTypeID, MappedEntityPropertyID, DefaultValue, IsInput, IsOutput, IsReturnColumn) VALUES (1313, 1, '8f4a74f1-bd73-4702-b071-cfad18dc1120', N'@MemberId', 313, 7, 2088, N'', 1, 0, 0)
INSERT SCore.EntityQueryParameters(ID, RowStatus, Guid, Name, EntityQueryID, EntityDataTypeID, MappedEntityPropertyID, DefaultValue, IsInput, IsOutput, IsReturnColumn) VALUES (1314, 1, '1a8f780a-c04a-45ee-b1d5-74591ed0ba1c', N'@Guid', 314, 6, 2089, N'', 1, 0, 0)
INSERT SCore.EntityQueryParameters(ID, RowStatus, Guid, Name, EntityQueryID, EntityDataTypeID, MappedEntityPropertyID, DefaultValue, IsInput, IsOutput, IsReturnColumn) VALUES (1315, 1, 'f1bfbab5-d9b5-4d78-86b1-4f878b6b3dec', N'@ShowOnMobile', 24, 4, 2093, N'0', 1, 0, 0)
INSERT SCore.EntityQueryParameters(ID, RowStatus, Guid, Name, EntityQueryID, EntityDataTypeID, MappedEntityPropertyID, DefaultValue, IsInput, IsOutput, IsReturnColumn) VALUES (1316, 1, 'bc65bf4a-76d2-4eb0-b3f5-fd6020683311', N'@IsAlwaysVisibleInGroup', 4, 4, 2094, N'0', 1, 0, 0)
INSERT SCore.EntityQueryParameters(ID, RowStatus, Guid, Name, EntityQueryID, EntityDataTypeID, MappedEntityPropertyID, DefaultValue, IsInput, IsOutput, IsReturnColumn) VALUES (1317, 1, '03fd9fc2-0e07-43a0-8150-0fad080ec694', N'@IsAlwaysVisibleInGroup_Mobile', 4, 4, 2095, N'0', 1, 0, 0)
INSERT SCore.EntityQueryParameters(ID, RowStatus, Guid, Name, EntityQueryID, EntityDataTypeID, MappedEntityPropertyID, DefaultValue, IsInput, IsOutput, IsReturnColumn) VALUES (1318, 1, '334a8d31-da4d-41c1-9dd4-f267ac216f70', N'@IsCollapsable', 24, 4, 2096, N'0', 0, 0, 0)
INSERT SCore.EntityQueryParameters(ID, RowStatus, Guid, Name, EntityQueryID, EntityDataTypeID, MappedEntityPropertyID, DefaultValue, IsInput, IsOutput, IsReturnColumn) VALUES (1319, 1, 'b15bf823-03f2-4187-82c8-c7126146a86c', N'@IsDefaultCollapsed', 24, 4, 2097, N'0', 1, 0, 0)
INSERT SCore.EntityQueryParameters(ID, RowStatus, Guid, Name, EntityQueryID, EntityDataTypeID, MappedEntityPropertyID, DefaultValue, IsInput, IsOutput, IsReturnColumn) VALUES (1320, 1, '8abd478a-504a-4473-a1dc-078f68447e9c', N'@IsDefaultCollapsed_Mobile', 24, 4, 2098, N'0', 1, 0, 0)
GO
SET IDENTITY_INSERT SCore.EntityQueryParameters OFF
GO

IF @@ERROR<>0 OR @@TRANCOUNT=0 BEGIN IF @@TRANCOUNT>0 ROLLBACK SET NOEXEC ON END

--
-- Reseed identity on SCore.EntityQueryParameters
--
DBCC CHECKIDENT('SCore.EntityQueryParameters', RESEED, 1320)
GO

IF @@ERROR<>0 OR @@TRANCOUNT=0 BEGIN IF @@TRANCOUNT>0 ROLLBACK SET NOEXEC ON END

--
-- Inserting data into table [SCore].[EntityTypes]
--
SET IDENTITY_INSERT SCore.EntityTypes ON
GO

IF @@ERROR<>0 OR @@TRANCOUNT=0 BEGIN IF @@TRANCOUNT>0 ROLLBACK SET NOEXEC ON END
INSERT SCore.EntityTypes(ID, RowStatus, Guid, Name, IsReadOnlyOffline, IsRequiredSystemData, HasDocuments, LanguageLabelID, DoNotTrackChanges, IsRootEntity, DetailPageUrl, IconId, IsMetaData) VALUES (168, 0, '78187401-0bee-442f-bfca-9cbcec5a1ae6', N'Non-Activity Events', 0, 0, 0, 584, 1, 0, N'', 85, 0)
INSERT SCore.EntityTypes(ID, RowStatus, Guid, Name, IsReadOnlyOffline, IsRequiredSystemData, HasDocuments, LanguageLabelID, DoNotTrackChanges, IsRootEntity, DetailPageUrl, IconId, IsMetaData) VALUES (169, 0, 'e021a63f-45af-40db-89d0-1e12ddbdcb36', N'Non-Activity Events', 0, 0, 0, 2828, 0, 0, N'', -1, 0)
INSERT SCore.EntityTypes(ID, RowStatus, Guid, Name, IsReadOnlyOffline, IsRequiredSystemData, HasDocuments, LanguageLabelID, DoNotTrackChanges, IsRootEntity, DetailPageUrl, IconId, IsMetaData) VALUES (170, 0, '74f9cfb3-0527-4b5c-8c80-471eae998cfe', N'Non-Activity Events', 0, 0, 0, 2828, 0, 0, N'DynamicEdit', -1, 0)
INSERT SCore.EntityTypes(ID, RowStatus, Guid, Name, IsReadOnlyOffline, IsRequiredSystemData, HasDocuments, LanguageLabelID, DoNotTrackChanges, IsRootEntity, DetailPageUrl, IconId, IsMetaData) VALUES (171, 0, 'dcdf7528-c9d4-47f5-af00-4ba50549f8df', N'NonActivityEvents', 0, 0, 0, 2828, 0, 0, N'EditPage', -1, 0)
INSERT SCore.EntityTypes(ID, RowStatus, Guid, Name, IsReadOnlyOffline, IsRequiredSystemData, HasDocuments, LanguageLabelID, DoNotTrackChanges, IsRootEntity, DetailPageUrl, IconId, IsMetaData) VALUES (172, 0, '3b1c4a8a-8248-437d-adc4-562fb38b6093', N'Non-Activity Events', 0, 0, 0, 2828, 0, 0, N'EditPage', -1, 0)
INSERT SCore.EntityTypes(ID, RowStatus, Guid, Name, IsReadOnlyOffline, IsRequiredSystemData, HasDocuments, LanguageLabelID, DoNotTrackChanges, IsRootEntity, DetailPageUrl, IconId, IsMetaData) VALUES (173, 0, '7e1f5729-4585-4092-9a61-981549ead354', N'Non-Activity Events', 0, 0, 0, 2828, 0, 0, N'', -1, 0)
INSERT SCore.EntityTypes(ID, RowStatus, Guid, Name, IsReadOnlyOffline, IsRequiredSystemData, HasDocuments, LanguageLabelID, DoNotTrackChanges, IsRootEntity, DetailPageUrl, IconId, IsMetaData) VALUES (174, 0, '5b2d8ca4-31e5-4910-82ee-893aa5c2bb05', N'Non-Activity Events', 0, 0, 0, 2828, 0, 0, N'EditPage', 85, 0)
INSERT SCore.EntityTypes(ID, RowStatus, Guid, Name, IsReadOnlyOffline, IsRequiredSystemData, HasDocuments, LanguageLabelID, DoNotTrackChanges, IsRootEntity, DetailPageUrl, IconId, IsMetaData) VALUES (177, 1, '8899e76e-31bd-492b-9739-eb100610e92d', N'Non Activity Events', 0, 0, 0, 2849, 0, 1, N'', -1, 0)
GO
SET IDENTITY_INSERT SCore.EntityTypes OFF
GO

IF @@ERROR<>0 OR @@TRANCOUNT=0 BEGIN IF @@TRANCOUNT>0 ROLLBACK SET NOEXEC ON END

--
-- Reseed identity on SCore.EntityTypes
--
DBCC CHECKIDENT('SCore.EntityTypes', RESEED, 177)
GO

IF @@ERROR<>0 OR @@TRANCOUNT=0 BEGIN IF @@TRANCOUNT>0 ROLLBACK SET NOEXEC ON END

--
-- Inserting data into table [SCore].[LanguageLabels]
--
SET IDENTITY_INSERT SCore.LanguageLabels ON
GO

IF @@ERROR<>0 OR @@TRANCOUNT=0 BEGIN IF @@TRANCOUNT>0 ROLLBACK SET NOEXEC ON END
INSERT SCore.LanguageLabels(ID, RowStatus, Guid, Name) VALUES (2827, 1, 'aefaa653-b503-497e-9f7f-dcc1a9e7f93c', N'ShowOnMobile')
INSERT SCore.LanguageLabels(ID, RowStatus, Guid, Name) VALUES (2828, 1, 'db24ff67-b21c-4ba5-bb01-325ede6b03dc', N'SCore.NonActivityEvents')
INSERT SCore.LanguageLabels(ID, RowStatus, Guid, Name) VALUES (2849, 1, '03ca2932-46cc-48f7-b8b0-bd5212f2b832', N'Non Activity Events')
INSERT SCore.LanguageLabels(ID, RowStatus, Guid, Name) VALUES (2850, 1, '476e1be6-7e34-415c-9d09-1f4b0dce7220', N'[SCore].[NonActivityEvents].[ID]')
INSERT SCore.LanguageLabels(ID, RowStatus, Guid, Name) VALUES (2851, 1, 'b2415262-170d-4fa2-aa7e-97d4837dbd7b', N'[SCore].[NonActivityEvents].[EventName]')
INSERT SCore.LanguageLabels(ID, RowStatus, Guid, Name) VALUES (2852, 1, '6787193d-dcea-4643-b307-2951aeaf9f51', N'[SCore].[NonActivityEvents].[StartTime]')
INSERT SCore.LanguageLabels(ID, RowStatus, Guid, Name) VALUES (2853, 1, 'f9374bb2-76b0-492c-b6d9-9295ead60035', N'[SCore].[NonActivityEvents].[EndTime]')
INSERT SCore.LanguageLabels(ID, RowStatus, Guid, Name) VALUES (2854, 1, 'eb49a4cd-8613-47d4-8150-0c85caf71fde', N'[SCore].[NonActivityEvents].[TeamId]')
INSERT SCore.LanguageLabels(ID, RowStatus, Guid, Name) VALUES (2855, 1, '26b38fdd-58e7-44f8-a93f-cf4ec6febf5b', N'[SCore].[NonActivityEvents].[MemberId]')
INSERT SCore.LanguageLabels(ID, RowStatus, Guid, Name) VALUES (2856, 1, '1830efd7-8553-40f0-89a7-e169cd13deca', N'[SCore].[NonActivityEvents].[Guid]')
INSERT SCore.LanguageLabels(ID, RowStatus, Guid, Name) VALUES (2857, 1, '384fcad5-6ad0-406e-a52e-48b4fcb273d3', N'[SCore].[NonActivityEvents].[RowStatus]')
INSERT SCore.LanguageLabels(ID, RowStatus, Guid, Name) VALUES (2858, 1, '597b8fbf-93c9-4345-8b48-d3894e723760', N'[SCore].[NonActivityEvents].[RowVersion]')
INSERT SCore.LanguageLabels(ID, RowStatus, Guid, Name) VALUES (2859, 1, '72a92d70-fa9f-4e99-9166-7edd49e662c4', N'[SCore].[NonActivityEvent].[ID]')
INSERT SCore.LanguageLabels(ID, RowStatus, Guid, Name) VALUES (2860, 1, '9956db0f-d988-4dfa-b3da-481e859ab9e6', N'IsAlwaysVisibleInGroup')
INSERT SCore.LanguageLabels(ID, RowStatus, Guid, Name) VALUES (2861, 1, '0a3bafba-d5be-422a-a0e7-204c1f622eb7', N'IsAlwaysVisibleInGroup_Mobile')
INSERT SCore.LanguageLabels(ID, RowStatus, Guid, Name) VALUES (2862, 1, '9e7807bd-3f87-4144-bf29-d1dd0ffb408f', N'IsCollapsed')
INSERT SCore.LanguageLabels(ID, RowStatus, Guid, Name) VALUES (2863, 1, '598cf3e9-4c4f-47fb-88ee-c9c2de0d7f30', N'IsDefaultCollapsed')
INSERT SCore.LanguageLabels(ID, RowStatus, Guid, Name) VALUES (2864, 1, 'd3998bdb-988a-4408-9266-7295d9633060', N'IsDefaultCollapsed_Mobile')
INSERT SCore.LanguageLabels(ID, RowStatus, Guid, Name) VALUES (2865, 1, '99bef37e-865f-4fe0-ad6a-430e34a0e12d', N'IsCollapsable')
INSERT SCore.LanguageLabels(ID, RowStatus, Guid, Name) VALUES (2866, 1, '4fa660ee-eaa7-439a-9435-e19e3e733a1f', N'Scheduling')
INSERT SCore.LanguageLabels(ID, RowStatus, Guid, Name) VALUES (2867, 1, '37f49044-e8b1-4b75-8cb3-3ea7b48ca17d', N'My Absences')
INSERT SCore.LanguageLabels(ID, RowStatus, Guid, Name) VALUES (2868, 1, '4fc5be2b-01a7-4315-b59a-6e2ff58eaeae', N'[SCore].[tvf_GetScheduledAbsences].[StartTime]')
INSERT SCore.LanguageLabels(ID, RowStatus, Guid, Name) VALUES (2869, 1, '1bb63dd9-18af-4545-ac65-f766a3e3ab2a', N'[SCore].[tvf_GetScheduledAbsences].[EndTime]')
INSERT SCore.LanguageLabels(ID, RowStatus, Guid, Name) VALUES (2870, 1, '105a812d-9880-41e5-b3ca-a35f15112db0', N'CurrentScheduledWork')
INSERT SCore.LanguageLabels(ID, RowStatus, Guid, Name) VALUES (2871, 1, '88683c72-e2fc-4cb5-91b7-25a06bb4d585', N'[SJob].[CurrentScheduledWork].[RowStatus]')
INSERT SCore.LanguageLabels(ID, RowStatus, Guid, Name) VALUES (2872, 1, '6db42bb6-df7c-4aea-9274-880080256e6b', N'[SJob].[CurrentScheduledWork].[JobNumber]')
INSERT SCore.LanguageLabels(ID, RowStatus, Guid, Name) VALUES (2873, 1, '39a85019-44a9-4701-a1d5-29a56f8c1c38', N'[SJob].[CurrentScheduledWork].[StartDateTime]')
INSERT SCore.LanguageLabels(ID, RowStatus, Guid, Name) VALUES (2874, 1, '0db31a8c-7f7b-489d-a491-6517ae4aa6fc', N'[SJob].[CurrentScheduledWork].[EndDateTime]')
INSERT SCore.LanguageLabels(ID, RowStatus, Guid, Name) VALUES (2875, 1, '626bca3b-979f-4c62-bba5-8fc6361de0a9', N'[SJob].[CurrentScheduledWork].[ActivityStatus]')
INSERT SCore.LanguageLabels(ID, RowStatus, Guid, Name) VALUES (2876, 1, 'cef2f4ff-d3d7-4178-8ca9-8e094a572f4a', N'[SJob].[CurrentScheduledWork].[ActivityType]')
INSERT SCore.LanguageLabels(ID, RowStatus, Guid, Name) VALUES (2877, 1, '0dec79f7-dba3-4b75-945c-001832434229', N'[SJob].[CurrentScheduledWork].[ActivityTitle]')
INSERT SCore.LanguageLabels(ID, RowStatus, Guid, Name) VALUES (2878, 1, 'd2224850-7d86-4c66-ba5c-a7d98efb4796', N'[SJob].[CurrentScheduledWork].[ClientName]')
INSERT SCore.LanguageLabels(ID, RowStatus, Guid, Name) VALUES (2879, 1, 'af66438b-f303-4944-8de4-0a2720a0251d', N'[SJob].[CurrentScheduledWork].[PropertyAddress]')
GO
SET IDENTITY_INSERT SCore.LanguageLabels OFF
GO

IF @@ERROR<>0 OR @@TRANCOUNT=0 BEGIN IF @@TRANCOUNT>0 ROLLBACK SET NOEXEC ON END

--
-- Reseed identity on SCore.LanguageLabels
--
DBCC CHECKIDENT('SCore.LanguageLabels', RESEED, 2879)
GO

IF @@ERROR<>0 OR @@TRANCOUNT=0 BEGIN IF @@TRANCOUNT>0 ROLLBACK SET NOEXEC ON END

--
-- Inserting data into table [SCore].[LanguageLabelTranslations]
--
SET IDENTITY_INSERT SCore.LanguageLabelTranslations ON
GO

IF @@ERROR<>0 OR @@TRANCOUNT=0 BEGIN IF @@TRANCOUNT>0 ROLLBACK SET NOEXEC ON END
INSERT SCore.LanguageLabelTranslations(ID, RowStatus, Guid, Text, TextPlural, LanguageLabelID, LanguageID, HelpText) VALUES (2867, 1, 'f1bb93f5-0866-4be7-9341-3767009affbf', N'Show On Mobile?', N'Show On Mobiles?', 2827, 1, N'')
INSERT SCore.LanguageLabelTranslations(ID, RowStatus, Guid, Text, TextPlural, LanguageLabelID, LanguageID, HelpText) VALUES (2868, 1, 'da9a03db-f278-48fc-b5ba-afac9ca7c365', N'Non-Activity Event', N'Non-Activity Events', 2828, 1, N'')
INSERT SCore.LanguageLabelTranslations(ID, RowStatus, Guid, Text, TextPlural, LanguageLabelID, LanguageID, HelpText) VALUES (2889, 1, 'ff956624-888b-482f-ae5a-f7434a5a02cf', N'Non Activity Events', N'', 2849, 1, N'')
INSERT SCore.LanguageLabelTranslations(ID, RowStatus, Guid, Text, TextPlural, LanguageLabelID, LanguageID, HelpText) VALUES (2890, 1, 'a37b6ddf-5787-49c3-a569-15c6290c0c67', N'I D', N'', 2850, 1, N'')
INSERT SCore.LanguageLabelTranslations(ID, RowStatus, Guid, Text, TextPlural, LanguageLabelID, LanguageID, HelpText) VALUES (2891, 1, '44c55dd3-1ff8-4ab9-a21a-70c4b125fce6', N'Event Name', N'', 2851, 1, N'')
INSERT SCore.LanguageLabelTranslations(ID, RowStatus, Guid, Text, TextPlural, LanguageLabelID, LanguageID, HelpText) VALUES (2892, 1, 'ab3d9e55-9c70-4fa1-83c1-cbc9879c1708', N'Start Time', N'', 2852, 1, N'')
INSERT SCore.LanguageLabelTranslations(ID, RowStatus, Guid, Text, TextPlural, LanguageLabelID, LanguageID, HelpText) VALUES (2893, 1, '84c95e6e-323b-4a9d-9b25-d0a0e76c9d45', N'End Time', N'', 2853, 1, N'')
INSERT SCore.LanguageLabelTranslations(ID, RowStatus, Guid, Text, TextPlural, LanguageLabelID, LanguageID, HelpText) VALUES (2894, 1, 'd5402506-a4b3-402c-b633-89b1a8cfc207', N'Team Id', N'', 2854, 1, N'')
INSERT SCore.LanguageLabelTranslations(ID, RowStatus, Guid, Text, TextPlural, LanguageLabelID, LanguageID, HelpText) VALUES (2895, 1, '7a58d844-311e-4e9c-b92e-54d2a467207d', N'Member Id', N'', 2855, 1, N'')
INSERT SCore.LanguageLabelTranslations(ID, RowStatus, Guid, Text, TextPlural, LanguageLabelID, LanguageID, HelpText) VALUES (2896, 1, 'ec428e94-3351-4fe2-ac99-3f9249ba2be4', N'Guid', N'', 2856, 1, N'')
INSERT SCore.LanguageLabelTranslations(ID, RowStatus, Guid, Text, TextPlural, LanguageLabelID, LanguageID, HelpText) VALUES (2897, 1, 'b7a1555d-9283-427f-b417-b8786dbcd371', N'Row Status', N'', 2857, 1, N'')
INSERT SCore.LanguageLabelTranslations(ID, RowStatus, Guid, Text, TextPlural, LanguageLabelID, LanguageID, HelpText) VALUES (2898, 1, 'b44df11a-8166-43d0-bdfa-acabdb308ec4', N'Row Version', N'', 2858, 1, N'')
INSERT SCore.LanguageLabelTranslations(ID, RowStatus, Guid, Text, TextPlural, LanguageLabelID, LanguageID, HelpText) VALUES (2899, 1, '651887a8-3d36-49af-979b-5af42b25aedd', N'ID', N'ID', 2859, 1, N'')
INSERT SCore.LanguageLabelTranslations(ID, RowStatus, Guid, Text, TextPlural, LanguageLabelID, LanguageID, HelpText) VALUES (2900, 1, 'e5ed7e75-3c64-44a1-a9f4-ad53cda9a101', N'Is Always Visible In Group', N'Is Always Visible In Groups', 2860, 1, N'')
INSERT SCore.LanguageLabelTranslations(ID, RowStatus, Guid, Text, TextPlural, LanguageLabelID, LanguageID, HelpText) VALUES (2901, 1, '5891022c-3f80-441b-a52d-add376bb58c4', N'Is Always Visible In Group On Mobile', N'Is Always Visible In Groups On Mobiles', 2861, 1, N'')
INSERT SCore.LanguageLabelTranslations(ID, RowStatus, Guid, Text, TextPlural, LanguageLabelID, LanguageID, HelpText) VALUES (2902, 1, '5baf61d4-a442-44fa-ac1a-74f671cf105e', N'Is Collapsed?', N'Is Collapsed?', 2862, 1, N'')
INSERT SCore.LanguageLabelTranslations(ID, RowStatus, Guid, Text, TextPlural, LanguageLabelID, LanguageID, HelpText) VALUES (2903, 1, '86a87967-2792-4422-8333-262b1d0b9552', N'Is Default Collapsed?', N'Is Default Collapsed?', 2863, 1, N'')
INSERT SCore.LanguageLabelTranslations(ID, RowStatus, Guid, Text, TextPlural, LanguageLabelID, LanguageID, HelpText) VALUES (2904, 1, '401cd467-0cfa-4e0d-b56f-5ec15d7241f2', N'Is Default Collapsed On Mobile?', N'Is Default Collapsed On Mobiles?', 2864, 1, N'')
INSERT SCore.LanguageLabelTranslations(ID, RowStatus, Guid, Text, TextPlural, LanguageLabelID, LanguageID, HelpText) VALUES (2905, 1, '8894cb90-b693-46e3-808c-598c8f78ed0f', N'Is Collapsable?', N'Is Collapsable?', 2865, 1, N'')
INSERT SCore.LanguageLabelTranslations(ID, RowStatus, Guid, Text, TextPlural, LanguageLabelID, LanguageID, HelpText) VALUES (2906, 1, '3b3b60a7-66b0-420d-9aa0-9731eadd7169', N'Scheduling', N'Scheduling', 2866, 1, N'')
INSERT SCore.LanguageLabelTranslations(ID, RowStatus, Guid, Text, TextPlural, LanguageLabelID, LanguageID, HelpText) VALUES (2907, 1, 'f73b1fde-40cc-46b1-9b77-0a5dea0f23a1', N'My Absences', N'My Absences', 2867, 1, N'')
INSERT SCore.LanguageLabelTranslations(ID, RowStatus, Guid, Text, TextPlural, LanguageLabelID, LanguageID, HelpText) VALUES (2908, 1, '71a163ca-43fd-49c0-8cda-a47f091d832d', N'Start Time', N'Start Time', 2868, 1, N'')
INSERT SCore.LanguageLabelTranslations(ID, RowStatus, Guid, Text, TextPlural, LanguageLabelID, LanguageID, HelpText) VALUES (2909, 1, 'fb988405-1937-4372-af5b-fba3248a0a1b', N'End Day', N'End Day', 2869, 1, N'')
INSERT SCore.LanguageLabelTranslations(ID, RowStatus, Guid, Text, TextPlural, LanguageLabelID, LanguageID, HelpText) VALUES (2910, 1, 'bb5e2270-2f96-4d42-acc2-2c958e4fe084', N'Scheduled Work (7+/-)', N'Scheduled Work (7+/-)', 2870, 1, N'')
INSERT SCore.LanguageLabelTranslations(ID, RowStatus, Guid, Text, TextPlural, LanguageLabelID, LanguageID, HelpText) VALUES (2911, 1, 'c1253008-6605-4677-a70f-738dec78aa40', N'Row Status', N'Row Status''', 2871, 1, N'')
INSERT SCore.LanguageLabelTranslations(ID, RowStatus, Guid, Text, TextPlural, LanguageLabelID, LanguageID, HelpText) VALUES (2912, 1, '131c0cdf-9005-4dde-9a20-2d4ec228637f', N'#', N'#', 2872, 1, N'')
INSERT SCore.LanguageLabelTranslations(ID, RowStatus, Guid, Text, TextPlural, LanguageLabelID, LanguageID, HelpText) VALUES (2913, 1, '1ad51e06-c34f-4405-9451-e719ff38a8c9', N'Start', N'Start', 2873, 1, N'')
INSERT SCore.LanguageLabelTranslations(ID, RowStatus, Guid, Text, TextPlural, LanguageLabelID, LanguageID, HelpText) VALUES (2914, 1, '08b8d845-eb9c-4baa-98e2-56ea1f7dfcad', N'End', N'End', 2874, 1, N'')
INSERT SCore.LanguageLabelTranslations(ID, RowStatus, Guid, Text, TextPlural, LanguageLabelID, LanguageID, HelpText) VALUES (2915, 1, '437b93ea-d48d-4a9c-8aa1-dad6f0a9e559', N'Status', N'Status', 2875, 1, N'')
INSERT SCore.LanguageLabelTranslations(ID, RowStatus, Guid, Text, TextPlural, LanguageLabelID, LanguageID, HelpText) VALUES (2916, 1, '80aa1131-662e-421e-9bfa-814915c997da', N'Type', N'Type', 2876, 1, N'')
INSERT SCore.LanguageLabelTranslations(ID, RowStatus, Guid, Text, TextPlural, LanguageLabelID, LanguageID, HelpText) VALUES (2917, 1, '35fbd36e-acf1-4ec6-b6c8-e930d42a6529', N'Title', N'Title', 2877, 1, N'')
INSERT SCore.LanguageLabelTranslations(ID, RowStatus, Guid, Text, TextPlural, LanguageLabelID, LanguageID, HelpText) VALUES (2918, 1, '0aafb949-3436-4345-b1ac-948bbc20ec76', N'Client', N'Client', 2878, 1, N'')
INSERT SCore.LanguageLabelTranslations(ID, RowStatus, Guid, Text, TextPlural, LanguageLabelID, LanguageID, HelpText) VALUES (2919, 1, '31578492-cbb7-4356-a0a2-0039fd60b64e', N'Address', N'Address', 2879, 1, N'')
GO
SET IDENTITY_INSERT SCore.LanguageLabelTranslations OFF
GO

IF @@ERROR<>0 OR @@TRANCOUNT=0 BEGIN IF @@TRANCOUNT>0 ROLLBACK SET NOEXEC ON END

--
-- Reseed identity on SCore.LanguageLabelTranslations
--
DBCC CHECKIDENT('SCore.LanguageLabelTranslations', RESEED, 2919)
GO

IF @@ERROR<>0 OR @@TRANCOUNT=0 BEGIN IF @@TRANCOUNT>0 ROLLBACK SET NOEXEC ON END

--
-- Updating data of table [SUserInterface].[DropDownListDefinitions]
--
UPDATE SUserInterface.DropDownListDefinitions SET SqlQuery = N'SELECT	TOP(10) root_hobt.Guid,
		root_hobt.Name
FROM	SSop.Contracts_DDL root_hobt
WHERE	(root_hobt.AccountGuid = ''[[ParentGuid]]'')' WHERE ID = 30
UPDATE SUserInterface.DropDownListDefinitions SET SqlQuery = N'SELECT  root_hobt.Guid, 
		(CASE WHEN root_hobt.Title = '''' THEN ''-'' ELSE CONCAT(root_hobt.Title, '' '', CASE WHEN Act.IsBillable = 1 THEN ''(Billable)'' ELSE ''(Non-Billable)'' END) END) AS Title,
                Act.IsBillable
FROM    SJob.Activities root_hobt
JOIN    SJob.ActivityTypes AS Act ON (root_hobt.ActivityTypeID = Act.ID)
WHERE	(EXISTS 
			(
				SELECT	1
				FROM	SFin.InvoiceRequests AS ir
				WHERE	(ir.Guid = ''[[ParentGuid]]'')
					AND	(ir.JobId = root_hobt.JobID)
			)
		)  


' WHERE ID = 84
UPDATE SUserInterface.DropDownListDefinitions SET SqlQuery = N'SELECT 
		ac.Name,
		ac.Guid
FROM 
		SJob.Jobs root_hobt
INNER JOIN SCrm.Accounts ac ON (ac.ID = root_hobt.FinanceAccountID)
WHERE (root_hobt.Guid =  ''[[ParentGuid]]'')' WHERE ID = 86
UPDATE SUserInterface.DropDownListDefinitions SET SqlQuery = N'SELECT	root_hobt.Guid,
		root_hobt.Name
FROM	SCore.MergeDocumentItemTypes AS root_hobt' WHERE ID = 87
UPDATE SUserInterface.DropDownListDefinitions SET SqlQuery = N'SELECT	root_hobt.Guid,
		root_hobt.BookmarkName
FROM	SCore.MergeDocumentItems AS root_hobt' WHERE ID = 88
UPDATE SUserInterface.DropDownListDefinitions SET SqlQuery = N'SELECT	root_hobt.Guid, 
		root_hobt.Name
FROM	SSop.EnquiryService_DDL root_hobt' WHERE ID = 89
UPDATE SUserInterface.DropDownListDefinitions SET SqlQuery = N'SELECT	TOP(10) root_hobt.ListName, 
		root_hobt.Guid
FROM	SProd.tvf_Products(1) root_hobt
WHERE	((root_hobt.CreatedJobType = -1)
	OR	(EXISTS
			(
				SELECT	1
				FROM	SSop.Quotes AS q
				JOIN	SSop.EnquiryServices es ON (es.ID = q.EnquiryServiceID)
				WHERE	(es.JobTypeId = root_hobt.CreatedJobType)
					AND	(q.Guid = ''[[ParentGuid]]'')
			)
		))' WHERE ID = 90
UPDATE SUserInterface.DropDownListDefinitions SET SqlQuery = N'SELECT TOP(10) root_hobt.Guid,
           CASE WHEN root_hobt.Code <> '''' THEN root_hobt.Name + '' - '' + root_hobt.Code
                ELSE root_hobt.Name
           END AS Name
    FROM SCrm.Accounts root_hobt' WHERE ID = 91
UPDATE SUserInterface.DropDownListDefinitions SET SqlQuery = N'SELECT TOP(10)
             root_hobt.ConcatenatedNameCode,
             root_hobt.Guid,
             root_hobt.ColourHex
FROM SCrm.LiveSageColourAccounts root_hobt' WHERE ID = 92
UPDATE SUserInterface.DropDownListDefinitions SET SqlQuery = N'SELECT root_hobt.Name, root_hobt.Guid
FROM SJob.JobTypes root_hobt
' WHERE ID = 93
UPDATE SUserInterface.DropDownListDefinitions SET SqlQuery = N'SELECT	TOP(10)
		root_hobt .DisplayName,
		root_hobt .Guid AS ContactGuid
FROM	SCrm.Contacts root_hobt 
JOIN	SCrm.AccountContacts ac  ON (root_hobt .ID = ac.ContactID)
JOIN	SCrm.Accounts a ON (a.ID = ac.AccountID)
WHERE	(root_hobt.RowStatus NOT IN (0, 254))
	AND	(a.RowStatus NOT IN (0, 254))
	AND	(ac.RowStatus NOT IN (0, 254))
        AND         (a.Guid = ''[[ParentGuid]]'')' WHERE ID = 94
GO

IF @@ERROR<>0 OR @@TRANCOUNT=0 BEGIN IF @@TRANCOUNT>0 ROLLBACK SET NOEXEC ON END

--
-- Inserting data into table [SUserInterface].[GridDefinitions]
--
SET IDENTITY_INSERT SUserInterface.GridDefinitions ON
GO

IF @@ERROR<>0 OR @@TRANCOUNT=0 BEGIN IF @@TRANCOUNT>0 ROLLBACK SET NOEXEC ON END
INSERT SUserInterface.GridDefinitions(ID, RowStatus, Guid, Code, PageUri, TabName, ShowAsTiles, LanguageLabelId) VALUES (106, 1, 'f57c3ffb-1d85-45c4-af53-f4d544be78eb', N'SCHEDULING', N'', N'', 0, 2866)
INSERT SUserInterface.GridDefinitions(ID, RowStatus, Guid, Code, PageUri, TabName, ShowAsTiles, LanguageLabelId) VALUES (107, 1, '0131dc5c-e0e0-4e56-a679-5989a339e2b7', N'CURRENTSCHEDULEDWORK', N'', N'', 0, 2870)
GO
SET IDENTITY_INSERT SUserInterface.GridDefinitions OFF
GO

IF @@ERROR<>0 OR @@TRANCOUNT=0 BEGIN IF @@TRANCOUNT>0 ROLLBACK SET NOEXEC ON END

--
-- Reseed identity on SUserInterface.GridDefinitions
--
DBCC CHECKIDENT('SUserInterface.GridDefinitions', RESEED, 107)
GO

IF @@ERROR<>0 OR @@TRANCOUNT=0 BEGIN IF @@TRANCOUNT>0 ROLLBACK SET NOEXEC ON END

--
-- Updating data of table [SUserInterface].[GridViewColumnDefinitions]
--
UPDATE SUserInterface.GridViewColumnDefinitions SET IsFiltered = 1 WHERE ID = 1032

--
-- Inserting data into table [SUserInterface].[GridViewColumnDefinitions]
--
GO

IF @@ERROR<>0 OR @@TRANCOUNT=0 BEGIN IF @@TRANCOUNT>0 ROLLBACK SET NOEXEC ON END
SET IDENTITY_INSERT SUserInterface.GridViewColumnDefinitions ON
GO

IF @@ERROR<>0 OR @@TRANCOUNT=0 BEGIN IF @@TRANCOUNT>0 ROLLBACK SET NOEXEC ON END
INSERT SUserInterface.GridViewColumnDefinitions(ID, RowStatus, Guid, Name, ColumnOrder, GridViewDefinitionId, IsPrimaryKey, IsHidden, IsFiltered, IsCombo, IsLongitude, IsLatitude, DisplayFormat, Width, LanguageLabelId, TopHeaderCategory, TopHeaderCategoryOrder) VALUES (1036, 1, 'db4c3155-b8be-464d-b98a-7697d6b14ae0', N'ShowOnMobile', 0, 12, 0, 0, 0, 0, 0, 0, N'', N'', 2827, N'', 0)
INSERT SUserInterface.GridViewColumnDefinitions(ID, RowStatus, Guid, Name, ColumnOrder, GridViewDefinitionId, IsPrimaryKey, IsHidden, IsFiltered, IsCombo, IsLongitude, IsLatitude, DisplayFormat, Width, LanguageLabelId, TopHeaderCategory, TopHeaderCategoryOrder) VALUES (1037, 1, 'e86b731c-6969-45fe-9957-629901f77d1a', N'ID', 1, 188, 0, 0, 0, 0, 0, 0, N'', N'', 1627, N'', 0)
INSERT SUserInterface.GridViewColumnDefinitions(ID, RowStatus, Guid, Name, ColumnOrder, GridViewDefinitionId, IsPrimaryKey, IsHidden, IsFiltered, IsCombo, IsLongitude, IsLatitude, DisplayFormat, Width, LanguageLabelId, TopHeaderCategory, TopHeaderCategoryOrder) VALUES (1038, 1, '7142bf34-5b0a-4976-8236-73f05fe97f9a', N'Guid', 0, 188, 0, 1, 0, 0, 0, 0, N'', N'', 1689, N'', 0)
INSERT SUserInterface.GridViewColumnDefinitions(ID, RowStatus, Guid, Name, ColumnOrder, GridViewDefinitionId, IsPrimaryKey, IsHidden, IsFiltered, IsCombo, IsLongitude, IsLatitude, DisplayFormat, Width, LanguageLabelId, TopHeaderCategory, TopHeaderCategoryOrder) VALUES (1039, 1, '65c0f4d6-bf7a-43a7-a972-979a8101b022', N'StartTime', 2, 188, 0, 0, 0, 0, 0, 0, N'', N'', 2868, N'', 0)
INSERT SUserInterface.GridViewColumnDefinitions(ID, RowStatus, Guid, Name, ColumnOrder, GridViewDefinitionId, IsPrimaryKey, IsHidden, IsFiltered, IsCombo, IsLongitude, IsLatitude, DisplayFormat, Width, LanguageLabelId, TopHeaderCategory, TopHeaderCategoryOrder) VALUES (1040, 1, '2d5c8d35-7f63-44f9-ac31-d1262b0cff7b', N'EndTime', 3, 188, 0, 0, 0, 0, 0, 0, N'', N'', 2869, N'', 0)
INSERT SUserInterface.GridViewColumnDefinitions(ID, RowStatus, Guid, Name, ColumnOrder, GridViewDefinitionId, IsPrimaryKey, IsHidden, IsFiltered, IsCombo, IsLongitude, IsLatitude, DisplayFormat, Width, LanguageLabelId, TopHeaderCategory, TopHeaderCategoryOrder) VALUES (1041, 1, '16636685-4288-4495-9b1d-f31d1dff952f', N'ID', 999, 189, 1, 1, 1, 0, 0, 0, N'', N'', 1627, N'', 0)
INSERT SUserInterface.GridViewColumnDefinitions(ID, RowStatus, Guid, Name, ColumnOrder, GridViewDefinitionId, IsPrimaryKey, IsHidden, IsFiltered, IsCombo, IsLongitude, IsLatitude, DisplayFormat, Width, LanguageLabelId, TopHeaderCategory, TopHeaderCategoryOrder) VALUES (1042, 1, '1c9b92cd-8369-45c9-a65d-5753c28daf9b', N'Guid', 0, 189, 0, 1, 0, 0, 0, 0, N'', N'', 1689, N'', 0)
INSERT SUserInterface.GridViewColumnDefinitions(ID, RowStatus, Guid, Name, ColumnOrder, GridViewDefinitionId, IsPrimaryKey, IsHidden, IsFiltered, IsCombo, IsLongitude, IsLatitude, DisplayFormat, Width, LanguageLabelId, TopHeaderCategory, TopHeaderCategoryOrder) VALUES (1043, 1, '635413c1-7fe7-42c3-9b62-19d7f5697ff5', N'ID', 999, 190, 1, 1, 1, 0, 0, 0, N'', N'', 1627, N'', 0)
INSERT SUserInterface.GridViewColumnDefinitions(ID, RowStatus, Guid, Name, ColumnOrder, GridViewDefinitionId, IsPrimaryKey, IsHidden, IsFiltered, IsCombo, IsLongitude, IsLatitude, DisplayFormat, Width, LanguageLabelId, TopHeaderCategory, TopHeaderCategoryOrder) VALUES (1044, 1, '36967b3d-a539-4453-ae88-fe31b7f2c7d2', N'Guid', 0, 190, 0, 1, 0, 0, 0, 0, N'', N'', 1689, N'', 0)
INSERT SUserInterface.GridViewColumnDefinitions(ID, RowStatus, Guid, Name, ColumnOrder, GridViewDefinitionId, IsPrimaryKey, IsHidden, IsFiltered, IsCombo, IsLongitude, IsLatitude, DisplayFormat, Width, LanguageLabelId, TopHeaderCategory, TopHeaderCategoryOrder) VALUES (1045, 1, '05f16107-6b75-478b-9d37-7afa75fb9d7a', N'CostCentreCode', 0, 66, 0, 0, 1, 0, 0, 0, N'', N'', 1378, N'', 0)
INSERT SUserInterface.GridViewColumnDefinitions(ID, RowStatus, Guid, Name, ColumnOrder, GridViewDefinitionId, IsPrimaryKey, IsHidden, IsFiltered, IsCombo, IsLongitude, IsLatitude, DisplayFormat, Width, LanguageLabelId, TopHeaderCategory, TopHeaderCategoryOrder) VALUES (1046, 1, 'ba8e899e-4b18-4e3d-a276-481c29c9f5ae', N'RowStatus', 0, 190, 0, 1, 0, 0, 0, 0, N'', N'', 2871, N'', 0)
INSERT SUserInterface.GridViewColumnDefinitions(ID, RowStatus, Guid, Name, ColumnOrder, GridViewDefinitionId, IsPrimaryKey, IsHidden, IsFiltered, IsCombo, IsLongitude, IsLatitude, DisplayFormat, Width, LanguageLabelId, TopHeaderCategory, TopHeaderCategoryOrder) VALUES (1047, 1, '764bc5bf-962c-44ef-82c7-8483c99b01fd', N'JobNumber', 1, 190, 0, 0, 1, 0, 0, 0, N'', N'80px', 2872, N'', 0)
INSERT SUserInterface.GridViewColumnDefinitions(ID, RowStatus, Guid, Name, ColumnOrder, GridViewDefinitionId, IsPrimaryKey, IsHidden, IsFiltered, IsCombo, IsLongitude, IsLatitude, DisplayFormat, Width, LanguageLabelId, TopHeaderCategory, TopHeaderCategoryOrder) VALUES (1048, 1, '2ca2b13c-817e-4ca9-8c7e-9fa84ee38f64', N'StartDateTime', 2, 190, 0, 0, 0, 0, 0, 0, N'{dd/MM/yyyy hh:mm}', N'150px', 2873, N'', 0)
INSERT SUserInterface.GridViewColumnDefinitions(ID, RowStatus, Guid, Name, ColumnOrder, GridViewDefinitionId, IsPrimaryKey, IsHidden, IsFiltered, IsCombo, IsLongitude, IsLatitude, DisplayFormat, Width, LanguageLabelId, TopHeaderCategory, TopHeaderCategoryOrder) VALUES (1049, 1, '8344b588-f708-4012-a18d-36561d5191a0', N'EndDateTime', 3, 190, 0, 0, 0, 0, 0, 0, N'{dd/MM/yyyy hh:mm}', N'140px', 2874, N'', 0)
INSERT SUserInterface.GridViewColumnDefinitions(ID, RowStatus, Guid, Name, ColumnOrder, GridViewDefinitionId, IsPrimaryKey, IsHidden, IsFiltered, IsCombo, IsLongitude, IsLatitude, DisplayFormat, Width, LanguageLabelId, TopHeaderCategory, TopHeaderCategoryOrder) VALUES (1050, 1, 'a9434cd7-e96d-49b8-873b-ffe422183ff4', N'ActivityStatus', 4, 190, 0, 0, 1, 0, 0, 0, N'', N'100px', 2875, N'', 0)
INSERT SUserInterface.GridViewColumnDefinitions(ID, RowStatus, Guid, Name, ColumnOrder, GridViewDefinitionId, IsPrimaryKey, IsHidden, IsFiltered, IsCombo, IsLongitude, IsLatitude, DisplayFormat, Width, LanguageLabelId, TopHeaderCategory, TopHeaderCategoryOrder) VALUES (1051, 1, '83dd893c-c975-4c82-a4ca-fe8b853df4c7', N'ActivityType', 5, 190, 0, 0, 1, 0, 0, 0, N'', N'200px', 2876, N'', 0)
INSERT SUserInterface.GridViewColumnDefinitions(ID, RowStatus, Guid, Name, ColumnOrder, GridViewDefinitionId, IsPrimaryKey, IsHidden, IsFiltered, IsCombo, IsLongitude, IsLatitude, DisplayFormat, Width, LanguageLabelId, TopHeaderCategory, TopHeaderCategoryOrder) VALUES (1052, 1, 'fe4af463-eb89-47a8-90c3-66f2982100c3', N'ActivityTitle', 6, 190, 0, 0, 0, 0, 0, 0, N'', N'250px', 2877, N'', 0)
INSERT SUserInterface.GridViewColumnDefinitions(ID, RowStatus, Guid, Name, ColumnOrder, GridViewDefinitionId, IsPrimaryKey, IsHidden, IsFiltered, IsCombo, IsLongitude, IsLatitude, DisplayFormat, Width, LanguageLabelId, TopHeaderCategory, TopHeaderCategoryOrder) VALUES (1053, 1, 'ae3372e6-730b-47d9-b300-a7a117ac217e', N'ClientName', 1, 190, 0, 0, 1, 0, 0, 0, N'', N'120px', 2878, N'', 0)
INSERT SUserInterface.GridViewColumnDefinitions(ID, RowStatus, Guid, Name, ColumnOrder, GridViewDefinitionId, IsPrimaryKey, IsHidden, IsFiltered, IsCombo, IsLongitude, IsLatitude, DisplayFormat, Width, LanguageLabelId, TopHeaderCategory, TopHeaderCategoryOrder) VALUES (1054, 1, 'a5a1a8fb-6327-485b-aa74-27aa7e71c5de', N'PropertyAddress', 7, 190, 0, 0, 1, 0, 0, 0, N'', N'300px', 2879, N'', 0)
GO
SET IDENTITY_INSERT SUserInterface.GridViewColumnDefinitions OFF
GO

IF @@ERROR<>0 OR @@TRANCOUNT=0 BEGIN IF @@TRANCOUNT>0 ROLLBACK SET NOEXEC ON END

--
-- Reseed identity on SUserInterface.GridViewColumnDefinitions
--
DBCC CHECKIDENT('SUserInterface.GridViewColumnDefinitions', RESEED, 1054)
GO

IF @@ERROR<>0 OR @@TRANCOUNT=0 BEGIN IF @@TRANCOUNT>0 ROLLBACK SET NOEXEC ON END

--
-- Updating data of table [SUserInterface].[GridViewDefinitions]
--
UPDATE SUserInterface.GridViewDefinitions SET SqlQuery = N'SELECT	root_hobt.ID,
		root_hobt.RowStatus,
		root_hobt.Guid,
		root_hobt.Name, root_hobt.CostCentreCode,
		p.Name AS ParentUnit,
		root_hobt.OrgNode.ToString() as TreeOrder
FROM	SCore.OrganisationalUnits root_hobt
JOIN	SCore.OrganisationalUnits p ON (p.ID = root_hobt.ParentID)' WHERE ID = 66
UPDATE SUserInterface.GridViewDefinitions SET SqlQuery = N'SELECT	ID,
		Guid,
		RowStatus,
		Number,
		RealNet AS Net,
		RealVat AS Vat,
		RealGross AS Gross,
		RealOutstanding AS Outstanding,
		Date,
		Type,
		Surveyor,
SageTransactionReference
FROM	SJob.tvf_JobTransactions([[UserId]], ''[[ParentGuid]]'') root_hobt' WHERE ID = 89
UPDATE SUserInterface.GridViewDefinitions SET SqlQuery = N'SELECT	ID,
		RowStatus,
		RowVersion,
		Guid,
		JobType,
		Quote,
		QuoteNet,
		StartRibaStage,
		EndRibaStage ,
QuoteStatus
FROM	SSop.tvf_EnquiryServices([[UserId]], ''[[ParentGuid]]'') root_hobt' WHERE ID = 103
UPDATE SUserInterface.GridViewDefinitions SET SqlQuery = N'SELECT	root_hobt.ID,
		root_hobt.RowStatus,
		root_hobt.RowVersion,
		root_hobt.Guid,
		root_hobt.CreatedDateTime,
		root_hobt.TotalRibaStageChange,
		root_hobt.FeeCapChange,
		root_hobt.FullName,
               root_hobt.TotalMeetingChange,
               root_hobt.TotalVisitChange
FROM	SJob.tvf_FeeAmendments([[UserId]], ''[[ParentGuid]]'') root_hobt' WHERE ID = 114
UPDATE SUserInterface.GridViewDefinitions SET MetricSqlQuery = N'SELECT CONVERT(DECIMAL(9,2), COUNT(1)) AS MetricValue1, N''#ff0000'' Value1ColourHex, 
CONVERT(DECIMAL(9,2), 0) AS MetricValue2, N''#0000ff'' Value2ColourHex FROM SJob.tvf_Jobs_TeamDormant([[UserId]]) ' WHERE ID = 133
UPDATE SUserInterface.GridViewDefinitions SET SqlQuery = N'SELECT  root_hobt.ID,
		root_hobt.RowStatus,
		root_hobt.Guid,
		root_hobt.Type,
		root_hobt.EntityTypeId,
		root_hobt.SortOrder,
		root_hobt.Label
FROM    SUserInterface.tvf_ActionMenuItems([[UserId]], ''[[ParentGuid]]'') root_hobt' WHERE ID = 144
UPDATE SUserInterface.GridViewDefinitions SET SqlQuery = N'SELECT	root_hobt.ID,
		root_hobt.RowStatus,
		root_hobt.RowVersion,
		root_hobt.Guid,
		root_hobt.TableName,
		root_hobt.LinkedEntityType
FROM	SCore.tvf_MergeDocumentTables([[UserId]], ''[[ParentGuid]]'') root_hobt' WHERE ID = 152
UPDATE SUserInterface.GridViewDefinitions SET SqlQuery = N'SELECT
     root_hobt.ID,
     root_hobt.RowStatus,
     root_hobt.Guid,
     root_hobt.Notes,
     root_hobt.CreatedDateTimeUTC,
     root_hobt.RequesterUserId,
     root_hobt.JobId,
     root_hobt.SurveyorName,
     root_hobt.Number,
     root_hobt.FinanceAccountID,
     -- [CBLD-522]
     root_hobt.ActivityId,               
    -- [CBLD-525]
     root_hobt.ClientName,
     root_hobt.Net,
     root_hobt.EndDate,
     root_hobt.JobBillingInstruction,
     root_hobt.CRMBillingInstruction,
     root_hobt.IsBillable
FROM
      [SFin].[tvf_InvoiceRequests]([[UserId]]) root_hobt' WHERE ID = 168
UPDATE SUserInterface.GridViewDefinitions SET SqlQuery = N'SELECT 
          root_hobt.ID,
          root_hobt.RowStatus,
          root_hobt.RowVersion,
          root_hobt.Guid,
          root_hobt.Notes,
          root_hobt.CreatedDateTimeUTC,
          root_hobt.RequesterUserId,
          root_hobt.JobId,
          root_hobt.IsProcessed
FROM
         SFin.tvf_JobInvoiceRequests(''[[ParentGuid]]'', [[UserId]]) root_hobt
         
' WHERE ID = 169
UPDATE SUserInterface.GridViewDefinitions SET SqlQuery = N'SELECT root_hobt.ID,
             root_hobt.RowStatus,
             root_hobt.RowVersion,
             root_hobt.Guid,
             root_hobt.DirectoryId,
             root_hobt.Code,
             root_hobt.Name
FROM Score.Groups root_hobt' WHERE ID = 173
UPDATE SUserInterface.GridViewDefinitions SET SqlQuery = N'SELECT	ID,
		RowStatus,
		RowVersion,
		Guid,
		Role,
		Account,
		Contact 
FROM	[SSop].[tvf_ProjectDirectory] ([[UserId]], ''[[ParentGuid]]'') root_hobt' WHERE ID = 174
UPDATE SUserInterface.GridViewDefinitions SET SqlQuery = N'SELECT	ID,
		RowStatus,
		RowVersion,
		Guid,
		Role,
		Account,
		Contact 
FROM	[SSop].[tvf_EnquiryProjectDirectory] ([[UserId]], ''[[ParentGuid]]'') root_hobt' WHERE ID = 175
UPDATE SUserInterface.GridViewDefinitions SET SqlQuery = N'SELECT	ID,
		RowStatus,
		RowVersion,
		Guid,
		Role,
		Account,
		Contact 
FROM	[SSop].[tvf_QuoteProjectDirectory] ([[UserId]], ''[[ParentGuid]]'') root_hobt' WHERE ID = 176
UPDATE SUserInterface.GridViewDefinitions SET SqlQuery = N'SELECT root_hobt.[ID]
      ,root_hobt.[Guid]
      ,root_hobt.[RowStatus]
      ,root_hobt.[Name]
      ,root_hobt.[IsImageType]
FROM [SCore].[MergeDocumentItemTypes] root_hobt
WHERE	(root_hobt.id > 0)' WHERE ID = 177
UPDATE SUserInterface.GridViewDefinitions SET SqlQuery = N'SELECT	root_hobt.ID,
		root_hobt.RowStatus,
		root_hobt.Guid,
		root_hobt.MergeDocumentItemType,
		root_hobt.BookmarkName, 
		root_hobt.EntityType,
		root_hobt.SubFolderPath,
		root_hobt.ImageColumns
FROM	[SCore].[tvf_MergeDocumentItems]([[UserId]], ''[[ParentGuid]]'') root_hobt
WHERE   root_hobt.ID <> -1' WHERE ID = 178
UPDATE SUserInterface.GridViewDefinitions SET SqlQuery = N'SELECT	root_hobt.ID,
		root_hobt.RowStatus,
		root_hobt.Guid,
		root_hobt.SortOrder,
		root_hobt.SourceDocumentEntityProperty,
		root_hobt.SourceSharePointItemEntityProperty,
		root_hobt.IncludedMergeDocument,
		root_hobt.MergeDocumentItemGuid
FROM	[SCore].[tvf_MergeDocumentItemIncludes]([[UserId]], ''[[ParentGuid]]'') root_hobt' WHERE ID = 179
UPDATE SUserInterface.GridViewDefinitions SET SqlQuery = N'SELECT	ID,
		RowStatus,
		RowVersion,
		Guid,
		DateTime,
		Detail
FROM	SSop.tvf_ProjectKeyDates([[UserId]], ''[[ParentGuid]]'') AS root_hobt' WHERE ID = 180
UPDATE SUserInterface.GridViewDefinitions SET SqlQuery = N'SELECT	ID,
		Guid,
		RowStatus,
		RowVersion,
		Number,
		ExternalReference,
		JobStatus
FROM	SSop.tvf_EnquiryCreatedJobs ([[UserId]], ''[[ParentGuid]]'') root_hobt' WHERE ID = 181
UPDATE SUserInterface.GridViewDefinitions SET SqlQuery = N'SELECT	root_hobt.ID,
		root_hobt.RowStatus,
		root_hobt.RowVersion,
		root_hobt.Guid,
		root_hobt.Item
FROM	[SSop].[tvf_ScheduleOfClientInformation] ([[UserId]], ''[[ParentGuid]]'') root_hobt' WHERE ID = 182
UPDATE SUserInterface.GridViewDefinitions SET SqlQuery = N'SELECT	root_hobt.ID,
		root_hobt.RowStatus,
		root_hobt.RowVersion,
		root_hobt.Guid,
		root_hobt.MergeFieldName,
		root_hobt.Label,
		root_hobt.HelpText	
FROM	SCore.tvf_MergeDocumentFieldReference([[UserId]], ''[[ParentGuid]]'') AS root_hobt' WHERE ID = 183
UPDATE SUserInterface.GridViewDefinitions SET SqlQuery = N'SELECT	root_hobt.ID,
		root_hobt.RowStatus,
		root_hobt.RowVersion,
		root_hobt.Guid,
		root_hobt.MergeFieldName,
		root_hobt.BookmarkName,
		root_hobt.MDItemsGuid,
		root_hobt.MDItems_EntityTypeID,
		root_hobt.Label,
		root_hobt.HelpText
FROM	SCore.tvf_MergeDocumentItemsFieldReference([[UserId]], ''[[ParentGuid]]'') AS root_hobt' WHERE ID = 184
UPDATE SUserInterface.GridViewDefinitions SET SqlQuery = N'SELECT root_hobt.ID,
	   root_hobt.RowStatus,
	   root_hobt.Guid,
	   root_hobt.Code,
	   root_hobt.Name,
	   root_hobt.AccountStatusName,
	   root_hobt.RelationshipManagerName,
	   root_hobt.MainAddress,
	   root_hobt.MainContact 
FROM	SCrm.tvf_Accounts ([[UserId]]) root_hobt
WHERE (root_hobt.ID > 0) And  root_hobt.Code <> ''''' WHERE ID = 185
UPDATE SUserInterface.GridViewDefinitions SET SqlQuery = N'SELECT
                root_hobt.ID,
                root_hobt.Guid,
                root_hobt.RowStatus,

		--[PROJECT]
		root_hobt.projectRef,						
		root_hobt.clientAgent,						
		root_hobt.propertyName ,					
		root_hobt.CDMRole,							
		root_hobt.jobStatus,						

		--[FINANCE]
		root_hobt.totalAgreed,
		root_hobt.totalRemaining,

		--[AGREED DELIVERABLES]
		root_hobt.preconMeetings,
		root_hobt.conMeetings,
		root_hobt.complianceVisit,
		root_hobt.hsFile,

		--[REMAINING DELIVERABLES]
		root_hobt.preconMeetingsRemaining,
		root_hobt.conMeetingsRemaining,
		root_hobt.compVisitsRemaining,
		root_hobt.HSIssued,

		--[NO HEADER] => [ Client Duties Issued + CDM Strategy Issued]
		root_hobt.clientDutiesIssued,
		root_hobt.CDMStrategyIssued,

		--[PCI]
		root_hobt.PCIInspectionCompleted,
		root_hobt.PCIDate,


		--[RISK]
		root_hobt.DRRLastIssued,

		--[F10]
		root_hobt.F10Applicable,
		root_hobt.F10IssuedDate,
		root_hobt.F10Start,
		root_hobt.F10WeekDuration,
		root_hobt.F10ExpiryDate,

		--[CPP]
		root_hobt.CPPDateReceived,
		root_hobt.CPPReviewed,			


		--[PROGRAMME]


		--[H&S File]
		root_hobt.HSFReviewed,
		root_hobt.HSFCompleted


FROM	SJob.tvf_Jobs_CDM_MyProjects ([[UserId]]) root_hobt' WHERE ID = 186
UPDATE SUserInterface.GridViewDefinitions SET SqlQuery = N'SELECT root_hobt.ID,
	   root_hobt.RowStatus,
	   root_hobt.Guid,
	   root_hobt.Code,
	   root_hobt.Name,
	   root_hobt.AccountStatusName,
	   root_hobt.RelationshipManagerName,
	   root_hobt.MainAddress,
	   root_hobt.MainContact 
FROM	SCrm.tvf_AccountsWithSageCode ([[UserId]]) root_hobt
WHERE (root_hobt.ID > 0)' WHERE ID = 187

--
-- Inserting data into table [SUserInterface].[GridViewDefinitions]
--
GO

IF @@ERROR<>0 OR @@TRANCOUNT=0 BEGIN IF @@TRANCOUNT>0 ROLLBACK SET NOEXEC ON END
SET IDENTITY_INSERT SUserInterface.GridViewDefinitions ON
GO

IF @@ERROR<>0 OR @@TRANCOUNT=0 BEGIN IF @@TRANCOUNT>0 ROLLBACK SET NOEXEC ON END
INSERT SUserInterface.GridViewDefinitions(ID, RowStatus, Guid, Code, GridDefinitionId, DetailPageUri, SqlQuery, DefaultSortColumnName, SecurableCode, DisplayOrder, DisplayGroupName, MetricSqlQuery, ShowMetric, IsDetailWindowed, EntityTypeID, MetricTypeID, MetricMin, MetricMax, MetricMinorUnit, MetricMajorUnit, MetricStartAngle, MetricEndAngle, MetricReversed, MetricRange1Min, MetricRange1Max, MetricRange1ColourHex, MetricRange2Min, MetricRange2Max, MetricRange2ColourHex, IsDefaultSortDescending, AllowNew, AllowExcelExport, AllowPdfExport, AllowCsvExport, LanguageLabelId, DrawerIconId, GridViewTypeId, AllowBulkChange) VALUES (188, 1, '5e201363-92f3-487c-9421-831d360986d2', N'MYABSENCE', 106, N'ViewAbsence', N'SELECT 
           root_hobt.ID,
           root_hobt.Guid,
           root_hobt.StartTime,
           root_hobt.EndTime
FROM [SCore].[tvf_GetScheduledAbsences] ([[UserId]]) root_hobt', N'ID', N'', 0, N'', N'', 0, 1, 177, -1, 0, 0, 0, 0, 0, 0, 0, 0, 0, N'', 0, 0, N'', 0, 0, 0, 0, 0, 2867, 7, 1, 0)
INSERT SUserInterface.GridViewDefinitions(ID, RowStatus, Guid, Code, GridDefinitionId, DetailPageUri, SqlQuery, DefaultSortColumnName, SecurableCode, DisplayOrder, DisplayGroupName, MetricSqlQuery, ShowMetric, IsDetailWindowed, EntityTypeID, MetricTypeID, MetricMin, MetricMax, MetricMinorUnit, MetricMajorUnit, MetricStartAngle, MetricEndAngle, MetricReversed, MetricRange1Min, MetricRange1Max, MetricRange1ColourHex, MetricRange2Min, MetricRange2Max, MetricRange2ColourHex, IsDefaultSortDescending, AllowNew, AllowExcelExport, AllowPdfExport, AllowCsvExport, LanguageLabelId, DrawerIconId, GridViewTypeId, AllowBulkChange) VALUES (189, 254, '53400d85-6901-4528-a1e2-903847925c5a', N'CURRENTSCHEDULEDWORK', 107, N'', N'SELECT
            root_hobt.ID,
            root_hobt.Guid,
            root_hobt.RowVersion,
            root_hobt.RowStatus,
            root_hobt.JobNumber,
            root_hobt.ClientName,
            root_hobt.PropertyAddress,
            root_hobt.StartDateTime,
            root_hobt.EndDateTime,
            root_hobt.ActivityTitle,
            root_hobt.ActivityType,
            root_hobt.ActivityStatus,
            root_hobt.SurveyorName
FROM SJob.CurrentScheduledWork (	[[UserId]] ) AS root_hobt
', N'CASE root_hobt.ActivityStatus     WHEN ''Confirmed'' THEN 1     WHEN ''Complete'' THEN 2     ELSE 3   END,   root_hobt.StartDateTime', N'', 0, N'', N'', 0, 1, 9, -1, 0, 0, 0, 0, 0, 0, 0, 0, 0, N'', 0, 0, N'', 0, 0, 0, 0, 0, 2870, 12, 1, 0)
INSERT SUserInterface.GridViewDefinitions(ID, RowStatus, Guid, Code, GridDefinitionId, DetailPageUri, SqlQuery, DefaultSortColumnName, SecurableCode, DisplayOrder, DisplayGroupName, MetricSqlQuery, ShowMetric, IsDetailWindowed, EntityTypeID, MetricTypeID, MetricMin, MetricMax, MetricMinorUnit, MetricMajorUnit, MetricStartAngle, MetricEndAngle, MetricReversed, MetricRange1Min, MetricRange1Max, MetricRange1ColourHex, MetricRange2Min, MetricRange2Max, MetricRange2ColourHex, IsDefaultSortDescending, AllowNew, AllowExcelExport, AllowPdfExport, AllowCsvExport, LanguageLabelId, DrawerIconId, GridViewTypeId, AllowBulkChange) VALUES (190, 1, '0bea621a-cd35-4525-8d6c-96af92a3b00f', N'CURRENTSCHEDULEDWORK', 18, N'JobDetail', N'SELECT
    root_hobt.ID,
    root_hobt.Guid,
    root_hobt.RowVersion,
    root_hobt.RowStatus,
    root_hobt.JobNumber,
    root_hobt.ClientName,
    root_hobt.PropertyAddress,
    root_hobt.StartDateTime,
    root_hobt.EndDateTime,
    root_hobt.ActivityTitle,
    root_hobt.ActivityType,
    root_hobt.ActivityStatus,
    root_hobt.SurveyorName,
    root_hobt.SortPriority
FROM 
    SJob.CurrentScheduledWork([[UserId]]) AS root_hobt', N'SortPriority], [StartDateTime', N'', 0, N'', N'', 0, 0, 9, -1, 0, 0, 0, 0, 0, 0, 0, 0, 0, N'', 0, 0, N'', 0, 0, 0, 0, 0, 2870, 26, 1, 0)
GO
SET IDENTITY_INSERT SUserInterface.GridViewDefinitions OFF
GO

IF @@ERROR<>0 OR @@TRANCOUNT=0 BEGIN IF @@TRANCOUNT>0 ROLLBACK SET NOEXEC ON END

--
-- Reseed identity on SUserInterface.GridViewDefinitions
--
DBCC CHECKIDENT('SUserInterface.GridViewDefinitions', RESEED, 190)
GO

IF @@ERROR<>0 OR @@TRANCOUNT=0 BEGIN IF @@TRANCOUNT>0 ROLLBACK SET NOEXEC ON END

--
-- Creating constraints for [SCore].[EntityHobts]
--
ALTER TABLE SCore.EntityHobts WITH NOCHECK
  ADD CONSTRAINT FK_EntityHobts_DataObjects FOREIGN KEY (Guid) REFERENCES SCore.DataObjects(Guid) ON DELETE NO ACTION ON UPDATE NO ACTION
ALTER TABLE SCore.EntityHobts WITH NOCHECK
  ADD CONSTRAINT FK_EntityHoBTs_EntityTypes FOREIGN KEY (EntityTypeID) REFERENCES SCore.EntityTypes(ID) ON DELETE CASCADE ON UPDATE NO ACTION
ALTER TABLE SCore.EntityHobts WITH NOCHECK
  ADD CONSTRAINT FK_EntityHobts_RowStatus FOREIGN KEY (RowStatus) REFERENCES SCore.RowStatus(ID) ON DELETE NO ACTION ON UPDATE NO ACTION
GO

IF @@ERROR<>0 OR @@TRANCOUNT=0 BEGIN IF @@TRANCOUNT>0 ROLLBACK SET NOEXEC ON END

--
-- Creating constraints for [SCore].[EntityProperties]
--
ALTER TABLE SCore.EntityProperties WITH NOCHECK
  ADD CONSTRAINT FK_EntityProperties_DropDownListDefinitions FOREIGN KEY (DropDownListDefinitionID) REFERENCES SUserInterface.DropDownListDefinitions(ID) ON DELETE NO ACTION ON UPDATE NO ACTION
ALTER TABLE SCore.EntityProperties WITH NOCHECK
  ADD CONSTRAINT FK_EntityProperties_EntityDataTypes FOREIGN KEY (EntityDataTypeID) REFERENCES SCore.EntityDataTypes(ID) ON DELETE NO ACTION ON UPDATE NO ACTION
ALTER TABLE SCore.EntityProperties WITH NOCHECK
  ADD CONSTRAINT FK_EntityProperties_EntityHoBTs FOREIGN KEY (EntityHoBTID) REFERENCES SCore.EntityHobts(ID) ON DELETE CASCADE ON UPDATE NO ACTION
ALTER TABLE SCore.EntityProperties WITH NOCHECK
  ADD CONSTRAINT FK_EntityProperties_EntityPropertyGroupID FOREIGN KEY (EntityPropertyGroupID) REFERENCES SCore.EntityPropertyGroups(ID) ON DELETE NO ACTION ON UPDATE NO ACTION
ALTER TABLE SCore.EntityProperties WITH NOCHECK
  ADD CONSTRAINT FK_EntityProperties_LanguageLabels FOREIGN KEY (LanguageLabelID) REFERENCES SCore.LanguageLabels(ID) ON DELETE NO ACTION ON UPDATE NO ACTION
ALTER TABLE SCore.EntityProperties WITH NOCHECK
  ADD CONSTRAINT FK_EntityProperties_RowStatus FOREIGN KEY (RowStatus) REFERENCES SCore.RowStatus(ID) ON DELETE NO ACTION ON UPDATE NO ACTION
GO

IF @@ERROR<>0 OR @@TRANCOUNT=0 BEGIN IF @@TRANCOUNT>0 ROLLBACK SET NOEXEC ON END

--
-- Creating constraints for [SCore].[EntityQueries]
--
ALTER TABLE SCore.EntityQueries WITH NOCHECK
  ADD CONSTRAINT FK_EntityQueries_DataObjects FOREIGN KEY (Guid) REFERENCES SCore.DataObjects(Guid) ON DELETE NO ACTION ON UPDATE NO ACTION
ALTER TABLE SCore.EntityQueries WITH NOCHECK
  ADD CONSTRAINT FK_EntityQueries_EntityHoBTs FOREIGN KEY (EntityHoBTID) REFERENCES SCore.EntityHobts(ID) ON DELETE NO ACTION ON UPDATE NO ACTION
ALTER TABLE SCore.EntityQueries WITH NOCHECK
  ADD CONSTRAINT FK_EntityQueries_EntityTypes FOREIGN KEY (EntityTypeID) REFERENCES SCore.EntityTypes(ID) ON DELETE CASCADE ON UPDATE NO ACTION
ALTER TABLE SCore.EntityQueries WITH NOCHECK
  ADD CONSTRAINT FK_EntityQueries_RowStatus FOREIGN KEY (RowStatus) REFERENCES SCore.RowStatus(ID) ON DELETE NO ACTION ON UPDATE NO ACTION
GO

IF @@ERROR<>0 OR @@TRANCOUNT=0 BEGIN IF @@TRANCOUNT>0 ROLLBACK SET NOEXEC ON END

--
-- Creating constraints for [SCore].[EntityQueryParameters]
--
ALTER TABLE SCore.EntityQueryParameters WITH NOCHECK
  ADD CONSTRAINT FK_EntityQueryParameters_DataObjects FOREIGN KEY (Guid) REFERENCES SCore.DataObjects(Guid) ON DELETE NO ACTION ON UPDATE NO ACTION
ALTER TABLE SCore.EntityQueryParameters WITH NOCHECK
  ADD CONSTRAINT FK_EntityQueryParameters_EntityDataTypes FOREIGN KEY (EntityDataTypeID) REFERENCES SCore.EntityDataTypes(ID) ON DELETE NO ACTION ON UPDATE NO ACTION
ALTER TABLE SCore.EntityQueryParameters WITH NOCHECK
  ADD CONSTRAINT FK_EntityQueryParameters_EntityProperties FOREIGN KEY (MappedEntityPropertyID) REFERENCES SCore.EntityProperties(ID) ON DELETE NO ACTION ON UPDATE NO ACTION
ALTER TABLE SCore.EntityQueryParameters WITH NOCHECK
  ADD CONSTRAINT FK_EntityQueryParameters_EntityQueries FOREIGN KEY (EntityQueryID) REFERENCES SCore.EntityQueries(ID) ON DELETE CASCADE ON UPDATE NO ACTION
ALTER TABLE SCore.EntityQueryParameters WITH NOCHECK
  ADD CONSTRAINT FK_EntityQueryParameters_RowStatus FOREIGN KEY (RowStatus) REFERENCES SCore.RowStatus(ID) ON DELETE NO ACTION ON UPDATE NO ACTION
GO

IF @@ERROR<>0 OR @@TRANCOUNT=0 BEGIN IF @@TRANCOUNT>0 ROLLBACK SET NOEXEC ON END

--
-- Creating constraints for [SCore].[EntityTypes]
--
ALTER TABLE SCore.EntityTypes WITH NOCHECK
  ADD CONSTRAINT FK_EntityTypes_DataObjects FOREIGN KEY (Guid) REFERENCES SCore.DataObjects(Guid) ON DELETE NO ACTION ON UPDATE NO ACTION
ALTER TABLE SCore.EntityTypes WITH NOCHECK
  ADD CONSTRAINT FK_EntityTypes_IconId FOREIGN KEY (IconId) REFERENCES SUserInterface.Icons(ID) ON DELETE NO ACTION ON UPDATE NO ACTION
ALTER TABLE SCore.EntityTypes WITH NOCHECK
  ADD CONSTRAINT FK_EntityTypes_LanguageLabels FOREIGN KEY (LanguageLabelID) REFERENCES SCore.LanguageLabels(ID) ON DELETE NO ACTION ON UPDATE NO ACTION
ALTER TABLE SCore.EntityTypes WITH NOCHECK
  ADD CONSTRAINT FK_EntityTypes_RowStatus FOREIGN KEY (RowStatus) REFERENCES SCore.RowStatus(ID) ON DELETE NO ACTION ON UPDATE NO ACTION
GO

IF @@ERROR<>0 OR @@TRANCOUNT=0 BEGIN IF @@TRANCOUNT>0 ROLLBACK SET NOEXEC ON END

--
-- Creating constraints for [SCore].[LanguageLabels]
--
ALTER TABLE SCore.LanguageLabels WITH NOCHECK
  ADD CONSTRAINT FK_LanguageLabels_DataObjects FOREIGN KEY (Guid) REFERENCES SCore.DataObjects(Guid) ON DELETE NO ACTION ON UPDATE NO ACTION
ALTER TABLE SCore.LanguageLabels WITH NOCHECK
  ADD CONSTRAINT FK_LanguageLabels_RowStatus FOREIGN KEY (RowStatus) REFERENCES SCore.RowStatus(ID) ON DELETE NO ACTION ON UPDATE NO ACTION
GO

IF @@ERROR<>0 OR @@TRANCOUNT=0 BEGIN IF @@TRANCOUNT>0 ROLLBACK SET NOEXEC ON END

--
-- Creating constraints for [SCore].[LanguageLabelTranslations]
--
ALTER TABLE SCore.LanguageLabelTranslations WITH NOCHECK
  ADD CONSTRAINT FK_LanguageLabelTranslations_DataObjects FOREIGN KEY (Guid) REFERENCES SCore.DataObjects(Guid) ON DELETE NO ACTION ON UPDATE NO ACTION
ALTER TABLE SCore.LanguageLabelTranslations WITH NOCHECK
  ADD CONSTRAINT FK_LanguageLabelTranslations_LanguageLabels FOREIGN KEY (LanguageLabelID) REFERENCES SCore.LanguageLabels(ID) ON DELETE NO ACTION ON UPDATE NO ACTION
ALTER TABLE SCore.LanguageLabelTranslations WITH NOCHECK
  ADD CONSTRAINT FK_LanguageLabelTranslations_Languages FOREIGN KEY (LanguageID) REFERENCES SCore.Languages(ID) ON DELETE NO ACTION ON UPDATE NO ACTION
ALTER TABLE SCore.LanguageLabelTranslations WITH NOCHECK
  ADD CONSTRAINT FK_LanguageLabelTranslations_RowStatus FOREIGN KEY (RowStatus) REFERENCES SCore.RowStatus(ID) ON DELETE NO ACTION ON UPDATE NO ACTION
GO

IF @@ERROR<>0 OR @@TRANCOUNT=0 BEGIN IF @@TRANCOUNT>0 ROLLBACK SET NOEXEC ON END

--
-- Creating constraints for [SUserInterface].[DropDownListDefinitions]
--
ALTER TABLE SUserInterface.DropDownListDefinitions WITH NOCHECK
  ADD CONSTRAINT FK_DropDownListDefinitions_DataObjects FOREIGN KEY (Guid) REFERENCES SCore.DataObjects(Guid) ON DELETE NO ACTION ON UPDATE NO ACTION
ALTER TABLE SUserInterface.DropDownListDefinitions WITH NOCHECK
  ADD CONSTRAINT FK_DropDownListDefinitions_EntityTypes FOREIGN KEY (EntityTypeId) REFERENCES SCore.EntityTypes(ID) ON DELETE NO ACTION ON UPDATE NO ACTION
ALTER TABLE SUserInterface.DropDownListDefinitions WITH NOCHECK
  ADD CONSTRAINT FK_DropDownListDefinitions_RowStatus FOREIGN KEY (RowStatus) REFERENCES SCore.RowStatus(ID) ON DELETE NO ACTION ON UPDATE NO ACTION
GO

IF @@ERROR<>0 OR @@TRANCOUNT=0 BEGIN IF @@TRANCOUNT>0 ROLLBACK SET NOEXEC ON END

--
-- Creating constraints for [SUserInterface].[GridDefinitions]
--
ALTER TABLE SUserInterface.GridDefinitions WITH NOCHECK
  ADD CONSTRAINT FK_GridDefinitions_DataObjects FOREIGN KEY (Guid) REFERENCES SCore.DataObjects(Guid) ON DELETE NO ACTION ON UPDATE NO ACTION
ALTER TABLE SUserInterface.GridDefinitions WITH NOCHECK
  ADD CONSTRAINT FK_GridDefinitions_LanguageLabelId FOREIGN KEY (LanguageLabelId) REFERENCES SCore.LanguageLabels(ID) ON DELETE NO ACTION ON UPDATE NO ACTION
ALTER TABLE SUserInterface.GridDefinitions WITH NOCHECK
  ADD CONSTRAINT FK_GridDefinitions_RowStatus FOREIGN KEY (RowStatus) REFERENCES SCore.RowStatus(ID) ON DELETE NO ACTION ON UPDATE NO ACTION
GO

IF @@ERROR<>0 OR @@TRANCOUNT=0 BEGIN IF @@TRANCOUNT>0 ROLLBACK SET NOEXEC ON END

--
-- Creating constraints for [SUserInterface].[GridViewColumnDefinitions]
--
ALTER TABLE SUserInterface.GridViewColumnDefinitions WITH NOCHECK
  ADD CONSTRAINT FK_GridViewColumnDefinition_GridViewDefinition FOREIGN KEY (GridViewDefinitionId) REFERENCES SUserInterface.GridViewDefinitions(ID) ON DELETE CASCADE ON UPDATE NO ACTION
ALTER TABLE SUserInterface.GridViewColumnDefinitions WITH NOCHECK
  ADD CONSTRAINT FK_GridViewColumnDefinitions_DataObjects FOREIGN KEY (Guid) REFERENCES SCore.DataObjects(Guid) ON DELETE NO ACTION ON UPDATE NO ACTION
ALTER TABLE SUserInterface.GridViewColumnDefinitions WITH NOCHECK
  ADD CONSTRAINT FK_GridViewColumnDefinitions_LanguageLabelId FOREIGN KEY (LanguageLabelId) REFERENCES SCore.LanguageLabels(ID) ON DELETE NO ACTION ON UPDATE NO ACTION
ALTER TABLE SUserInterface.GridViewColumnDefinitions WITH NOCHECK
  ADD CONSTRAINT FK_GridViewColumnDefinitions_RowStatus FOREIGN KEY (RowStatus) REFERENCES SCore.RowStatus(ID) ON DELETE NO ACTION ON UPDATE NO ACTION
GO

IF @@ERROR<>0 OR @@TRANCOUNT=0 BEGIN IF @@TRANCOUNT>0 ROLLBACK SET NOEXEC ON END

--
-- Creating constraints for [SUserInterface].[GridViewDefinitions]
--
ALTER TABLE SUserInterface.GridViewDefinitions WITH NOCHECK
  ADD CONSTRAINT FK_GridViewDefinition_GridDefinition FOREIGN KEY (GridDefinitionId) REFERENCES SUserInterface.GridDefinitions(ID) ON DELETE CASCADE ON UPDATE NO ACTION
ALTER TABLE SUserInterface.GridViewDefinitions WITH NOCHECK
  ADD CONSTRAINT FK_GridViewDefinitions_DataObjects FOREIGN KEY (Guid) REFERENCES SCore.DataObjects(Guid) ON DELETE NO ACTION ON UPDATE NO ACTION
ALTER TABLE SUserInterface.GridViewDefinitions WITH NOCHECK
  ADD CONSTRAINT FK_GridViewDefinitions_DrawerIconId FOREIGN KEY (DrawerIconId) REFERENCES SUserInterface.Icons(ID) ON DELETE NO ACTION ON UPDATE NO ACTION
ALTER TABLE SUserInterface.GridViewDefinitions WITH NOCHECK
  ADD CONSTRAINT FK_GridViewDefinitions_EntityTypes FOREIGN KEY (EntityTypeID) REFERENCES SCore.EntityTypes(ID) ON DELETE NO ACTION ON UPDATE NO ACTION
ALTER TABLE SUserInterface.GridViewDefinitions WITH NOCHECK
  ADD CONSTRAINT FK_GridViewDefinitions_LanguageLabelId FOREIGN KEY (LanguageLabelId) REFERENCES SCore.LanguageLabels(ID) ON DELETE NO ACTION ON UPDATE NO ACTION
ALTER TABLE SUserInterface.GridViewDefinitions WITH NOCHECK
  ADD CONSTRAINT FK_GridViewDefinitions_MetricTypes FOREIGN KEY (MetricTypeID) REFERENCES SUserInterface.MetricTypes(ID) ON DELETE NO ACTION ON UPDATE NO ACTION
ALTER TABLE SUserInterface.GridViewDefinitions WITH NOCHECK
  ADD CONSTRAINT FK_GridViewDefinitions_RowStatus FOREIGN KEY (RowStatus) REFERENCES SCore.RowStatus(ID) ON DELETE NO ACTION ON UPDATE NO ACTION
GO

IF @@ERROR<>0 OR @@TRANCOUNT=0 BEGIN IF @@TRANCOUNT>0 ROLLBACK SET NOEXEC ON END

--
-- Creating constraints for [SCore].[EntityPropertyActions]
--
ALTER TABLE SCore.EntityPropertyActions WITH NOCHECK
  ADD CONSTRAINT FK_EntityPropertyActions_EntityProperties FOREIGN KEY (EntityPropertyID) REFERENCES SCore.EntityProperties(ID) ON DELETE NO ACTION ON UPDATE NO ACTION
GO

IF @@ERROR<>0 OR @@TRANCOUNT=0 BEGIN IF @@TRANCOUNT>0 ROLLBACK SET NOEXEC ON END

--
-- Creating constraints for [SCore].[EntityPropertyDependants]
--
ALTER TABLE SCore.EntityPropertyDependants WITH NOCHECK
  ADD CONSTRAINT FK_EntityPropertyDependants_EntityProperties FOREIGN KEY (ParentEntityPropertyID) REFERENCES SCore.EntityProperties(ID) ON DELETE NO ACTION ON UPDATE NO ACTION
GO

IF @@ERROR<>0 OR @@TRANCOUNT=0 BEGIN IF @@TRANCOUNT>0 ROLLBACK SET NOEXEC ON END

--
-- Creating constraints for [SCore].[MergeDocumentItemIncludes]
--
ALTER TABLE SCore.MergeDocumentItemIncludes WITH NOCHECK
  ADD CONSTRAINT FK_MergeDocumentItemIncludes_EntityProperties FOREIGN KEY (SourceDocumentEntityPropertyId) REFERENCES SCore.EntityProperties(ID) ON DELETE NO ACTION ON UPDATE NO ACTION
GO

IF @@ERROR<>0 OR @@TRANCOUNT=0 BEGIN IF @@TRANCOUNT>0 ROLLBACK SET NOEXEC ON END

--
-- Creating constraints for [SCore].[RecordHistory]
--
ALTER TABLE SCore.RecordHistory WITH NOCHECK
  ADD CONSTRAINT FK_RecordHistory_EntityPropertyID FOREIGN KEY (EntityPropertyID) REFERENCES SCore.EntityProperties(ID) ON DELETE CASCADE ON UPDATE NO ACTION
GO

IF @@ERROR<>0 OR @@TRANCOUNT=0 BEGIN IF @@TRANCOUNT>0 ROLLBACK SET NOEXEC ON END

--
-- Creating constraints for [SCore].[SynchronisationErrors]
--
ALTER TABLE SCore.SynchronisationErrors WITH NOCHECK
  ADD CONSTRAINT FK_SychronisationErrors_EntityPropertyID FOREIGN KEY (EntityPropertyID) REFERENCES SCore.EntityProperties(ID) ON DELETE CASCADE ON UPDATE NO ACTION
GO

IF @@ERROR<>0 OR @@TRANCOUNT=0 BEGIN IF @@TRANCOUNT>0 ROLLBACK SET NOEXEC ON END

--
-- Creating constraints for [SUserInterface].[ActionMenuItems]
--
ALTER TABLE SUserInterface.ActionMenuItems WITH NOCHECK
  ADD CONSTRAINT FK_ActionMenuItems_EntityQueries FOREIGN KEY (EntityQueryId) REFERENCES SCore.EntityQueries(ID) ON DELETE NO ACTION ON UPDATE NO ACTION
GO

IF @@ERROR<>0 OR @@TRANCOUNT=0 BEGIN IF @@TRANCOUNT>0 ROLLBACK SET NOEXEC ON END

--
-- Creating constraints for [SUserInterface].[GridViewActions]
--
ALTER TABLE SUserInterface.GridViewActions WITH NOCHECK
  ADD CONSTRAINT FK_GridViewActions_EntityQueries FOREIGN KEY (EntityQueryId) REFERENCES SCore.EntityQueries(ID) ON DELETE NO ACTION ON UPDATE NO ACTION
GO

IF @@ERROR<>0 OR @@TRANCOUNT=0 BEGIN IF @@TRANCOUNT>0 ROLLBACK SET NOEXEC ON END

--
-- Creating constraints for [SUserInterface].[GridViewWidgetQueries]
--
ALTER TABLE SUserInterface.GridViewWidgetQueries WITH NOCHECK
  ADD CONSTRAINT FK_GridViewWidgetQueries_EntityQueries FOREIGN KEY (EntityQueryId) REFERENCES SCore.EntityQueries(ID) ON DELETE NO ACTION ON UPDATE NO ACTION
GO

IF @@ERROR<>0 OR @@TRANCOUNT=0 BEGIN IF @@TRANCOUNT>0 ROLLBACK SET NOEXEC ON END

--
-- Creating constraints for [SCore].[DataObjects]
--
ALTER TABLE SCore.DataObjects WITH NOCHECK
  ADD CONSTRAINT FK_DataObjects_EntityTypes FOREIGN KEY (EntityTypeId) REFERENCES SCore.EntityTypes(ID) ON DELETE NO ACTION ON UPDATE NO ACTION
GO

IF @@ERROR<>0 OR @@TRANCOUNT=0 BEGIN IF @@TRANCOUNT>0 ROLLBACK SET NOEXEC ON END

--
-- Creating constraints for [SCore].[EntityPropertyGroups]
--
ALTER TABLE SCore.EntityPropertyGroups WITH NOCHECK
  ADD CONSTRAINT FK_EntityPropertyGroups_EntityTypes FOREIGN KEY (EntityTypeID) REFERENCES SCore.EntityTypes(ID) ON DELETE CASCADE ON UPDATE NO ACTION
GO

IF @@ERROR<>0 OR @@TRANCOUNT=0 BEGIN IF @@TRANCOUNT>0 ROLLBACK SET NOEXEC ON END

--
-- Creating constraints for [SCore].[MergeDocumentItems]
--
ALTER TABLE SCore.MergeDocumentItems WITH NOCHECK
  ADD CONSTRAINT FK_MergeDocumentItems_EntityTypes FOREIGN KEY (EntityTypeId) REFERENCES SCore.EntityTypes(ID) ON DELETE NO ACTION ON UPDATE NO ACTION
GO

IF @@ERROR<>0 OR @@TRANCOUNT=0 BEGIN IF @@TRANCOUNT>0 ROLLBACK SET NOEXEC ON END

--
-- Creating constraints for [SCore].[MergeDocuments]
--
ALTER TABLE SCore.MergeDocuments WITH NOCHECK
  ADD CONSTRAINT FK_MergeDocuments_EntityTypes FOREIGN KEY (EntityTypeId) REFERENCES SCore.EntityTypes(ID) ON DELETE NO ACTION ON UPDATE NO ACTION
GO

IF @@ERROR<>0 OR @@TRANCOUNT=0 BEGIN IF @@TRANCOUNT>0 ROLLBACK SET NOEXEC ON END

--
-- Creating constraints for [SCore].[MergeDocumentTables]
--
ALTER TABLE SCore.MergeDocumentTables WITH NOCHECK
  ADD CONSTRAINT FK_MergeDocumentTables_EntityTypes FOREIGN KEY (LinkedEntityTypeId) REFERENCES SCore.EntityTypes(ID) ON DELETE NO ACTION ON UPDATE NO ACTION
GO

IF @@ERROR<>0 OR @@TRANCOUNT=0 BEGIN IF @@TRANCOUNT>0 ROLLBACK SET NOEXEC ON END

--
-- Creating constraints for [SCore].[RecentItems]
--
ALTER TABLE SCore.RecentItems WITH NOCHECK
  ADD CONSTRAINT FK_RecentItems_EntityTypes FOREIGN KEY (EntityTypeID) REFERENCES SCore.EntityTypes(ID) ON DELETE NO ACTION ON UPDATE NO ACTION
GO

IF @@ERROR<>0 OR @@TRANCOUNT=0 BEGIN IF @@TRANCOUNT>0 ROLLBACK SET NOEXEC ON END

--
-- Creating constraints for [SCore].[SharepointEntityStructure]
--
ALTER TABLE SCore.SharepointEntityStructure WITH NOCHECK
  ADD CONSTRAINT FK_SharepointEntityStructure_EntityTypes FOREIGN KEY (EntityTypeID) REFERENCES SCore.EntityTypes(ID) ON DELETE NO ACTION ON UPDATE NO ACTION
GO

IF @@ERROR<>0 OR @@TRANCOUNT=0 BEGIN IF @@TRANCOUNT>0 ROLLBACK SET NOEXEC ON END

--
-- Creating constraints for [SUserInterface].[WidgetDashboards]
--
ALTER TABLE SUserInterface.WidgetDashboards WITH NOCHECK
  ADD CONSTRAINT FK_WidgetDashboards_EntityTypes FOREIGN KEY (ParentEntityTypeId) REFERENCES SCore.EntityTypes(ID) ON DELETE NO ACTION ON UPDATE NO ACTION
GO

IF @@ERROR<>0 OR @@TRANCOUNT=0 BEGIN IF @@TRANCOUNT>0 ROLLBACK SET NOEXEC ON END

--
-- Creating constraints for [SUserInterface].[MainMenuItems]
--
ALTER TABLE SUserInterface.MainMenuItems WITH NOCHECK
  ADD CONSTRAINT FK_MainMenuItems_LanguageLabelId FOREIGN KEY (LanguageLabelId) REFERENCES SCore.LanguageLabels(ID) ON DELETE NO ACTION ON UPDATE NO ACTION
GO

IF @@ERROR<>0 OR @@TRANCOUNT=0 BEGIN IF @@TRANCOUNT>0 ROLLBACK SET NOEXEC ON END

--
-- Enabling DML triggers for [SCore].[EntityHobts]
--
GO
ENABLE TRIGGER ALL ON SCore.EntityHobts
GO

IF @@ERROR<>0 OR @@TRANCOUNT=0 BEGIN IF @@TRANCOUNT>0 ROLLBACK SET NOEXEC ON END

--
-- Enabling DML triggers for [SCore].[EntityProperties]
--
GO
ENABLE TRIGGER ALL ON SCore.EntityProperties
GO

IF @@ERROR<>0 OR @@TRANCOUNT=0 BEGIN IF @@TRANCOUNT>0 ROLLBACK SET NOEXEC ON END

--
-- Enabling DML triggers for [SCore].[EntityQueries]
--
GO
ENABLE TRIGGER ALL ON SCore.EntityQueries
GO

IF @@ERROR<>0 OR @@TRANCOUNT=0 BEGIN IF @@TRANCOUNT>0 ROLLBACK SET NOEXEC ON END

--
-- Enabling DML triggers for [SCore].[EntityQueryParameters]
--
GO
ENABLE TRIGGER ALL ON SCore.EntityQueryParameters
GO

IF @@ERROR<>0 OR @@TRANCOUNT=0 BEGIN IF @@TRANCOUNT>0 ROLLBACK SET NOEXEC ON END

--
-- Enabling DML triggers for [SCore].[LanguageLabels]
--
GO
ENABLE TRIGGER ALL ON SCore.LanguageLabels
GO

IF @@ERROR<>0 OR @@TRANCOUNT=0 BEGIN IF @@TRANCOUNT>0 ROLLBACK SET NOEXEC ON END

--
-- Enabling DML triggers for [SCore].[LanguageLabelTranslations]
--
GO
ENABLE TRIGGER ALL ON SCore.LanguageLabelTranslations
GO

IF @@ERROR<>0 OR @@TRANCOUNT=0 BEGIN IF @@TRANCOUNT>0 ROLLBACK SET NOEXEC ON END

--
-- Enabling DML triggers for [SUserInterface].[DropDownListDefinitions]
--
GO
ENABLE TRIGGER ALL ON SUserInterface.DropDownListDefinitions
GO

IF @@ERROR<>0 OR @@TRANCOUNT=0 BEGIN IF @@TRANCOUNT>0 ROLLBACK SET NOEXEC ON END

--
-- Commit Transaction
--
IF @@TRANCOUNT>0 COMMIT TRANSACTION
SET NOEXEC OFF
GO