--
-- Script was generated by Devart dbForge Data Compare for SQL Server, Version 7.0.249.0
-- Product Home Page: https://www.devart.com/dbforge/sql/datacompare
-- Script date 08/05/2025 14:08:37
-- Source server version: 16.00.0000
-- Target server version: 16.00.1000
-- Target connection string: Data Source=soc-sqldevbre01.esgl.co.uk\General;Integrated Security=True;User ID=ESGL\Richard.Brindley
-- Run this script against Concursus_Test to synchronize it with Schema
-- Please backup your target database before running this script
--

SET LANGUAGE 'British English'
SET DATEFORMAT ymd
SET ARITHABORT, ANSI_PADDING, ANSI_WARNINGS, CONCAT_NULL_YIELDS_NULL, QUOTED_IDENTIFIER, ANSI_NULLS, NOCOUNT, XACT_ABORT ON
SET NUMERIC_ROUNDABORT, IMPLICIT_TRANSACTIONS OFF
GO

--
-- Start Transaction
--
BEGIN TRANSACTION

--
-- Disabling DML triggers for [SCore].[EntityHobts]
--
GO
DISABLE TRIGGER ALL ON SCore.EntityHobts
GO

IF @@ERROR<>0 OR @@TRANCOUNT=0 BEGIN IF @@TRANCOUNT>0 ROLLBACK SET NOEXEC ON END

--
-- Disabling DML triggers for [SCore].[EntityQueries]
--
GO
DISABLE TRIGGER ALL ON SCore.EntityQueries
GO

IF @@ERROR<>0 OR @@TRANCOUNT=0 BEGIN IF @@TRANCOUNT>0 ROLLBACK SET NOEXEC ON END

--
-- Disabling DML triggers for [SCore].[EntityQueryParameters]
--
GO
DISABLE TRIGGER ALL ON SCore.EntityQueryParameters
GO

IF @@ERROR<>0 OR @@TRANCOUNT=0 BEGIN IF @@TRANCOUNT>0 ROLLBACK SET NOEXEC ON END

--
-- Disabling DML triggers for [SCore].[LanguageLabels]
--
GO
DISABLE TRIGGER ALL ON SCore.LanguageLabels
GO

IF @@ERROR<>0 OR @@TRANCOUNT=0 BEGIN IF @@TRANCOUNT>0 ROLLBACK SET NOEXEC ON END

--
-- Disabling DML triggers for [SCore].[LanguageLabelTranslations]
--
GO
DISABLE TRIGGER ALL ON SCore.LanguageLabelTranslations
GO

IF @@ERROR<>0 OR @@TRANCOUNT=0 BEGIN IF @@TRANCOUNT>0 ROLLBACK SET NOEXEC ON END

--
-- Dropping constraints from [SCore].[EntityHobts]
--
ALTER TABLE SCore.EntityHobts
  DROP CONSTRAINT IF EXISTS FK_EntityHoBTs_EntityTypes
ALTER TABLE SCore.EntityHobts
  DROP CONSTRAINT IF EXISTS FK_EntityHobts_RowStatus
GO

IF @@ERROR<>0 OR @@TRANCOUNT=0 BEGIN IF @@TRANCOUNT>0 ROLLBACK SET NOEXEC ON END

--
-- Dropping constraints from [SCore].[EntityQueries]
--
ALTER TABLE SCore.EntityQueries
  DROP CONSTRAINT IF EXISTS FK_EntityQueries_EntityHoBTs
ALTER TABLE SCore.EntityQueries
  DROP CONSTRAINT IF EXISTS FK_EntityQueries_EntityTypes
ALTER TABLE SCore.EntityQueries
  DROP CONSTRAINT IF EXISTS FK_EntityQueries_RowStatus
GO

IF @@ERROR<>0 OR @@TRANCOUNT=0 BEGIN IF @@TRANCOUNT>0 ROLLBACK SET NOEXEC ON END

--
-- Dropping constraints from [SCore].[EntityQueryParameters]
--
ALTER TABLE SCore.EntityQueryParameters
  DROP CONSTRAINT IF EXISTS FK_EntityQueryParameters_EntityDataTypes
ALTER TABLE SCore.EntityQueryParameters
  DROP CONSTRAINT IF EXISTS FK_EntityQueryParameters_EntityProperties
ALTER TABLE SCore.EntityQueryParameters
  DROP CONSTRAINT IF EXISTS FK_EntityQueryParameters_EntityQueries
ALTER TABLE SCore.EntityQueryParameters
  DROP CONSTRAINT IF EXISTS FK_EntityQueryParameters_RowStatus
GO

IF @@ERROR<>0 OR @@TRANCOUNT=0 BEGIN IF @@TRANCOUNT>0 ROLLBACK SET NOEXEC ON END

--
-- Dropping constraints from [SCore].[LanguageLabels]
--
ALTER TABLE SCore.LanguageLabels
  DROP CONSTRAINT IF EXISTS FK_LanguageLabels_RowStatus
GO

IF @@ERROR<>0 OR @@TRANCOUNT=0 BEGIN IF @@TRANCOUNT>0 ROLLBACK SET NOEXEC ON END

--
-- Dropping constraints from [SCore].[LanguageLabelTranslations]
--
ALTER TABLE SCore.LanguageLabelTranslations
  DROP CONSTRAINT IF EXISTS FK_LanguageLabelTranslations_LanguageLabels
ALTER TABLE SCore.LanguageLabelTranslations
  DROP CONSTRAINT IF EXISTS FK_LanguageLabelTranslations_Languages
ALTER TABLE SCore.LanguageLabelTranslations
  DROP CONSTRAINT IF EXISTS FK_LanguageLabelTranslations_RowStatus
GO

IF @@ERROR<>0 OR @@TRANCOUNT=0 BEGIN IF @@TRANCOUNT>0 ROLLBACK SET NOEXEC ON END

--
-- Dropping constraints from [SCore].[EntityProperties]
--
ALTER TABLE SCore.EntityProperties
  DROP CONSTRAINT IF EXISTS FK_EntityProperties_EntityHoBTs
GO

IF @@ERROR<>0 OR @@TRANCOUNT=0 BEGIN IF @@TRANCOUNT>0 ROLLBACK SET NOEXEC ON END

--
-- Dropping constraints from [SUserInterface].[ActionMenuItems]
--
ALTER TABLE SUserInterface.ActionMenuItems
  DROP CONSTRAINT IF EXISTS FK_ActionMenuItems_EntityQueries
GO

IF @@ERROR<>0 OR @@TRANCOUNT=0 BEGIN IF @@TRANCOUNT>0 ROLLBACK SET NOEXEC ON END

--
-- Dropping constraints from [SUserInterface].[GridViewActions]
--
ALTER TABLE SUserInterface.GridViewActions
  DROP CONSTRAINT IF EXISTS FK_GridViewActions_EntityQueries
GO

IF @@ERROR<>0 OR @@TRANCOUNT=0 BEGIN IF @@TRANCOUNT>0 ROLLBACK SET NOEXEC ON END

--
-- Dropping constraints from [SUserInterface].[GridViewWidgetQueries]
--
ALTER TABLE SUserInterface.GridViewWidgetQueries
  DROP CONSTRAINT IF EXISTS FK_GridViewWidgetQueries_EntityQueries
GO

IF @@ERROR<>0 OR @@TRANCOUNT=0 BEGIN IF @@TRANCOUNT>0 ROLLBACK SET NOEXEC ON END

--
-- Dropping constraints from [SCore].[EntityPropertyGroups]
--
ALTER TABLE SCore.EntityPropertyGroups
  DROP CONSTRAINT IF EXISTS FK_EntityPropertyGroups_LanguageLabels
GO

IF @@ERROR<>0 OR @@TRANCOUNT=0 BEGIN IF @@TRANCOUNT>0 ROLLBACK SET NOEXEC ON END

--
-- Dropping constraints from [SCore].[EntityTypes]
--
ALTER TABLE SCore.EntityTypes
  DROP CONSTRAINT IF EXISTS FK_EntityTypes_LanguageLabels
GO

IF @@ERROR<>0 OR @@TRANCOUNT=0 BEGIN IF @@TRANCOUNT>0 ROLLBACK SET NOEXEC ON END

--
-- Dropping constraints from [SUserInterface].[GridDefinitions]
--
ALTER TABLE SUserInterface.GridDefinitions
  DROP CONSTRAINT IF EXISTS FK_GridDefinitions_LanguageLabelId
GO

IF @@ERROR<>0 OR @@TRANCOUNT=0 BEGIN IF @@TRANCOUNT>0 ROLLBACK SET NOEXEC ON END

--
-- Dropping constraints from [SUserInterface].[GridViewColumnDefinitions]
--
ALTER TABLE SUserInterface.GridViewColumnDefinitions
  DROP CONSTRAINT IF EXISTS FK_GridViewColumnDefinitions_LanguageLabelId
GO

IF @@ERROR<>0 OR @@TRANCOUNT=0 BEGIN IF @@TRANCOUNT>0 ROLLBACK SET NOEXEC ON END

--
-- Dropping constraints from [SUserInterface].[GridViewDefinitions]
--
ALTER TABLE SUserInterface.GridViewDefinitions
  DROP CONSTRAINT IF EXISTS FK_GridViewDefinitions_LanguageLabelId
GO

IF @@ERROR<>0 OR @@TRANCOUNT=0 BEGIN IF @@TRANCOUNT>0 ROLLBACK SET NOEXEC ON END

--
-- Dropping constraints from [SUserInterface].[MainMenuItems]
--
ALTER TABLE SUserInterface.MainMenuItems
  DROP CONSTRAINT IF EXISTS FK_MainMenuItems_LanguageLabelId
GO

IF @@ERROR<>0 OR @@TRANCOUNT=0 BEGIN IF @@TRANCOUNT>0 ROLLBACK SET NOEXEC ON END

--
-- Updating data of table [SCore].[EntityHobts]
--
UPDATE SCore.EntityHobts SET ObjectName = N'Assets' WHERE ID = 22

--
-- Inserting data into table [SCore].[EntityHobts]
--
GO

IF @@ERROR<>0 OR @@TRANCOUNT=0 BEGIN IF @@TRANCOUNT>0 ROLLBACK SET NOEXEC ON END
SET IDENTITY_INSERT SCore.EntityHobts ON
GO

IF @@ERROR<>0 OR @@TRANCOUNT=0 BEGIN IF @@TRANCOUNT>0 ROLLBACK SET NOEXEC ON END
INSERT SCore.EntityHobts(ID, RowStatus, Guid, SchemaName, ObjectName, EntityTypeID, ObjectType, IsMainHoBT, IsReadOnlyOffline) VALUES (135, 1, '1c302939-8888-45cb-9030-e78d7fe2da42', N'SCore', N'NonActivityTypes', 178, 'U', 1, 0)
GO
SET IDENTITY_INSERT SCore.EntityHobts OFF
GO

IF @@ERROR<>0 OR @@TRANCOUNT=0 BEGIN IF @@TRANCOUNT>0 ROLLBACK SET NOEXEC ON END

--
-- Reseed identity on SCore.EntityHobts
--
DBCC CHECKIDENT('SCore.EntityHobts', RESEED, 1)
GO

IF @@ERROR<>0 OR @@TRANCOUNT=0 BEGIN IF @@TRANCOUNT>0 ROLLBACK SET NOEXEC ON END

--
-- Updating data of table [SCore].[EntityQueries]
--
UPDATE SCore.EntityQueries SET Statement = N'EXEC [SCore].[EntityPropertyUpsert]  
	@Name = @Name, 
	@RowStatus = @RowStatus, 
	@LanguageLabelGuid = @LanguageLabelGuid, 
	@EntityHobtGuid = @EntityHobtGuid, 
	@EntityDataTypeGuid = @EntityDataTypeGuid, 
	@IsReadOnly = @IsReadOnly, 
	@IsImmutable = @IsImmutable, 
	@IsUppercase = @IsUppercase, 
	@IsHidden = @IsHidden, 
	@IsCompulsory = @IsCompulsory, 
	@MaxLength = @MaxLength, 
	@Precision = @Precision, 
	@Scale = @Scale, 
	@DoNotTrackChanges = @DoNotTrackChanges, 
	@EntityPropertyGroupGuid = @EntityPropertyGroupGuid, 
	@SortOrder = @SortOrder, 
	@GroupSortOrder = @GroupSortOrder, 
	@IsObjectLabel = @IsObjectLabel, 
	@DropDownListDefinitionGuid = @DropDownListDefinitionGuid, 
	@IsParentRelationship = @IsParentRelationship, 
	@IsIncludedInformation = @IsIncludedInformation, 
	@IsLatitude = @IsLatitude, 
	@IsLongitude = @IsLongitude, 
	@FixDefaultValue = @FixDefaultValue, 
	@SqlDefaultValueStatement = @SqlDefaultValueStatement, 
	@AllowBulkChange = @AllowBulkChange, 
	@IsVirtual = @IsVirtual, 
	@Guid = @Guid,
        @ShowOnMobile = @ShowOnMobile,
        @IsAlwaysVisibleInGroup = @IsAlwaysVisibleInGroup,
        @IsAlwaysVisibleInGroup_Mobile = @IsAlwaysVisibleInGroup_Mobile' WHERE ID = 4
UPDATE SCore.EntityQueries SET Statement = N'SELECT 
	root_hobt.AllowBulkChange,
	root_hobt.DoNotTrackChanges,
	[C44B8A2A-8C24-41F0-B85E-E163A4D8E555].Guid AS DropDownListDefinitionID,
	[59E622E7-EDA9-4DB3-A4D5-9439D80D26C1].Guid AS EntityDataTypeID,
	[77B88FCE-FCC3-4C92-94E6-CC61249845C3].Guid AS EntityHoBTID,
	[216CAEF2-7139-41F2-8C27-D5B9B4517B1A].Guid AS EntityPropertyGroupID,
	root_hobt.FixedDefaultValue,
	root_hobt.GroupSortOrder,
	root_hobt.Guid,
	root_hobt.ID,
	root_hobt.IsCompulsory,
        root_hobt.ShowOnMobile,
	root_hobt.IsHidden,
	root_hobt.IsImmutable,
	root_hobt.IsIncludedInformation,
	root_hobt.IsLatitude,
	root_hobt.IsLongitude,
	root_hobt.IsObjectLabel,
	root_hobt.IsParentRelationship,
	root_hobt.IsReadOnly,
	root_hobt.IsUppercase,
	root_hobt.IsVirtual,
	[E1D97654-B776-4BB6-A913-3A5B2E250685].Guid AS LanguageLabelID,
	root_hobt.MaxLength,
	root_hobt.Name,
	root_hobt.Precision,
	root_hobt.RowStatus,
	root_hobt.RowVersion,
	root_hobt.Scale,
	root_hobt.SortOrder,
	root_hobt.SqlDefaultValueStatement,
        root_hobt.IsAlwaysVisibleInGroup,
        root_hobt.IsAlwaysVisibleInGroup_Mobile
FROM SCore.EntityProperties AS root_hobt 
JOIN SCore.LanguageLabels AS [E1D97654-B776-4BB6-A913-3A5B2E250685] ON ([E1D97654-B776-4BB6-A913-3A5B2E250685].ID = root_hobt.LanguageLabelID) 
 JOIN SCore.EntityHobts AS [77B88FCE-FCC3-4C92-94E6-CC61249845C3] ON ([77B88FCE-FCC3-4C92-94E6-CC61249845C3].ID = root_hobt.EntityHoBTID) 
 JOIN SCore.EntityDataTypes AS [59E622E7-EDA9-4DB3-A4D5-9439D80D26C1] ON ([59E622E7-EDA9-4DB3-A4D5-9439D80D26C1].ID = root_hobt.EntityDataTypeID) 
 JOIN SCore.EntityPropertyGroups AS [216CAEF2-7139-41F2-8C27-D5B9B4517B1A] ON ([216CAEF2-7139-41F2-8C27-D5B9B4517B1A].ID = root_hobt.EntityPropertyGroupID) 
 JOIN SUserInterface.DropDownListDefinitions AS [C44B8A2A-8C24-41F0-B85E-E163A4D8E555] ON ([C44B8A2A-8C24-41F0-B85E-E163A4D8E555].ID = root_hobt.DropDownListDefinitionID) 
' WHERE ID = 7
UPDATE SCore.EntityQueries SET Statement = N'SELECT	root_hobt.ID,
		root_hobt.RowStatus,
		root_hobt.RowVersion,
		root_hobt.Guid, 
		root_hobt.Code, 
		root_hobt.NameColumn,
		root_hobt.ValueColumn,
		root_hobt.SqlQuery,
		root_hobt.DefaultSortColumnName, 
		root_hobt.IsDefaultColumn,
		root_hobt.DetailPageUrl,
		root_hobt.IsDetailWindowed,
        root_hobt.InformationPageUrl, 
        root_hobt.GroupColumn,
		root_hobt.ColourHexColumn,
		et.Guid as EntityTypeId
FROM	SUserInterface.DropDownListDefinitions root_hobt
JOIN	SCore.EntityTypes et ON (et.ID = root_hobt.EntityTypeId)' WHERE ID = 14
UPDATE SCore.EntityQueries SET Statement = N'SELECT
        root_hobt.ID,
        root_hobt.Guid,
        root_hobt.RowStatus,
        root_hobt.RowVersion,
        root_hobt.Code,
        gd.Guid AS GridDefinitionId,
        root_hobt.DetailPageUri,
        root_hobt.SqlQuery,
        root_hobt.DefaultSortColumnName,
        root_hobt.SecurableCode,
        root_hobt.DisplayOrder,
        root_hobt.DisplayGroupName,
        root_hobt.MetricSqlQuery,
        root_hobt.ShowMetric,
        root_hobt.IsDetailWindowed,
        et.Guid AS EntityTypeID,
        mt.Guid AS MetricTypeID,
        root_hobt.MetricMin,
        root_hobt.MetricMax,
        root_hobt.MetricMinorUnit,
        root_hobt.MetricMajorUnit,
        root_hobt.MetricStartAngle,
        root_hobt.MetricEndAngle,
        root_hobt.MetricReversed,
        root_hobt.MetricRange1Min,
        root_hobt.MetricRange1Max,
        root_hobt.MetricRange1ColourHex,
        root_hobt.MetricRange2Min,
        root_hobt.MetricRange2Max,
        root_hobt.MetricRange2ColourHex,
        root_hobt.IsDefaultSortDescending,
        root_hobt.AllowBulkChange,
        root_hobt.AllowNew,
        root_hobt.AllowExcelExport,
        root_hobt.AllowPdfExport,
        root_hobt.AllowCsvExport,
        ll.Guid AS LanguageLabelID,
        i.Guid AS DrawerIconId,
		gvt.Guid AS GridViewTypeId,
        root_hobt.ShowOnMobile

FROM
        SUserInterface.GridViewDefinitions AS root_hobt
JOIN
        SCore.EntityTypes AS et ON (et.ID = root_hobt.EntityTypeID)
JOIN	
		SUserInterface.GridViewTypes gvt ON (gvt.ID = root_hobt.GridViewTypeId)
JOIN
        SUserInterface.MetricTypes AS mt ON (mt.ID = root_hobt.MetricTypeID)
JOIN
        SUserInterface.GridDefinitions AS gd ON (gd.ID = root_hobt.GridDefinitionId)
JOIN
        SCore.LanguageLabels ll ON (root_hobt.LanguageLabelID = ll.ID)
JOIN
        SUserInterface.Icons i ON (root_hobt.DrawerIconId = i.ID)' WHERE ID = 16
UPDATE SCore.EntityQueries SET Statement = N'SELECT
        root_hobt.ID,
        root_hobt.RowStatus,
        root_hobt.RowVersion,
        root_hobt.Guid,
        root_hobt.Name,
        root_hobt.ColumnOrder,
        root_hobt.IsPrimaryKey,
        root_hobt.IsHidden,
        root_hobt.IsFiltered,
        root_hobt.IsCombo,
        root_hobt.IsLongitude,
        root_hobt.IsLatitude,
        root_hobt.DisplayFormat,
        root_hobt.Width,
        ll.Guid AS LanguageLabelId,
        gvd.Guid AS GridViewDefinitionId,
        root_hobt.TopHeaderCategory,
       root_hobt.TopHeaderCategoryOrder
FROM
        SUserInterface.GridViewColumnDefinitions root_hobt
JOIN
        SUserInterface.GridViewDefinitions gvd ON (gvd.ID = root_hobt.GridViewDefinitionId) 
JOIN    SCore.LanguageLabels ll on (root_hobt.LanguageLabelId = ll.ID)' WHERE ID = 17
UPDATE SCore.EntityQueries SET Statement = N'EXEC [SUserInterface].[GridViewDefinitionUpsert]  
	@Code = @Code, 
	@RowStatus = @RowStatus, 
	@GridDefinitionGuid = @GridDefinitionGuid, 
	@DetailPageUri = @DetailPageUri, 
	@SqlQuery = @SqlQuery, 
	@DefaultSortColumnName = @DefaultSortColumnName, 
	@SecurableCode = @SecurableCode, 
	@DisplayOrder = @DisplayOrder, 
	@DisplayGroupName = @DisplayGroupName, 
	@MetricSqlQuery = @MetricSqlQuery, 
	@ShowMetric = @ShowMetric, 
	@IsDetailWindowed = @IsDetailWindowed, 
	@EntityTypeGuid = @EntityTypeGuid, 
	@MetricTypeGuid = @MetricTypeGuid, 
	@MetricMin = @MetricMin, 
	@MetricMax = @MetricMax, 
	@MetricMinorUnit = @MetricMinorUnit, 
	@MetricMajorUnit = @MetricMajorUnit, 
	@MetricStartAngle = @MetricStartAngle, 
	@MetricEndAngle = @MetricEndAngle, 
	@MetricReversed = @MetricReversed, 
	@MetricRange1Min = @MetricRange1Min, 
	@MetricRange1Max = @MetricRange1Max, 
	@MetricRange1ColourHex = @MetricRange1ColourHex, 
	@MetricRange2Min = @MetricRange2Min, 
	@MetricRange2Max = @MetricRange2Max, 
	@MetricRange2ColourHex = @MetricRange2ColourHex, 
	@IsDefaultSortDescending = @IsDefaultSortDescending, 
	@AllowNew = @AllowNew, 
	@AllowExcelExport = @AllowExcelExport, 
	@AllowPdfExport = @AllowPdfExport, 
	@AllowCsvExport = @AllowCsvExport, 
	@LanguageLabelGuid = @LanguageLabelGuid, 
	@DrawerIconGuid = @DrawerIconGuid, 
	@GridViewTypeGuid = @GridViewTypeGuid, 
	@AllowBulkChange = @AllowBulkChange, 
	@Guid = @Guid,
        @ShowOnMobile = @ShowOnMobile' WHERE ID = 19
UPDATE SCore.EntityQueries SET Statement = N'EXEC [SUserInterface].[GridViewColumnDefinitionUpsert]
  @Name                   = @Name,
  @RowStatus              = @RowStatus,
  @GridViewDefinitionGuid = @GridViewDefinitionGuid,
  @ColumnOrder            = @ColumnOrder,
  @IsPrimaryKey           = @IsPrimaryKey,
  @IsHidden               = @IsHidden,
  @IsFiltered             = @IsFiltered,
  @IsCombo                = @IsCombo,
  @DisplayFormat          = @DisplayFormat,
  @Width                  = @Width,
  @LanguageLabelGuid      = @LanguageLabelGuid,
  @Guid                   = @Guid,
 @TopHeaderCategory = @TopHeaderCategory,
@TopHeaderCategoryOrder = @TopHeaderCategoryOrder' WHERE ID = 20
UPDATE SCore.EntityQueries SET Statement = N'EXEC SUserInterface.DropDownListDefinitionUpsert @Code = @Code,
												 @NameColumn = @NameColumn,
												 @ValueColumn = @ValueColumn,
												 @SqlQuery = @SqlQuery,
												 @DefaultSortColumnName = @DefaultSortColumnName,
												 @IsDefaultColumn = @IsDefaultColumn,
												 @DetailPageURI = @DetailPageURI,
												 @IsDetailWindowed = @IsDetailWindowed, 
												 @EntityTypeGuid = @EntityTypeGuid,
 												 @InformationPageUri = @InformationPageUri,  
                                                                                                 @GroupColumn = @GroupColumn,
												 @Guid = @Guid,
                                                                                                 @ColourHexColumn = @ColourHexColumn;' WHERE ID = 21
UPDATE SCore.EntityQueries SET Name = N'Assets Read', Statement = N'SELECT	root_hobt.ID,
		root_hobt.RowStatus,
		root_hobt.RowVersion,
		root_hobt.Guid,
		root_hobt.AssetNumber,
		root_hobt.Name,
		root_hobt.Number,
		root_hobt.AddressLine1,
		root_hobt.AddressLine2,
		root_hobt.AddressLine3,
		root_hobt.Town,
		root_hobt.Postcode,
		root_hobt.FormattedAddressComma,
		root_hobt.FormattedAddressCR,
		root_hobt.Longitude,
		root_hobt.Latitude,
		root_hobt.IsHighRiskBuilding,
		root_hobt.IsComplexBuilding,
		root_hobt.CreatedDate,
		root_hobt.BuildingHeightInMetres,
		root_hobt.ListLabel,
		wa.Guid AS WaterAuthorityAccountID,
		fa.Guid AS FireAuthorityAccountID,
		la.Guid AS LocalAuthorityAccountID,
		oa.Guid AS OwnerAccountId,
		p.Guid AS ParentAssetID,
		c.Guid AS CountyID,
		cr.Guid AS CountryID
FROM	SJob.Assets root_hobt
JOIN	SCrm.Accounts wa ON (wa.ID = root_hobt.WaterAuthorityAccountID)
JOIN	SCrm.Accounts fa ON (fa.ID = root_hobt.FireAuthorityAccountID)
JOIN	SCrm.Accounts la ON (la.ID = root_hobt.LocalAuthorityAccountID)
JOIN	SCrm.Accounts oa ON (oa.ID = root_hobt.OwnerAccountId)
JOIN	SJob.Assets p ON (p.ID = root_hobt.ParentAssetID)
JOIN	SCrm.Counties c ON (c.ID = root_hobt.CountyId)
JOIN	SCrm.Countries cr ON (cr.ID = root_hobt.CountryID) ' WHERE ID = 22
UPDATE SCore.EntityQueries SET Statement = N'SELECT  root_hobt.ID,
        root_hobt.RowStatus,
        root_hobt.RowVersion,
        root_hobt.Guid,
        root_hobt.Name, 
        root_hobt.IsHidden,
        root_hobt.SortOrder,
		pgl.Guid AS PropertyGroupLayoutID,
        ll.Guid as LanguageLabelID,
        et.Guid as EntityTypeID,
        ShowOnMobile,
        IsCollapsable,
        IsDefaultCollapsed,
        IsDefaultCollapsed_Mobile
FROM    SCore.EntityPropertyGroups root_hobt
JOIN	SUserInterface.PropertyGroupLayouts pgl ON (pgl.ID = root_hobt.PropertyGroupLayoutID)
JOIN    SCore.LanguageLabels ll on (ll.ID = root_hobt.LanguageLabelID)
JOIN    SCore.EntityTypes et on (et.ID = root_hobt.EntityTypeID)' WHERE ID = 23
UPDATE SCore.EntityQueries SET Statement = N'EXEC [SCore].[EntityPropertyGroupUpsert]
    @Name = @Name,
    @RowStatus = @RowStatus,
    @IsHidden = @IsHidden,
    @SortOrder = @SortOrder,
    @LanguageLabelGuid = @LanguageLabelGuid,
    @EntityTypeGuid = @EntityTypeGuid,
     @PropertyGroupLayoutGuid= @PropertyGroupLayoutGuid,
    @ShowOnMobile = @ShowOnMobile,
    @IsCollapsable = @IsCollapsable,
    @IsDefaultCollapsed = @IsDefaultCollapsed,
    @IsDefaultCollapsed_Mobile = @IsDefaultCollapsed_Mobile,
    @Guid = @Guid OUT
     ' WHERE ID = 24
UPDATE SCore.EntityQueries SET Statement = N'SELECT
        root_hobt.ID,
        root_hobt.RowStatus,
        root_hobt.RowVersion,
        root_hobt.Guid,
        root_hobt.AgreedFee,
        root_hobt.RibaStage1Fee,
        root_hobt.RibaStage2Fee,
        root_hobt.RibaStage3Fee,
        root_hobt.RibaStage4Fee,
        root_hobt.RibaStage5Fee,
        root_hobt.RibaStage6Fee,
        root_hobt.RibaStage7Fee,
        root_hobt.PreConstructionStageFee,
        root_hobt.ConstructionStageFee,
        root_hobt.ArchiveBoxReference,
        root_hobt.ArchiveReferenceLink,
        root_hobt.CreatedOn,
        root_hobt.ExternalReference,
        root_hobt.IsSubjectToNDA,
        root_hobt.JobCancelled,
        root_hobt.JobCompleted,
        root_hobt.JobDescription,
        root_hobt.JobStarted,
		root_hobt.DeadDate,
        root_hobt.Number,
        root_hobt.VersionID,
        root_hobt.IsCompleteForReview,
        root_hobt.ReviewedDateTimeUTC,
        root_hobt.LegacyID,
        root_hobt.AppFormReceived,
        root_hobt.FeeCap,
        root_hobt.JobDormant,
        root_hobt.CurrentRibaStageId,
        root_hobt.JobTypeID,
        root_hobt.SurveyorID,
        root_hobt.CreatedByUserID,
        root_hobt.ClientAccountID,
        root_hobt.ClientAddressID,
        root_hobt.ClientContactID,
        root_hobt.AgentAccountID,
        root_hobt.AgentAddressID,
        root_hobt.AgentContactID,
        root_hobt.FinanceAccountID,
        root_hobt.FinanceAddressID,
        root_hobt.FinanceContactID,
        root_hobt.OrganisationalUnitID,
        root_hobt.QuoteItemID,
        root_hobt.UprnID,
        root_hobt.ValueOfWorkID,
        root_hobt.ReviewedByUserID,
        root_hobt.ContractID,
        root_hobt.PurchaseOrderNumber,
        root_hobt.ProjectId,
        root_hobt.ValueOfWork,
        root_hobt.ClientAppointmentReceived,
	root_hobt.AppointedFromStageId,
        root_hobt.BillingInstruction
FROM
        SJob.Jobs_Read AS root_hobt' WHERE ID = 30
UPDATE SCore.EntityQueries SET Statement = N'SELECT	root_hobt.ID,
		root_hobt.RowStatus,
		root_hobt.RowVersion,
		root_hobt.Guid,
		root_hobt.Name,
		root_hobt.Code,
		root_hobt.IsPurchaseLedger,
		root_hobt.IsSalesLedger,
		root_hobt.IsLocalAuthority,
		root_hobt.IsFireAuthority,
		root_hobt.IsWaterAuthority,
		root_hobt.CompanyRegistrationNumber,
		root_hobt.LegacyID,
		s.Guid	AS AccountStatusID,
		pa.Guid AS ParentAccountID,
		rmi.Guid AS RelationshipManagerUserId,
		ac.Guid AS MainAccountContactId,
		aa.Guid AS MainAccountAddressId,
        root_hobt.BillingInstruction,
		root_hobt.ConcatenatedNameCode
FROM	SCrm.Accounts	   AS root_hobt
JOIN	SCrm.AccountStatus AS s ON (s.ID   = root_hobt.AccountStatusID)
JOIN	SCrm.Accounts	   AS pa ON (pa.ID = root_hobt.ParentAccountID)
JOIN	Score.Identities AS rmi ON (rmi.ID = root_hobt.RelationshipManagerUserId)
JOIN	SCrm.AccountContacts ac ON (ac.ID = root_hobt.MainAccountContactId)
JOIN	SCrm.AccountAddresses aa ON (aa.ID = root_hobt.MainAccountAddressId)' WHERE ID = 39
UPDATE SCore.EntityQueries SET Name = N'Assets Upsert', Statement = N'EXEC [SJob].[AssetsUpsert]  
	@ParentAssetGuid = @ParentAssetGuid, 
	@Name = @Name, 
	@Number = @Number, 
	@AddressLine1 = @AddressLine1, 
	@AddressLine2 = @AddressLine2, 
	@AddressLine3 = @AddressLine3, 
	@Town = @Town, 
	@CountyGuid = @CountyGuid, 
	@Postcode = @Postcode, 
	@CountryGuid = @CountryGuid, 
	@LocalAuthorityAccountGuid = @LocalAuthorityAccountGuid, 
	@FireAuthorityAccountGuid = @FireAuthorityAccountGuid, 
	@WaterAuthorityAccountGuid = @WaterAuthorityAccountGuid, 
	@Latitude = @Latitude, 
	@Longitude = @Longitude, 
	@IsHighRiskBuilding = @IsHighRiskBuilding, 
	@IsComplexBuilding = @IsComplexBuilding, 
	@BuildingHeightInMetres = @BuildingHeightInMetres, 
	@OwnerAccountGuid = @OwnerAccountGuid, 
	@Guid = @Guid', ObjectName = N'AssetsUpsert' WHERE ID = 42
UPDATE SCore.EntityQueries SET Statement = N'EXEC SCrm.AccountsUpsert @Name = @Name,							-- nvarchar(250)
						 @Code = @Code,							-- nvarchar(10)
						 @AccountStatusGuid = @AccountStatusGuid,				-- uniqueidentifier
						 @ParentAccountGuid = @ParentAccountGuid,				-- uniqueidentifier
						 @IsPurchaseLedger = @IsPurchaseLedger,				-- bit
						 @IsSalesLedger = @IsSalesLedger,					-- bit
						 @IsLocalAuthority = @IsLocalAuthority,				-- bit
						 @IsFireAuthority = @IsFireAuthority,				-- bit
						 @IsWaterAuthority = @IsWaterAuthority,				-- bit
						 @RelationshipManagerUserGuid = @RelationshipManagerUserGuid,	-- uniqueidentifier
						 @CompanyRegistrationNumber = @CompanyRegistrationNumber,		-- nvarchar(50)
						 @MainAccountAddressGuid = @MainAccountAddressGuid,
						 @MainAccountContactGuid = @MainAccountContactGuid,
						 @Guid = @Guid,							-- uniqueidentifier 
                                                  @BillingInstruction = @BillingInstruction' WHERE ID = 45
UPDATE SCore.EntityQueries SET Statement = N'SELECT 
	root_hobt.Guid
,	[DFBC2B7E-9655-44D7-966E-E749E7F702AA].Guid AS JobID
,	[59D35AD9-A62C-417B-AE34-255C0FA2E3D5].Guid AS AccountID
,	root_hobt.RowVersion
,	root_hobt.RowStatus
,	root_hobt.ID
,	[9D0F7D88-097A-43BF-B667-2C58F8E7AAA3].Guid AS ProjectDirectoryRoleID
,	[9A444DB8-F290-4443-BAC6-D77999EA1DD9].Guid AS ContactID
,	[DED3069E-FA1A-4DD6-8EDC-0C2924215B54].Guid AS ProjectID

FROM SJob.ProjectDirectory AS root_hobt 
JOIN SJob.Jobs AS [DFBC2B7E-9655-44D7-966E-E749E7F702AA] ON ([DFBC2B7E-9655-44D7-966E-E749E7F702AA].ID = root_hobt.JobID) 
 JOIN SCrm.Accounts AS [59D35AD9-A62C-417B-AE34-255C0FA2E3D5] ON ([59D35AD9-A62C-417B-AE34-255C0FA2E3D5].ID = root_hobt.AccountID) 
 JOIN SJob.ProjectDirectoryRoles AS [9D0F7D88-097A-43BF-B667-2C58F8E7AAA3] ON ([9D0F7D88-097A-43BF-B667-2C58F8E7AAA3].ID = root_hobt.ProjectDirectoryRoleID) 
 JOIN SCrm.Contacts AS [9A444DB8-F290-4443-BAC6-D77999EA1DD9] ON ([9A444DB8-F290-4443-BAC6-D77999EA1DD9].ID = root_hobt.ContactID) 
 JOIN SSop.Projects AS [DED3069E-FA1A-4DD6-8EDC-0C2924215B54] ON ([DED3069E-FA1A-4DD6-8EDC-0C2924215B54].ID = root_hobt.ProjectID) 
' WHERE ID = 65
UPDATE SCore.EntityQueries SET Statement = N'EXEC [SJob].[JobsUpsert]  
	@OrganisationalUnitGuid = @OrganisationalUnitGuid, 
	@JobTypeGuid = @JobTypeGuid, 
	@UprnGuid = @UprnGuid, 
	@ClientAccountGuid = @ClientAccountGuid, 
	@ClientAddressGuid = @ClientAddressGuid, 
	@ClientContactGuid = @ClientContactGuid, 
	@AgentAccountGuid = @AgentAccountGuid, 
	@AgentAddressGuid = @AgentAddressGuid, 
	@AgentContactGuid = @AgentContactGuid, 
	@FinanceAccountGuid = @FinanceAccountGuid, 
	@FinanceAddressGuid = @FinanceAddressGuid, 
	@FinanceContactGuid = @FinanceContactGuid, 
	@SurveyorGuid = @SurveyorGuid, 
	@JobDescription = @JobDescription, 
	@IsSubjectToNDA = @IsSubjectToNDA, 
	@JobStarted = @JobStarted, 
	@JobCompleted = @JobCompleted, 
	@JobCancelled = @JobCancelled, 
	@ValueOfWorkGuid = @ValueOfWorkGuid, 
	@AgreedFee = @AgreedFee, 
	@RibaStage1Fee = @RibaStage1Fee, 
	@RibaStage2Fee = @RibaStage2Fee, 
	@RibaStage3Fee = @RibaStage3Fee, 
	@RibaStage4Fee = @RibaStage4Fee, 
	@RibaStage5Fee = @RibaStage5Fee, 
	@RibaStage6Fee = @RibaStage6Fee, 
	@RibaStage7Fee = @RibaStage7Fee, 
	@PreConstructionStageFee = @PreConstructionStageFee, 
	@ConstructionStageFee = @ConstructionStageFee, 
	@ArchiveReferenceLink = @ArchiveReferenceLink, 
	@ArchiveBoxReference = @ArchiveBoxReference, 
	@CreatedOn = @CreatedOn, 
	@ExternalReference = @ExternalReference, 
	@IsCompleteForReview = @IsCompleteForReview, 
	@ReviewedByUserGuid = @ReviewedByUserGuid, 
	@ReviewDateTimeUTC = @ReviewDateTimeUTC, 
	@AppFormReceived = @AppFormReceived, 
	@FeeCap = @FeeCap, 
	@CurrentRibaStageGuid = @CurrentRibaStageGuid, 
	@JobDormant = @JobDormant, 
	@PurchaseOrderNumber = @PurchaseOrderNumber, 
	@ContractGuid = @ContractGuid, 
	@ProjectGuid = @ProjectGuid, 
	@ValueOfWork = @ValueOfWork, 
	@ClientAppointmentReceived = @ClientAppointmentReceived, 
	@AppointedFromStageGuid = @AppointedFromStageGuid, 
	@DeadDate = @DeadDate, 
	@Guid = @Guid, 
	@BillingInstruction = @BillingInstruction' WHERE ID = 67
UPDATE SCore.EntityQueries SET Statement = N'SELECT 
	[01FDD623-FA79-43E2-AC7B-FA45BEF7FC73].Guid AS ClientAddressId
,	[04DD32E8-AE80-4F81-BD9A-F646441AFBE4].Guid AS ClientContactId
,	[F530931A-6E91-4BEB-BF2C-4C48B58C07D9].Guid AS ContractID
,	root_hobt.Date
,	root_hobt.Guid
,	root_hobt.ID
,	root_hobt.Number
,	[07C15164-1D8B-452D-9CEC-EEF64056AB52].Guid AS OrganisationalUnitID
,	root_hobt.Overview
,	[EE947786-1E4A-40D8-B0AD-E2D0B039CF6E].Guid AS QuotingUserId
,	root_hobt.RowStatus
,	root_hobt.RowVersion
,	root_hobt.DateAccepted
,	root_hobt.DateRejected
,	root_hobt.DateSent
,	root_hobt.ExpiryDate
,	[3AFE632D-2EE2-4FD8-8FFC-E696E84E095C].Guid AS QuoteSourceId
,	root_hobt.RejectionReason
,	[3FDEF099-DBC8-4F1D-B8D7-529600A0B62D].Guid AS AgentAddressId
,	[5AA9C5DF-307E-4DEE-9EE0-7B97115E1315].Guid AS AgentContactId
,	root_hobt.ExternalReference
,	root_hobt.IsSubjectToNDA
,	root_hobt.ChaseDate1
,	root_hobt.ChaseDate2
,	root_hobt.FeeCap
,	root_hobt.IsFinal
,	root_hobt.LegacyId
,	root_hobt.SendInfoToAgent
,	root_hobt.SendInfoToClient
,	[7E3459EE-8083-4C0E-9652-03D71A98F857].Guid AS QuotingConsultantId
,	[FC51FD71-51A1-4B7A-BA50-F0C2F2816225].Guid AS AppointmentFromRibaStageId
,	[DA716B55-56FA-40CE-B1E3-50A56F2F233A].Guid AS ProjectId
,	root_hobt.ValueOfWork
,	[34B965DC-8D1F-4066-81BB-852157CBB00F].Guid AS OriginalQuoteId
,	root_hobt.RevisionNumber
,	[93001C06-FD4A-4965-B8EA-EDAF8C16A21E].Guid AS CurrentRibaStageId
,	root_hobt.DeadDate
,	[30E87213-B425-43FC-B37C-6F1F3EDE3AE0].Guid AS EnquiryServiceID
,	root_hobt.ExclusionsAndLimitations
,	root_hobt.LegacySystemID
,       root_hobt.DateDeclinedToQuote
,      root_hobt.DeclinedToQuoteReason


FROM SSop.Quotes AS root_hobt 
JOIN SCrm.AccountAddresses AS [01FDD623-FA79-43E2-AC7B-FA45BEF7FC73] ON ([01FDD623-FA79-43E2-AC7B-FA45BEF7FC73].ID = root_hobt.ClientAddressId) 
 JOIN SCrm.AccountContacts AS [04DD32E8-AE80-4F81-BD9A-F646441AFBE4] ON ([04DD32E8-AE80-4F81-BD9A-F646441AFBE4].ID = root_hobt.ClientContactId) 
 JOIN SSop.Contracts AS [F530931A-6E91-4BEB-BF2C-4C48B58C07D9] ON ([F530931A-6E91-4BEB-BF2C-4C48B58C07D9].ID = root_hobt.ContractID) 
 JOIN SCore.OrganisationalUnits AS [07C15164-1D8B-452D-9CEC-EEF64056AB52] ON ([07C15164-1D8B-452D-9CEC-EEF64056AB52].ID = root_hobt.OrganisationalUnitID) 
 JOIN SCore.Identities AS [EE947786-1E4A-40D8-B0AD-E2D0B039CF6E] ON ([EE947786-1E4A-40D8-B0AD-E2D0B039CF6E].ID = root_hobt.QuotingUserId) 
 JOIN SSop.QuoteSources AS [3AFE632D-2EE2-4FD8-8FFC-E696E84E095C] ON ([3AFE632D-2EE2-4FD8-8FFC-E696E84E095C].ID = root_hobt.QuoteSourceId) 
 JOIN SCrm.AccountAddresses AS [3FDEF099-DBC8-4F1D-B8D7-529600A0B62D] ON ([3FDEF099-DBC8-4F1D-B8D7-529600A0B62D].ID = root_hobt.AgentAddressId) 
 JOIN SCrm.AccountContacts AS [5AA9C5DF-307E-4DEE-9EE0-7B97115E1315] ON ([5AA9C5DF-307E-4DEE-9EE0-7B97115E1315].ID = root_hobt.AgentContactId) 
 JOIN SCore.Identities AS [7E3459EE-8083-4C0E-9652-03D71A98F857] ON ([7E3459EE-8083-4C0E-9652-03D71A98F857].ID = root_hobt.QuotingConsultantId) 
 JOIN SJob.RibaStages AS [FC51FD71-51A1-4B7A-BA50-F0C2F2816225] ON ([FC51FD71-51A1-4B7A-BA50-F0C2F2816225].ID = root_hobt.AppointmentFromRibaStageId) 
 JOIN SSop.Projects AS [DA716B55-56FA-40CE-B1E3-50A56F2F233A] ON ([DA716B55-56FA-40CE-B1E3-50A56F2F233A].ID = root_hobt.ProjectId) 
 JOIN SSop.Quotes AS [34B965DC-8D1F-4066-81BB-852157CBB00F] ON ([34B965DC-8D1F-4066-81BB-852157CBB00F].ID = root_hobt.OriginalQuoteId) 
 JOIN SJob.RibaStages AS [93001C06-FD4A-4965-B8EA-EDAF8C16A21E] ON ([93001C06-FD4A-4965-B8EA-EDAF8C16A21E].ID = root_hobt.CurrentRibaStageId) 
 JOIN SSop.EnquiryServices AS [30E87213-B425-43FC-B37C-6F1F3EDE3AE0] ON ([30E87213-B425-43FC-B37C-6F1F3EDE3AE0].ID = root_hobt.EnquiryServiceID) 
' WHERE ID = 82
UPDATE SCore.EntityQueries SET Statement = N'EXEC [SSop].[QuotesUpsert]  
	@OrganisationalUnitGuid = @OrganisationalUnitGuid, 
	@QuotingUserGuid = @QuotingUserGuid, 
	@ContractGuid = @ContractGuid, 
	@Date = @Date, 
	@Overview = @Overview, 
	@ExpiryDate = @ExpiryDate, 
	@DateSent = @DateSent, 
	@DateAccepted = @DateAccepted, 
	@DateRejected = @DateRejected, 
	@RejectionReason = @RejectionReason, 
	@FeeCap = @FeeCap, 
	@IsFinal = @IsFinal, 
	@ExternalReference = @ExternalReference, 
	@QuotingConsultantGuid = @QuotingConsultantGuid, 
	@AppointmentFromRibaStageGuid = @AppointmentFromRibaStageGuid, 
	@CurrentStageGuid = @CurrentStageGuid, 
	@DeadDate = @DeadDate, 
	@EnquiryServiceGuid = @EnquiryServiceGuid, 
	@ProjectGuid = @ProjectGuid, 
	@Guid = @Guid, 
	@JobType = @JobType, 
	@DeclinedToQuoteReason = @DeclinedToQuoteReason, 
	@DescriptionOfWorks = @DescriptionOfWorks, 
	@ExclusionsAndLimitations = @ExclusionsAndLimitations' WHERE ID = 85
UPDATE SCore.EntityQueries SET Statement = N'SELECT 
	[A47D9C7E-9DCA-4AE0-B3AD-73A0690EDD92].Guid AS CreatedJobId,
	root_hobt.Details,
	root_hobt.DoNotConsolidateJob,
	root_hobt.Guid,
	root_hobt.ID,
	root_hobt.LegacyId,
	root_hobt.LegacySystemID,
	root_hobt.Net,
	[6BA255D5-2339-4286-A86C-494A2AB1DA4A].Guid AS ProductId,
	[6E8FD1FD-157F-4B88-80CD-C0589CAD9D2A].Guid AS ProvideAtStageID,
	root_hobt.Quantity,
	[7EC6389A-C5BA-4B84-BE24-096C86DF6770].Guid AS QuoteId,
	[EEA4BD07-8A21-4B1B-8050-819EA27E1B11].Guid AS QuoteSectionId,
	root_hobt.RowStatus,
	root_hobt.RowVersion,
	root_hobt.SortOrder,
	root_hobt.VatRate,
        root_hobt.NumberOfSiteVisits,
        root_hobt.NumberOfMeetings
FROM SSop.QuoteItems AS root_hobt 
JOIN SProd.Products AS [6BA255D5-2339-4286-A86C-494A2AB1DA4A] ON ([6BA255D5-2339-4286-A86C-494A2AB1DA4A].ID = root_hobt.ProductId) 
 JOIN SSop.QuoteSections AS [EEA4BD07-8A21-4B1B-8050-819EA27E1B11] ON ([EEA4BD07-8A21-4B1B-8050-819EA27E1B11].ID = root_hobt.QuoteSectionId) 
 JOIN SJob.Jobs AS [A47D9C7E-9DCA-4AE0-B3AD-73A0690EDD92] ON ([A47D9C7E-9DCA-4AE0-B3AD-73A0690EDD92].ID = root_hobt.CreatedJobId) 
 JOIN SJob.RibaStages AS [6E8FD1FD-157F-4B88-80CD-C0589CAD9D2A] ON ([6E8FD1FD-157F-4B88-80CD-C0589CAD9D2A].ID = root_hobt.ProvideAtStageID) 
 JOIN SSop.Quotes AS [7EC6389A-C5BA-4B84-BE24-096C86DF6770] ON ([7EC6389A-C5BA-4B84-BE24-096C86DF6770].ID = root_hobt.QuoteId) 
' WHERE ID = 87
UPDATE SCore.EntityQueries SET Statement = N'EXEC [SSop].[QuoteItemsUpsert]  
	@QuoteGuid = @QuoteGuid, 
	@ProductGuid = @ProductGuid, 
	@Details = @Details, 
	@Net = @Net, 
	@VatRate = @VatRate, 
	@DoNotConsolidateJob = @DoNotConsolidateJob, 
	@SortOrder = @SortOrder, 
	@Quantity = @Quantity, 
	@ProvidedAtStageGuid = @ProvidedAtStageGuid, 
	@Guid = @Guid,
        @NumberOfSiteVisits = @NumberOfSiteVisits,
        @NumberOfMeetings = @NumberOfMeetings' WHERE ID = 91
UPDATE SCore.EntityQueries SET Statement = N'EXEC [SJob].[ActivityTypesUpsert]  
	@Name = @Name, 
	@IsActive = @IsActive, 
	@SortOrder = @SortOrder, 
	@IsFeeTrigger = @IsFeeTrigger, 
	@IsLiveTrigger = @IsLiveTrigger, 
	@IsAdmin = @IsAdmin, 
	@IsScheduleItem = @IsScheduleItem, 
	@Colour = @Colour, 
	@IsMeeting = @IsMeeting, 
	@IsSiteVisit = @IsSiteVisit, 
	@IsCommencementTrigger = @IsCommencementTrigger, 
	@Guid = @Guid, 
	@IsBillable = @IsBillable' WHERE ID = 109
UPDATE SCore.EntityQueries SET Statement = N'SELECT 
	root_hobt.Guid,
	root_hobt.ID,
	root_hobt.IsActive,
	root_hobt.Name,
	[8C9FF97B-D7E8-4BF2-A153-ED7D08A9787A].Guid AS OrganisationalUnitID,
	root_hobt.RowStatus,
	root_hobt.RowVersion,
	root_hobt.SequenceID,
	root_hobt.UsePlanChecks,
	root_hobt.UseTimeSheets
FROM SJob.JobTypes AS root_hobt 
JOIN SCore.OrganisationalUnits AS [8C9FF97B-D7E8-4BF2-A153-ED7D08A9787A] ON ([8C9FF97B-D7E8-4BF2-A153-ED7D08A9787A].ID = root_hobt.OrganisationalUnitID) 
' WHERE ID = 122
UPDATE SCore.EntityQueries SET Statement = N'EXEC [SCore].[MergeDocumentsUpsert]  
	@Name = @Name, 
	@FilenameTemplate = @FilenameTemplate, 
	@EntityTypeGuid = @EntityTypeGuid, 
	@SharepointSiteGuid = @SharepointSiteGuid, 
	@DocumentId = @DocumentId, 
	@LinkedEntityTypeGuid = @LinkedEntityTypeGuid, 
	@AllowPDFOutputOnly = @AllowPDFOutputOnly, 
	@AllowExcelOutputOnly = @AllowExcelOutputOnly, 
	@ProduceOneOutputPerRow = @ProduceOneOutputPerRow, 
	@Guid = @Guid' WHERE ID = 123
UPDATE SCore.EntityQueries SET Statement = N'SELECT 
	root_hobt.AllowPDFOutputOnly,
        root_hobt.AllowExcelOutputOnly,
	root_hobt.DocumentId,
	[2F88C3FF-B564-4B42-84BA-8B527EBABED6].Guid AS EntityTypeId,
	root_hobt.FilenameTemplate,
	root_hobt.Guid,
	root_hobt.ID,
	[FEFEFAA1-DFB4-49FD-BBF6-563AE47DF1C0].Guid AS LinkedEntityTypeId,
	root_hobt.Name,
	root_hobt.ProduceOneOutputPerRow,
	root_hobt.RowStatus,
	root_hobt.RowVersion,
	[6551966B-1294-437E-8E20-E9771C9F2D1E].Guid AS SharepointSiteId
FROM SCore.MergeDocuments AS root_hobt 
JOIN SCore.EntityTypes AS [2F88C3FF-B564-4B42-84BA-8B527EBABED6] ON ([2F88C3FF-B564-4B42-84BA-8B527EBABED6].ID = root_hobt.EntityTypeId) 
 JOIN SCore.EntityTypes AS [FEFEFAA1-DFB4-49FD-BBF6-563AE47DF1C0] ON ([FEFEFAA1-DFB4-49FD-BBF6-563AE47DF1C0].ID = root_hobt.LinkedEntityTypeId) 
 JOIN SCore.SharepointSites AS [6551966B-1294-437E-8E20-E9771C9F2D1E] ON ([6551966B-1294-437E-8E20-E9771C9F2D1E].ID = root_hobt.SharepointSiteId) 
' WHERE ID = 125
UPDATE SCore.EntityQueries SET Name = N'Assets Data Pills', Statement = N'SELECT	* FROM SJob.tvf_Assets_DataPills(@Guid, @RowStatus, @Number, @AddressLine1, @AddressLine2, @AddressLine3, @Town, @CountyGuid, @PostCode)  root_hobt  ' WHERE ID = 157
EXEC(N'UPDATE SCore.EntityQueries SET Statement = N''SELECT 
	[62A7CA41-57FE-4541-9B7B-64C2BECBD403].Guid AS AgentAccountContactId,
	[C6D3628B-9EF6-46E7-A04B-455D7256E180].Guid AS AgentAccountId,
	[518A2AAD-697B-4134-B39D-20C20B5FCD92].Guid AS AgentAddressId,
	root_hobt.AgentAddressLine1,
	root_hobt.AgentAddressLine2,
	root_hobt.AgentAddressLine3,
	root_hobt.AgentAddressNameNumber,
	root_hobt.AgentAddressPostCode,
	[9B125B55-B220-4023-AA54-BABCDF6AFD1B].Guid AS AgentCountryId,
	[7EA7CAB9-F5BC-4B00-AE06-276E3B772910].Guid AS AgentCountyId,
	root_hobt.AgentName,
	root_hobt.AgentTown,
	root_hobt.ChaseDate1,
	root_hobt.ChaseDate2,
	[CCDDA156-B2D7-4F37-AA9E-1CB98F3C11FD].Guid AS ClientAccountContactId,
	[C1AFB8A2-4596-4C64-8267-7F49B9BE04D6].Guid AS ClientAccountId,
	[3611CED8-53C2-4FA8-9ACC-F508149BC716].Guid AS ClientAddressCountryId,
	[A0DB71C1-2E2B-4559-95E4-9CEBF2F01BA5].Guid AS ClientAddressCountyId,
	[8D6A7C6A-9D55-4C03-82F1-75B6BB5BB3CC].Guid AS ClientAddressId,
	root_hobt.ClientAddressLine1,
	root_hobt.ClientAddressLine2,
	root_hobt.ClientAddressLine3,
	root_hobt.ClientAddressNameNumber,
	root_hobt.ClientAddressPostCode,
	root_hobt.ClientAddressTown,
	root_hobt.ClientName,
	root_hobt.ConstructionStageMonths,
	[2B074135-3D54-49A9-ACDE-C82FDB5F9067].Guid AS CreatedByUserId,
	[D020A007-8E39-450B-8575-69D76529659A].Guid AS CurrentProjectRibaStageID,
	root_hobt.Date,
	root_hobt.DeadDate,
	root_hobt.DeclinedToQuoteDate,
	root_hobt.DeclinedToQuoteReason,
	root_hobt.DescriptionOfWorks,
	[DE5A2964-7F7D-4194-962C-11F3FA18DB55].Guid AS EnquirySourceId,
	root_hobt.EnterNewAgentDetails,
	root_hobt.EnterNewClientDetails,
	root_hobt.EnterNewFinanceDetails,
	root_hobt.EnterNewStructureDetails,
	root_hobt.ExpectedProcurementRoute,
	root_hobt.ExternalReference,
	[B7C58113-E763-4B52-82D5-21501514AF8C].Guid AS FinanceAccountId,
	root_hobt.FinanceAccountName,
	[BC7CF205-B05B-41AC-B0CC-E23AEDC459D8].Guid AS FinanceAddressId,
	root_hobt.FinanceAddressLine1,
	root_hobt.FinanceAddressLine2,
	root_hobt.FinanceAddressLine3,
	root_hobt.FinanceAddressNameNumber,
	[02B19759-9D35-447C-9AE2-3C7B9027FEB1].Guid AS FinanceContactId,
	[70FEA0EA-C279-484C-931D-2D23F42D01C3].Guid AS FinanceCountyId,
	root_hobt.FinancePostCode,
	root_hobt.FinanceTown,
	root_hobt.Guid,
	root_hobt.ID,
	root_hobt.IsClientFinanceAccount,
	root_hobt.IsReadyForQuoteReview,
	CASE WHEN [9066A2DA-692E-4EFD-A2F0-FF124E2F366E].IsSubjectToNDA = 1 THEN [9066A2DA-692E-4EFD-A2F0-FF124E2F366E].IsSubjectToNDA  ELSE root_hobt.IsSubjectToNDA END AS IsSubjectToNDA,
	root_hobt.KeyDates,
	root_hobt.Notes,
	root_hobt.Number,
	[1C4B6562-A512-4FC9-85EE-F6A2193EBECE].Guid AS OrganisationalUnitID,
	root_hobt.PreConstructionStageMonths,
	[9066A2DA-692E-4EFD-A2F0-FF124E2F366E].Guid AS ProjectId,
	root_hobt.PropertyAddressLine1,
	root_hobt.PropertyAddressLine2,
	root_hobt.PropertyAddressLine3,
	[C1B43942-F1B0-42DD-8AB7-E1D2C02DFA1B].Guid AS PropertyCountryId,
	[EF3E7956-4ECB-49B0-B930-8DB68D545FFB].Guid AS PropertyCountyId,
	[FE002E4D-3B56-499F-93DA-5D43259CBC76].Guid AS PropertyId,
	root_hobt.PropertyNameNumber,
	root_hobt.PropertyPostCode,
	root_hobt.PropertyTown,
	root_hobt.ProposalLetter,
	root_hobt.QuotingDeadlineDate,
	root_hobt.RibaStage0Months,
	root_hobt.RibaStage1Months,
	root_hobt.RibaStage2Months,
	root_hobt.RibaStage3Months,
	root_hobt.RibaStage4Months,
	root_hobt.RibaStage5Months,
	root_hobt.RibaStage6Months,
	root_hobt.RibaStage7Months,
	root_hobt.RowStatus,
	root_hobt.RowVersion,
	root_hobt.SendInfoToAgent,
	root_hobt.SendInfoToClient,
	[9264744B-5F58-461B-953B-0C16D80B8FC7].Guid AS SignatoryIdentityId,
	root_hobt.ValueOfWork
FROM SSop.Enquiries AS root_hobt 
JOIN SCrm.Accounts AS [C6D3628B-9EF6-46E7-A04B-455D7256E180] ON ([C6D3628B-9EF6-46E7-A04B-455D7256E180].ID = root_hobt.AgentAccountId) 
 JOIN SCrm.AccountAddresses AS [518A2AAD-697B-4134-B39D-20C20B5FCD92] ON ([518A2AAD-697B-4134-B39D-20C20B5FCD92].ID = root_hobt.AgentAddressId) 
 JOIN SCrm.Countries AS [9B125B55-B220-4023-AA54-BABCDF6AFD1B]'
+ N' ON ([9B125B55-B220-4023-AA54-BABCDF6AFD1B].ID = root_hobt.AgentCountryId) 
 JOIN SCrm.Counties AS [7EA7CAB9-F5BC-4B00-AE06-276E3B772910] ON ([7EA7CAB9-F5BC-4B00-AE06-276E3B772910].ID = root_hobt.AgentCountyId) 
 JOIN SCrm.Accounts AS [C1AFB8A2-4596-4C64-8267-7F49B9BE04D6] ON ([C1AFB8A2-4596-4C64-8267-7F49B9BE04D6].ID = root_hobt.ClientAccountId) 
 JOIN SCrm.Countries AS [3611CED8-53C2-4FA8-9ACC-F508149BC716] ON ([3611CED8-53C2-4FA8-9ACC-F508149BC716].ID = root_hobt.ClientAddressCountryId) 
 JOIN SCrm.Counties AS [A0DB71C1-2E2B-4559-95E4-9CEBF2F01BA5] ON ([A0DB71C1-2E2B-4559-95E4-9CEBF2F01BA5].ID = root_hobt.ClientAddressCountyId) 
 JOIN SCrm.AccountAddresses AS [8D6A7C6A-9D55-4C03-82F1-75B6BB5BB3CC] ON ([8D6A7C6A-9D55-4C03-82F1-75B6BB5BB3CC].ID = root_hobt.ClientAddressId) 
 JOIN SCore.Identities AS [2B074135-3D54-49A9-ACDE-C82FDB5F9067] ON ([2B074135-3D54-49A9-ACDE-C82FDB5F9067].ID = root_hobt.CreatedByUserId) 
 JOIN SJob.RibaStages AS [D020A007-8E39-450B-8575-69D76529659A] ON ([D020A007-8E39-450B-8575-69D76529659A].ID = root_hobt.CurrentProjectRibaStageID) 
 JOIN SCore.OrganisationalUnits AS [1C4B6562-A512-4FC9-85EE-F6A2193EBECE] ON ([1C4B6562-A512-4FC9-85EE-F6A2193EBECE].ID = root_hobt.OrganisationalUnitID) 
 JOIN SCrm.Countries AS [C1B43942-F1B0-42DD-8AB7-E1D2C02DFA1B] ON ([C1B43942-F1B0-42DD-8AB7-E1D2C02DFA1B].ID = root_hobt.PropertyCountryId) 
 JOIN SCrm.Counties AS [EF3E7956-4ECB-49B0-B930-8DB68D545FFB] ON ([EF3E7956-4ECB-49B0-B930-8DB68D545FFB].ID = root_hobt.PropertyCountyId) 
 JOIN SJob.Properties AS [FE002E4D-3B56-499F-93DA-5D43259CBC76] ON ([FE002E4D-3B56-499F-93DA-5D43259CBC76].ID = root_hobt.PropertyId) 
 JOIN SSop.QuoteSources AS [DE5A2964-7F7D-4194-962C-11F3FA18DB55] ON ([DE5A2964-7F7D-4194-962C-11F3FA18DB55].ID = root_hobt.EnquirySourceId) 
 JOIN SCrm.AccountContacts AS [62A7CA41-57FE-4541-9B7B-64C2BECBD403] ON ([62A7CA41-57FE-4541-9B7B-64C2BECBD403].ID = root_hobt.AgentAccountContactId) 
 JOIN SCrm.AccountContacts AS [CCDDA156-B2D7-4F37-AA9E-1CB98F3C11FD] ON ([CCDDA156-B2D7-4F37-AA9E-1CB98F3C11FD].ID = root_hobt.ClientAccountContactId) 
 JOIN SSop.Projects AS [9066A2DA-692E-4EFD-A2F0-FF124E2F366E] ON ([9066A2DA-692E-4EFD-A2F0-FF124E2F366E].ID = root_hobt.ProjectId) 
 JOIN SCrm.Accounts AS [B7C58113-E763-4B52-82D5-21501514AF8C] ON ([B7C58113-E763-4B52-82D5-21501514AF8C].ID = root_hobt.FinanceAccountId) 
 JOIN SCrm.AccountAddresses AS [BC7CF205-B05B-41AC-B0CC-E23AEDC459D8] ON ([BC7CF205-B05B-41AC-B0CC-E23AEDC459D8].ID = root_hobt.FinanceAddressId) 
 JOIN SCrm.AccountContacts AS [02B19759-9D35-447C-9AE2-3C7B9027FEB1] ON ([02B19759-9D35-447C-9AE2-3C7B9027FEB1].ID = root_hobt.FinanceContactId) 
 JOIN SCrm.Counties AS [70FEA0EA-C279-484C-931D-2D23F42D01C3] ON ([70FEA0EA-C279-484C-931D-2D23F42D01C3].ID = root_hobt.FinanceCountyId) 
 JOIN SCore.Identities AS [9264744B-5F58-461B-953B-0C16D80B8FC7] ON ([9264744B-5F58-461B-953B-0C16D80B8FC7].ID = root_hobt.SignatoryIdentityId) 

'' WHERE ID = 159')
UPDATE SCore.EntityQueries SET Statement = N'EXEC [SSop].[EnquiriesUpsert]  
	@OrganisationalUnitGuid = @OrganisationalUnitGuid, 
	@Date = @Date, 
	@CreatedByUserGuid = @CreatedByUserGuid, 
	@PropertyGuid = @PropertyGuid, 
	@PropertyNameNumber = @PropertyNameNumber, 
	@PropertyAddressLine1 = @PropertyAddressLine1, 
	@PropertyAddressLine2 = @PropertyAddressLine2, 
	@PropertyAddressLine3 = @PropertyAddressLine3, 
	@PropertyCountyGuid = @PropertyCountyGuid, 
	@PropertyPostCode = @PropertyPostCode, 
	@PropertyCountryGuid = @PropertyCountryGuid, 
	@ClientAccountGuid = @ClientAccountGuid, 
	@ClientAddressGuid = @ClientAddressGuid, 
	@ClientAccountContactGuid = @ClientAccountContactGuid, 
	@ClientName = @ClientName, 
	@ClientAddressNameNumber = @ClientAddressNameNumber, 
	@ClientAddressLine1 = @ClientAddressLine1, 
	@ClientAddressLine2 = @ClientAddressLine2, 
	@ClientAddressLine3 = @ClientAddressLine3, 
	@ClientAddressCountyGuid = @ClientAddressCountyGuid, 
	@ClientAddressPostCode = @ClientAddressPostCode, 
	@ClientAddressCountryGuid = @ClientAddressCountryGuid, 
	@AgentAccountGuid = @AgentAccountGuid, 
	@AgentAddressGuid = @AgentAddressGuid, 
	@AgentAccountContactGuid = @AgentAccountContactGuid, 
	@AgentName = @AgentName, 
	@AgentAddressNameNumber = @AgentAddressNameNumber, 
	@AgentAddressLine1 = @AgentAddressLine1, 
	@AgentAddressLine2 = @AgentAddressLine2, 
	@AgentAddressLine3 = @AgentAddressLine3, 
	@AgentAddressCountyGuid = @AgentAddressCountyGuid, 
	@AgentAddressPostCode = @AgentAddressPostCode, 
	@AgentAddressCountryGuid = @AgentAddressCountryGuid, 
	@DescriptionOfWorks = @DescriptionOfWorks, 
	@ValueOfWork = @ValueOfWork, 
	@CurrentProjectRobaStageGuid = @CurrentProjectRobaStageGuid, 
	@RibaStage0Months = @RibaStage0Months, 
	@RibaStage1Months = @RibaStage1Months, 
	@RibaStage2Months = @RibaStage2Months, 
	@RibaStage3Months = @RibaStage3Months, 
	@RibaStage4Months = @RibaStage4Months, 
	@RibaStage5Months = @RibaStage5Months, 
	@RibaStage6Months = @RibaStage6Months, 
	@RibaStage7Months = @RibaStage7Months, 
	@PreConstructionStageMonths = @PreConstructionStageMonths, 
	@ConstructionStageMonths = @ConstructionStageMonths, 
	@SendInfoToClient = @SendInfoToClient, 
	@SendInfoToAgent = @SendInfoToAgent, 
	@KeyDates = @KeyDates, 
	@ExpectedProcurementRoute = @ExpectedProcurementRoute, 
	@Notes = @Notes, 
	@EnquirySourceGuid = @EnquirySourceGuid, 
	@IsReadyForQuoteReview = @IsReadyForQuoteReview, 
	@QuotingDeadlineDate = @QuotingDeadlineDate, 
	@DeclinedToQuoteDate = @DeclinedToQuoteDate, 
	@DeclinedToQuoteReason = @DeclinedToQuoteReason, 
	@ExternalReference = @ExternalReference, 
	@ProjectGuid = @ProjectGuid, 
	@IsSubjectToNDA = @IsSubjectToNDA, 
	@DeadDate = @DeadDate, 
	@ChaseDate1 = @ChaseDate1, 
	@ChaseDate2 = @ChaseDate2, 
	@FinanceAccountGuid = @FinanceAccountGuid, 
	@FinanceAddressGuid = @FinanceAddressGuid, 
	@FinanceContactGuid = @FinanceContactGuid, 
	@FinanceAccountName = @FinanceAccountName, 
	@FinanceAddressNameNumber = @FinanceAddressNameNumber, 
	@FinanceAddressLine1 = @FinanceAddressLine1, 
	@FinanceAddressLine2 = @FinanceAddressLine2, 
	@FinanceAddressLine3 = @FinanceAddressLine3, 
	@FinanceCountyGuid = @FinanceCountyGuid, 
	@FinancePostCode = @FinancePostCode, 
	@EnterNewClientDetails = @EnterNewClientDetails, 
	@EnterNewAgentDetails = @EnterNewAgentDetails, 
	@EnterNewFinanceDetails = @EnterNewFinanceDetails, 
	@EnterNewStructureDetails = @EnterNewStructureDetails, 
	@IsClientFinanceAccount = @IsClientFinanceAccount, 
	@SignatoryIdentityGuid = @SignatoryIdentityGuid, 
	@ProposalLetter = @ProposalLetter, 
	@Guid = @Guid' WHERE ID = 160
UPDATE SCore.EntityQueries SET Statement = N'SELECT
        root_hobt.ID,
        root_hobt.RowStatus,
        root_hobt.RowVersion,
        root_hobt.Guid,
        root_hobt.FullName,
        root_hobt.EmailAddress,
        root_hobt.UserGuid,
        root_hobt.JobTitle,
        root_hobt.IsActive,
        root_hobt.BillableRate,
        root_hobt.Signature,
        ou.Guid AS OriganisationalUnitId,
        c.Guid  AS ContactId
FROM
        SCore.Identities root_hobt
JOIN
        SCore.OrganisationalUnits ou ON (ou.ID = root_hobt.OriganisationalUnitId)
JOIN
        SCrm.Contacts c ON root_hobt.ContactId = c.ID' WHERE ID = 163
UPDATE SCore.EntityQueries SET Name = N'Assets Delete', Statement = N'EXEC SJob.AssetsDelete @Guid = @Guid' WHERE ID = 165
UPDATE SCore.EntityQueries SET Statement = N'SELECT 
	[8AA3EE8C-0AA8-4F1B-8C84-A3048A45936F].Guid AS EndRibaStageId
,	[1C74EDD6-BB3C-4C47-BCEF-EDE008AABD2F].Guid AS EnquiryId
,	root_hobt.Guid
,	root_hobt.ID
,	[75B5C70B-C121-4A6F-A632-2502321E9933].Guid AS JobTypeId
,	root_hobt.RowStatus
,	root_hobt.RowVersion
,	[036A7B03-4083-4695-A6AE-64D5F5C2C430].Guid AS StartRibaStageId

FROM SSop.EnquiryServices AS root_hobt 
JOIN SJob.RibaStages AS [8AA3EE8C-0AA8-4F1B-8C84-A3048A45936F] ON ([8AA3EE8C-0AA8-4F1B-8C84-A3048A45936F].ID = root_hobt.EndRibaStageId) 
 JOIN SSop.Enquiries AS [1C74EDD6-BB3C-4C47-BCEF-EDE008AABD2F] ON ([1C74EDD6-BB3C-4C47-BCEF-EDE008AABD2F].ID = root_hobt.EnquiryId) 
 JOIN SJob.JobTypes AS [75B5C70B-C121-4A6F-A632-2502321E9933] ON ([75B5C70B-C121-4A6F-A632-2502321E9933].ID = root_hobt.JobTypeId) 
 JOIN SJob.RibaStages AS [036A7B03-4083-4695-A6AE-64D5F5C2C430] ON ([036A7B03-4083-4695-A6AE-64D5F5C2C430].ID = root_hobt.StartRibaStageId) 
' WHERE ID = 170
UPDATE SCore.EntityQueries SET Statement = N'SELECT 
	root_hobt.AgentAddress,
	root_hobt.AgentAddressBlock,
	root_hobt.AgentAddressLine1,
	root_hobt.AgentAddressLine2,
	root_hobt.AgentAddressLine3,
	root_hobt.AgentCompanyRegNo,
	root_hobt.AgentContactName,
	root_hobt.AgentCounty,
	root_hobt.AgentEmail,
	root_hobt.AgentFirstName,
	root_hobt.AgentMobile,
	root_hobt.AgentName,
	root_hobt.AgentPhone,
	root_hobt.AgentPostcode,
	root_hobt.AgentSurname,
	root_hobt.AgentTown,
	root_hobt.AgreedFee,
	root_hobt.AppointedJobType,
	root_hobt.ClientAddress,
	root_hobt.ClientAddressBlock,
	root_hobt.ClientAddressLine1,
	root_hobt.ClientAddressLine2,
	root_hobt.ClientAddressLine3,
	root_hobt.ClientCompanyRegNo,
	root_hobt.ClientContactName,
	root_hobt.ClientCounty,
	root_hobt.ClientEmail,
	root_hobt.ClientFirstName,
	root_hobt.ClientMobile,
	root_hobt.ClientName,
	root_hobt.ClientPhone,
	root_hobt.ClientPostcode,
	root_hobt.ClientSurname,
	root_hobt.ClientTown,
	root_hobt.ConstructionStageFee,
	root_hobt.CPPReviewed,
	root_hobt.Guid,
	root_hobt.ID,
	root_hobt.JobDescription,
	root_hobt.JobIDString,
	root_hobt.JobNumber,
	root_hobt.JobType,
	root_hobt.LocalAuthority,
	root_hobt.OfficialAddressLine1,
	root_hobt.OfficialAddressLine2,
	root_hobt.OfficialAddressLine3,
	root_hobt.OfficialCounty,
	root_hobt.OfficialEmail,
	root_hobt.OfficialMobile,
	root_hobt.OfficialName,
	root_hobt.OfficialPhone,
	root_hobt.OfficialPostcode,
	root_hobt.OfficialTown,
	root_hobt.ParentGuid,
	root_hobt.PCII,
	root_hobt.PreConstructionStageFee,
	root_hobt.PrincipalContractorAddress,
	root_hobt.PrincipalContractorEmail,
	root_hobt.PrincipalContractorMobile,
	root_hobt.PrincipalContractorName,
	root_hobt.PrincipalContractorPhone,
	root_hobt.PropertyAddress,
	root_hobt.PropertyAddressBlock,
	root_hobt.PropertyAddressLine1,
	root_hobt.PropertyAddressLine2,
	root_hobt.PropertyAddressLine3,
	root_hobt.PropertyCounty,
	root_hobt.PropertyPostcode,
	root_hobt.PropertyShortAddress,
	root_hobt.PropertyTown,
	root_hobt.RibaStage1Fee,
	root_hobt.RibaStage2Fee,
	root_hobt.RibaStage3Fee,
	root_hobt.RibaStage4Fee,
	root_hobt.RibaStage5Fee,
	root_hobt.RibaStage6Fee,
	root_hobt.RibaStage7Fee,
	root_hobt.RowStatus,
	root_hobt.RowVersion,
	root_hobt.SiteCompletionDate,
	root_hobt.SiteStartDate,
	root_hobt.StrategyLastUpdated,
	root_hobt.SurveyorEmail,
	root_hobt.SurveyorInitials,
	root_hobt.SurveyorJobTitle,
	root_hobt.SurveyorName,
	root_hobt.SurveyorPostNominals,
	root_hobt.TotalNetFee,
	root_hobt.UPRN,
	root_hobt.WrittenAppointmentDate
FROM SJob.Job_CDMMergeInfo AS root_hobt 
' WHERE ID = 190
UPDATE SCore.EntityQueries SET Statement = N'SELECT 
	root_hobt.ClientAddress,
	root_hobt.ClientAddressBlock,
	root_hobt.ClientAddressLine1,
	root_hobt.ClientAddressLine2,
	root_hobt.ClientAddressLine3,
	root_hobt.ClientCompanyRegNo,
	root_hobt.ClientContactName,
	root_hobt.ClientCounty,
	root_hobt.ClientEmail,
	root_hobt.ClientFirstName,
	root_hobt.ClientMobile,
	root_hobt.ClientName,
	root_hobt.ClientPhone,
	root_hobt.ClientPostcode,
	root_hobt.ClientSurname,
	root_hobt.ClientTown,
	root_hobt.Construction,
	root_hobt.FeeCap,
	root_hobt.Guid,
	root_hobt.ID,
	root_hobt.OfficialAddressLine1,
	root_hobt.OfficialAddressLine2,
	root_hobt.OfficialAddressLine3,
	root_hobt.OfficialCounty,
	root_hobt.OfficialEmail,
	root_hobt.OfficialMobile,
	root_hobt.OfficialName,
	root_hobt.OfficialPhone,
	root_hobt.OfficialPostcode,
	root_hobt.OfficialTown,
	root_hobt.PreConstruction,
	root_hobt.PropertyAddress,
	root_hobt.PropertyAddressBlock,
	root_hobt.PropertyAddressLine1,
	root_hobt.PropertyAddressLine2,
	root_hobt.PropertyAddressLine3,
	root_hobt.PropertyCounty,
	root_hobt.PropertyPostcode,
	root_hobt.PropertyShortAddress,
	root_hobt.PropertyTown,
	root_hobt.QuoteDate,
	root_hobt.QuoteNumber,
	root_hobt.QuoteOverview,
	root_hobt.QuotingConsultantEmail,
	root_hobt.QuotingConsultantInitials,
	root_hobt.QuotingConsultantJobTitle,
	root_hobt.QuotingConsultantName,
	root_hobt.QuotingConsultantPostNominals,
	root_hobt.QuotingUserEmail,
	root_hobt.QuotingUserInitials,
	root_hobt.QuotingUserJobTitle,
	root_hobt.QuotingUserName,
	root_hobt.QuotingUserPostNominals,
	root_hobt.RecipientAddress,
	root_hobt.RecipientAddressBlock,
	root_hobt.RecipientAddressLine1,
	root_hobt.RecipientAddressLine2,
	root_hobt.RecipientAddressLine3,
	root_hobt.RecipientCompanyRegNo,
	root_hobt.RecipientContactName,
	root_hobt.RecipientCounty,
	root_hobt.RecipientEmail,
	root_hobt.RecipientFirstName,
	root_hobt.RecipientMobile,
	root_hobt.RecipientName,
	root_hobt.RecipientPhone,
	root_hobt.RecipientPostcode,
	root_hobt.RecipientSurname,
	root_hobt.RecipientTown,
	root_hobt.RowStatus,
	root_hobt.RowVersion,
	root_hobt.Stage1Net,
	root_hobt.Stage2Net,
	root_hobt.Stage3Net,
	root_hobt.Stage4Net,
	root_hobt.Stage5Net,
	root_hobt.Stage6Net,
	root_hobt.Stage7Net,
	root_hobt.TotalNetFees,
	root_hobt.UPRN
FROM SSop.Quote_MergeInfo AS root_hobt 
' WHERE ID = 191
UPDATE SCore.EntityQueries SET Statement = N'SELECT	root_hobt.ID,
		root_hobt.RowStatus,
		root_hobt.RowVersion,
		root_hobt.Guid,
		j.Guid AS JobID,
		i.Guid AS CreatedByUserID,
		root_hobt.CreatedDateTime,
		root_hobt.RibaStage0Change,
		root_hobt.RibaStage1Change,
		root_hobt.RibaStage2Change,
		root_hobt.RibaStage3Change,
		root_hobt.RibaStage4Change,
		root_hobt.RibaStage5Change,
		root_hobt.RibaStage6Change,
		root_hobt.RibaStage7Change,

		-- VISIT CHANGES
        root_hobt.RibaStage0VisitChange,
        root_hobt.RibaStage1VisitChange,
		root_hobt.RibaStage2VisitChange,
		root_hobt.RibaStage3VisitChange,
		root_hobt.RibaStage4VisitChange,
		root_hobt.RibaStage5VisitChange,
		root_hobt.RibaStage6VisitChange,
		root_hobt.RibaStage7VisitChange,

		--MEETING CHANGES
        root_hobt.RibaStage0MeetingChange,
        root_hobt.RibaStage1MeetingChange,
		root_hobt.RibaStage2MeetingChange,
		root_hobt.RibaStage3MeetingChange,
		root_hobt.RibaStage4MeetingChange,
		root_hobt.RibaStage5MeetingChange,
		root_hobt.RibaStage6MeetingChange,
		root_hobt.RibaStage7MeetingChange,

		
		root_hobt.PreConstructionStageChange,
		root_hobt.ConstructionStageChange,
		-- PRE + CONSTRUCTION CHANGES
		root_hobt.PreConstructionStageMeetingChange,
		root_hobt.PreConstructionStageVisitChange,
		root_hobt.ConstructionStageMeetingChange,
		root_hobt.ConstructionStageVisitChange,

		root_hobt.FeeCapChange
FROM	SJob.FeeAmendment root_hobt
JOIN	SJob.Jobs j ON (j.ID = root_hobt.JobID)
JOIN	SCore.Identities i ON (i.ID = root_hobt.CreatedByUserID)' WHERE ID = 192
UPDATE SCore.EntityQueries SET Statement = N'EXEC SJob.FeeAmendmentsUpsert @JobGuid = @JobGuid,			-- uniqueidentifier
							  @RibaStage0Change = @RibaStage0Change, -- decimal(9, 2)
							  @RibaStage1Change = @RibaStage1Change, -- decimal(9, 2)
							  @RibaStage2Change = @RibaStage2Change, -- decimal(9, 2)
							  @RibaStage3Change = @RibaStage3Change, -- decimal(9, 2)
							  @RibaStage4Change = @RibaStage4Change, -- decimal(9, 2)
							  @RibaStage5Change = @RibaStage5Change, -- decimal(9, 2)
							  @RibaStage6Change = @RibaStage6Change, -- decimal(9, 2)
							  @RibaStage7Change = @RibaStage7Change, -- decimal(9, 2)
                                                          
                                                           -- Visits
                                                          @RibaStage0VisitChange = @RibaStage0VisitChange, -- decimal(9, 2)
							  @RibaStage1VisitChange = @RibaStage1VisitChange, -- decimal(9, 2)
							  @RibaStage2VisitChange = @RibaStage2VisitChange, -- decimal(9, 2)
							  @RibaStage3VisitChange = @RibaStage3VisitChange, -- decimal(9, 2)
							  @RibaStage4VisitChange = @RibaStage4VisitChange, -- decimal(9, 2)
							  @RibaStage5VisitChange = @RibaStage5VisitChange, -- decimal(9, 2)
							  @RibaStage6VisitChange = @RibaStage6VisitChange, -- decimal(9, 2)
							  @RibaStage7VisitChange = @RibaStage7VisitChange, -- decimal(9, 2)

                                                           -- Meetings
                                                          @RibaStage0MeetingChange = @RibaStage0MeetingChange, -- decimal(9, 2)
							  @RibaStage1MeetingChange = @RibaStage1MeetingChange, -- decimal(9, 2)
							  @RibaStage2MeetingChange = @RibaStage2MeetingChange, -- decimal(9, 2)
							  @RibaStage3MeetingChange = @RibaStage3MeetingChange, -- decimal(9, 2)
							  @RibaStage4MeetingChange = @RibaStage4MeetingChange, -- decimal(9, 2)
							  @RibaStage5MeetingChange = @RibaStage5MeetingChange, -- decimal(9, 2)
							  @RibaStage6MeetingChange = @RibaStage6MeetingChange, -- decimal(9, 2)
							  @RibaStage7MeetingChange = @RibaStage7MeetingChange, -- decimal(9, 2)

							  @PreConstructionStageChange = @PreConstructionStageChange,
							  @ConstructionStageChange = @ConstructionStageChange,

                                                           -- construction + preconstruction
                                                            @PreConstructionStageMeetingChange = @PreConstructionStageMeetingChange,
			                                    @PreConstructionStageVisitChange = @PreConstructionStageVisitChange,
			                                   @ConstructionStageMeetingChange = @ConstructionStageMeetingChange,
			                                   @ConstructionStageVisitChange =  @ConstructionStageVisitChange,
							  @FeeCapChange = @FeeCapChange,		-- decimal(9, 2)
							  @Guid = @Guid				-- uniqueidentifier
' WHERE ID = 193
UPDATE SCore.EntityQueries SET Statement = N'SELECT ID AS Account_ID,
	   Guid,
	   RowStatus,
	   RowVersion,
	   MainAddress,
	   MainPhone,
	   MainEmail
FROM	SCrm.Accounts_CalculatedFields root_hobt' WHERE ID = 209
UPDATE SCore.EntityQueries SET Statement = N'
SELECT 
	[3D00EDE9-26D4-47DA-95BE-7374C084BADD].Guid AS AgentAccountId,
	[D8D47C34-0EA4-41F0-950D-DB45011865AA].Guid AS ClientAccountId,
	root_hobt.DescriptionOfWorks,
	[9B2655E2-4696-4B1E-9013-DA6AFE6CB728].Guid AS EnquiryId,
	root_hobt.JobType,
        root_hobt.JobTypeGuid,
	[0E518042-9A71-44B7-8549-305DB3E09225].Guid AS PropertyId,
	root_hobt.QuotingDeadlineDate
FROM SSop.Quote_ExtendedInfo AS root_hobt 
JOIN SCrm.Accounts AS [D8D47C34-0EA4-41F0-950D-DB45011865AA] ON ([D8D47C34-0EA4-41F0-950D-DB45011865AA].ID = root_hobt.ClientAccountId) 
 JOIN SCrm.Accounts AS [3D00EDE9-26D4-47DA-95BE-7374C084BADD] ON ([3D00EDE9-26D4-47DA-95BE-7374C084BADD].ID = root_hobt.AgentAccountId) 
 JOIN SJob.Properties AS [0E518042-9A71-44B7-8549-305DB3E09225] ON ([0E518042-9A71-44B7-8549-305DB3E09225].ID = root_hobt.PropertyId) 
 JOIN SSop.Enquiries AS [9B2655E2-4696-4B1E-9013-DA6AFE6CB728] ON ([9B2655E2-4696-4B1E-9013-DA6AFE6CB728].ID = root_hobt.EnquiryId) 
' WHERE ID = 212
UPDATE SCore.EntityQueries SET Statement = N'SELECT 
	root_hobt.AcceptedQuotesCount,
	root_hobt.AcceptedQuotesTotalValue,
	root_hobt.EnquiriesCount,
	root_hobt.Guid,
	root_hobt.Id,
	root_hobt.JobsActiveAgreedFeesTotal,
	root_hobt.JobsActiveCount,
	root_hobt.JobsActiveInvoicedFeesTotal,
	root_hobt.JobsActiveRemainingFeesTotal,
	root_hobt.JobsCancelledAgreedFeesTotal,
	root_hobt.JobsCancelledCount,
	root_hobt.JobsCancelledInvoicedFeesTotal,
	root_hobt.JobsCancelledUninvoicedFeesTotal,
	root_hobt.JobsCompletedAgreedFeesTotal,
	root_hobt.JobsCompletedCount,
	root_hobt.JobsCompletedInvoicedFeesTotal,
	root_hobt.JobsCompletedUninvoicesFeesTotal,
	root_hobt.JobsCount,
	root_hobt.JobsTotalAgreedFeesTotal,
	root_hobt.JobsTotalInvoicedFeesTotal,
	root_hobt.JobsTotalRemainingFeesTotal,
	root_hobt.ListLabel,
	root_hobt.PendingQuotesCount,
	root_hobt.PendingQuotesTotelValue,
	root_hobt.PercentageAchievableRevenueAchieved,
	root_hobt.PercentageCompleted,
	root_hobt.QuotesCount,
	root_hobt.QuotesTotalValue,
	root_hobt.RejectedQuotesCount,
	root_hobt.RejectedQuotesTotalValue,
	root_hobt.RowStatus,
	root_hobt.RowVersion
FROM SSop.Project_ExtendedInfo AS root_hobt 
' WHERE ID = 213
UPDATE SCore.EntityQueries SET Statement = N'SELECT 
	root_hobt.ExternalReference
,	root_hobt.Guid
,	root_hobt.ID
,	root_hobt.Number
,	root_hobt.ProjectCompleted
,	root_hobt.ProjectDescription
,	root_hobt.ProjectProjectedEndDate
,	root_hobt.ProjectProjectsStartDate
,	root_hobt.RowStatus
,	root_hobt.RowVersion
,	root_hobt.IsSubjectToNDA

FROM SSop.Projects AS root_hobt 
' WHERE ID = 214
UPDATE SCore.EntityQueries SET Statement = N'SELECT	root_hobt.ID,
		root_hobt.Label,
		root_hobt.Class,
		root_hobt.SortOrder 
FROM	[SJob].[Activities_DataPills](@SurveyorGuid, @BillableHours, @JobGuid, @RibaStageGuid, @IsAdditionalWork, @Guid) root_hobt' WHERE ID = 257
UPDATE SCore.EntityQueries SET Statement = N'SELECT
		root_hobt.ID,
		root_hobt.RowStatus,
		root_hobt.RowVersion,
		root_hobt.Guid,
		root_hobt.Notes,
		i.Guid as RequesterUserId,
		root_hobt.CreatedDateTimeUTC,
		j.Guid as JobId,
        j.Number as Number,
        i.FullName as SurveyorName,
        Ac.Guid as FinanceAccountID, -- new
        j.BillingInstruction AS JobBillingInstruction, -- [CBLD-521]
	Ac.BillingInstruction AS AccountBillingInstruction -- [CBLD-521]
FROM
		SFin.InvoiceRequests root_hobt
JOIN
		SJob.Jobs j ON (j.ID = root_hobt.JobId)
JOIN
		SCrm.Accounts Ac ON (j.FinanceAccountID = Ac.ID) -- new
JOIN
		SCore.Identities i ON (i.ID = root_hobt.RequesterUserId)' WHERE ID = 258
UPDATE SCore.EntityQueries SET Statement = N'SELECT 
	root_hobt.Guid,
	root_hobt.ID,
	[E779FDBF-3727-4C37-B19D-4BCC6F71314F].Guid AS IncludedMergeDocumentId,
	[0BEC90D5-4330-467B-B271-2D2A4364D00F].Guid AS MergeDocumentItemId,
	root_hobt.RowStatus,
	root_hobt.RowVersion,
	root_hobt.SortOrder,
	[A7575B42-582C-4E04-A3C4-59ADA04EF33A].Guid AS SourceDocumentEntityPropertyId,
	[1A289995-4638-4F67-B706-CD3E3E3C80E0].Guid AS SourceSharePointItemEntityPropertyId
FROM SCore.MergeDocumentItemIncludes AS root_hobt 
JOIN SCore.MergeDocumentItems AS [0BEC90D5-4330-467B-B271-2D2A4364D00F] ON ([0BEC90D5-4330-467B-B271-2D2A4364D00F].ID = root_hobt.MergeDocumentItemId) 
 JOIN SCore.EntityProperties AS [A7575B42-582C-4E04-A3C4-59ADA04EF33A] ON ([A7575B42-582C-4E04-A3C4-59ADA04EF33A].ID = root_hobt.SourceDocumentEntityPropertyId) 
 JOIN SCore.EntityProperties AS [1A289995-4638-4F67-B706-CD3E3E3C80E0] ON ([1A289995-4638-4F67-B706-CD3E3E3C80E0].ID = root_hobt.SourceSharePointItemEntityPropertyId) 
 JOIN SCore.MergeDocuments AS [E779FDBF-3727-4C37-B19D-4BCC6F71314F] ON ([E779FDBF-3727-4C37-B19D-4BCC6F71314F].ID = root_hobt.IncludedMergeDocumentId) 
' WHERE ID = 272
UPDATE SCore.EntityQueries SET Statement = N'SELECT 
	root_hobt.BookmarkName,
	[02A636D3-60AA-4516-8303-3B12D2497685].Guid AS EntityTypeId,
	root_hobt.Guid,
	root_hobt.ID,
	root_hobt.ImageColumns,
	[B86CAFA7-C6E8-4AC5-A606-7A2289ACDDC9].Guid AS MergeDocumentId,
	[9BFBE9EC-9DDB-4FCC-8513-9EB5F2C1593C].Guid AS MergeDocumentItemTypeId,
	root_hobt.RowStatus,
	root_hobt.RowVersion,
	root_hobt.SubFolderPath
FROM SCore.MergeDocumentItems AS root_hobt 
JOIN SCore.MergeDocuments AS [B86CAFA7-C6E8-4AC5-A606-7A2289ACDDC9] ON ([B86CAFA7-C6E8-4AC5-A606-7A2289ACDDC9].ID = root_hobt.MergeDocumentId) 
 JOIN SCore.MergeDocumentItemTypes AS [9BFBE9EC-9DDB-4FCC-8513-9EB5F2C1593C] ON ([9BFBE9EC-9DDB-4FCC-8513-9EB5F2C1593C].ID = root_hobt.MergeDocumentItemTypeId) 
 JOIN SCore.EntityTypes AS [02A636D3-60AA-4516-8303-3B12D2497685] ON ([02A636D3-60AA-4516-8303-3B12D2497685].ID = root_hobt.EntityTypeId) 
' WHERE ID = 273
UPDATE SCore.EntityQueries SET Statement = N'SELECT 
	root_hobt.ID
,	root_hobt.Guid
,	root_hobt.RowStatus
,	root_hobt.RowVersion
,	root_hobt.Name
,	root_hobt.IsImageType

FROM SCore.MergeDocumentItemTypes AS root_hobt 
' WHERE ID = 276
UPDATE SCore.EntityQueries SET Statement = N'SELECT 
	root_hobt.ID
,	root_hobt.Guid
,	root_hobt.RowStatus
,	root_hobt.RowVersion
,	[E9D4ABB8-AACF-4ECF-8EAC-1DFA642106F7].Guid AS ProjectID
,	root_hobt.Detail
,	root_hobt.DateTime

FROM SSop.ProjectKeyDates AS root_hobt 
JOIN SSop.Projects AS [E9D4ABB8-AACF-4ECF-8EAC-1DFA642106F7] ON ([E9D4ABB8-AACF-4ECF-8EAC-1DFA642106F7].ID = root_hobt.ProjectID) 
' WHERE ID = 281
UPDATE SCore.EntityQueries SET Statement = N'SELECT 
	[CF303924-00E4-4D84-8E04-16B74316BD33].Guid AS QuoteId
,	root_hobt.DateAccepted
,	root_hobt.DateSent
,	root_hobt.DateRejected
,	root_hobt.Number
,	root_hobt.RevisionNumber
,       root_hobt.DeclinedToQuoteDate
,       root_hobt.DeclinedToQuoteReason
FROM SSop.EnquiryService_ExtendedInfo AS root_hobt 
JOIN SSop.Quotes AS [CF303924-00E4-4D84-8E04-16B74316BD33] ON ([CF303924-00E4-4D84-8E04-16B74316BD33].ID = root_hobt.QuoteId) 
' WHERE ID = 287
UPDATE SCore.EntityQueries SET Statement = N'EXEC [SSop].[EnquiryServicesExtUpsert]  
	@DateSent = @DateSent, 
	@DateAccepted = @DateAccepted, 
	@DateRejected = @DateRejected, 
	@DateDeclinedToQuote = @DateDeclinedToQuote, 
	@DateDeclinedToQuoteReason = @DateDeclinedToQuoteReason, 
	@QuoteGuid = @QuoteGuid, 
	@Guid = @Guid' WHERE ID = 288
UPDATE SCore.EntityQueries SET Statement = N'EXEC [SSop].[EnquiryCreateJobs]  
	@Guid = @Guid' WHERE ID = 289
UPDATE SCore.EntityQueries SET Statement = N'EXEC [SSop].[QuoteDelete]  
	@Guid = @Guid' WHERE ID = 290
UPDATE SCore.EntityQueries SET Statement = N'SELECT 
	root_hobt.AgentAddress,
	root_hobt.AgentAddressBlock,
	root_hobt.AgentAddressLine1,
	root_hobt.AgentAddressLine2,
	root_hobt.AgentAddressLine3,
	root_hobt.AgentCompanyRegNo,
	root_hobt.AgentContactName,
	root_hobt.AgentCounty,
	root_hobt.AgentEmail,
	root_hobt.AgentFirstName,
	root_hobt.AgentMobile,
	root_hobt.AgentName,
	root_hobt.AgentPhone,
	root_hobt.AgentPostcode,
	root_hobt.AgentSurname,
	root_hobt.AgentTown,
	root_hobt.ClientAddress,
	root_hobt.ClientAddressBlock,
	root_hobt.ClientAddressLine1,
	root_hobt.ClientAddressLine2,
	root_hobt.ClientAddressLine3,
	root_hobt.ClientCompanyRegNo,
	root_hobt.ClientContactName,
	root_hobt.ClientCounty,
	root_hobt.ClientEmail,
	root_hobt.ClientFirstName,
	root_hobt.ClientMobile,
	root_hobt.ClientName,
	root_hobt.ClientPhone,
	root_hobt.ClientPostcode,
	root_hobt.ClientSurname,
	root_hobt.ClientTown,
	root_hobt.DescriptionOfWorks,
	root_hobt.EnquiryDate,
	root_hobt.EnquiryNumber,
	root_hobt.FinanceAddress,
	root_hobt.FinanceAddressBlock,
	root_hobt.FinanceAddressLine1,
	root_hobt.FinanceAddressLine2,
	root_hobt.FinanceAddressLine3,
	root_hobt.FinanceCompanyRegNo,
	root_hobt.FinanceContactName,
	root_hobt.FinanceCounty,
	root_hobt.FinanceEmail,
	root_hobt.FinanceFirstName,
	root_hobt.FinanceMobile,
	root_hobt.FinanceName,
	root_hobt.FinancePhone,
	root_hobt.FinancePostcode,
	root_hobt.FinanceSurname,
	root_hobt.FinanceTown,
	root_hobt.Guid,
	root_hobt.ID,
	root_hobt.OfficialAddressLine1,
	root_hobt.OfficialAddressLine2,
	root_hobt.OfficialAddressLine3,
	root_hobt.OfficialCounty,
	root_hobt.OfficialEmail,
	root_hobt.OfficialMobile,
	root_hobt.OfficialName,
	root_hobt.OfficialPhone,
	root_hobt.OfficialPostcode,
	root_hobt.OfficialTown,
	root_hobt.ParentGuid,
	root_hobt.PropertyAddress,
	root_hobt.PropertyAddressBlock,
	root_hobt.PropertyAddressLine1,
	root_hobt.PropertyAddressLine2,
	root_hobt.PropertyAddressLine3,
	root_hobt.PropertyCounty,
	root_hobt.PropertyPostcode,
	root_hobt.PropertyShortAddress,
	root_hobt.PropertyTown,
	root_hobt.ProposalLetter,
	root_hobt.RecipientAddress,
	root_hobt.RecipientAddressBlock,
	root_hobt.RecipientAddressLine1,
	root_hobt.RecipientAddressLine2,
	root_hobt.RecipientAddressLine3,
	root_hobt.RecipientCompanyRegNo,
	root_hobt.RecipientContactName,
	root_hobt.RecipientCounty,
	root_hobt.RecipientEmail,
	root_hobt.RecipientFirstName,
	root_hobt.RecipientMobile,
	root_hobt.RecipientName,
	root_hobt.RecipientPhone,
	root_hobt.RecipientPostcode,
	root_hobt.RecipientSurname,
	root_hobt.RecipientTown,
	root_hobt.RowStatus,
	root_hobt.RowVersion,
	root_hobt.SignatoryInitials,
	root_hobt.SignatoryJobTitle,
	root_hobt.SignatoryName,
	root_hobt.SignatoryPostNominals,
	root_hobt.SignatorytEmail,
	root_hobt.TotalFee,
	root_hobt.UPRN
FROM SSop.Enquiry_MergeInfo AS root_hobt 
' WHERE ID = 291
UPDATE SCore.EntityQueries SET Statement = N'SELECT 
	[56C69394-5430-42BA-A4E2-4D12A3D0777C].Guid AS EnquiryId,
	root_hobt.Guid,
	root_hobt.ID,
	root_hobt.Item,
	root_hobt.RowStatus,
	root_hobt.RowVersion
FROM SSop.ScheduleOfClientInformation AS root_hobt 
JOIN SSop.Enquiries AS [56C69394-5430-42BA-A4E2-4D12A3D0777C] ON ([56C69394-5430-42BA-A4E2-4D12A3D0777C].ID = root_hobt.EnquiryId) 
' WHERE ID = 292
UPDATE SCore.EntityQueries SET Statement = N'EXEC [SSop].[ScheduleOfClientInformationUpsert]  
	@EnquiryGuid = @EnquiryGuid, 
	@Item = @Item, 
	@Guid = @Guid' WHERE ID = 293
UPDATE SCore.EntityQueries SET Statement = N'SELECT 
	root_hobt.EnquiryGuid,
	root_hobt.Guid,
	root_hobt.ID,
	root_hobt.ParentGuid,
	root_hobt.QuoteGuid,
	root_hobt.RowStatus,
	root_hobt.RowVersion
FROM SSop.EnquiryService_MergeInfo AS root_hobt 
' WHERE ID = 295
UPDATE SCore.EntityQueries SET Statement = N'SELECT 
	root_hobt.Guid,
	root_hobt.ID,
	root_hobt.Item,
	root_hobt.ParentGuid,
	root_hobt.RowStatus,
	root_hobt.RowVersion
FROM SSop.ScheduleOfClientInfo_MergeInfo AS root_hobt 
' WHERE ID = 296
UPDATE SCore.EntityQueries SET Statement = N'SELECT 
	root_hobt.Accept,
	root_hobt.EnquiryGuid,
	root_hobt.Guid,
	root_hobt.ID,
	root_hobt.Name,
	root_hobt.ParentGuid,
	root_hobt.RowStatus,
	root_hobt.RowVersion
FROM SSop.EnquiryAcceptanceServices_MergeInfo AS root_hobt 
' WHERE ID = 297
UPDATE SCore.EntityQueries SET Statement = N'EXEC [SCore].[MergeDocumentsDelete]  
	@Guid = @Guid' WHERE ID = 298
UPDATE SCore.EntityQueries SET Statement = N'EXEC [SUserInterface].[GridViewDefinitionsDelete]  
	@Guid = @Guid' WHERE ID = 299
UPDATE SCore.EntityQueries SET Statement = N'EXEC [SUserInterface].[GridViewColumnDefinitionsDelete]  
	@Guid = @Guid' WHERE ID = 300
UPDATE SCore.EntityQueries SET Statement = N'SELECT 
	root_hobt.Description,
	root_hobt.Guid,
	root_hobt.ID,
	root_hobt.LineNet,
	root_hobt.RowStatus,
	root_hobt.RowVersion
FROM SSop.QuoteItems_MergeInfo AS root_hobt 
' WHERE ID = 301
UPDATE SCore.EntityQueries SET Statement = N'SELECT 
	root_hobt.ActivityDate,
	root_hobt.ActivityNotes,
	root_hobt.ActivityTitle,
	root_hobt.ActivityType,
	root_hobt.AgentAddress,
	root_hobt.AgentAddressBlock,
	root_hobt.AgentAddressLine1,
	root_hobt.AgentAddressLine2,
	root_hobt.AgentAddressLine3,
	root_hobt.AgentCompanyRegNo,
	root_hobt.AgentContactName,
	root_hobt.AgentCounty,
	root_hobt.AgentEmail,
	root_hobt.AgentFirstName,
	root_hobt.AgentMobile,
	root_hobt.AgentName,
	root_hobt.AgentPhone,
	root_hobt.AgentPostcode,
	root_hobt.AgentSurname,
	root_hobt.AgentTown,
	root_hobt.ClientAddress,
	root_hobt.ClientAddressBlock,
	root_hobt.ClientAddressLine1,
	root_hobt.ClientAddressLine2,
	root_hobt.ClientAddressLine3,
	root_hobt.ClientCompanyRegNo,
	root_hobt.ClientContactName,
	root_hobt.ClientCounty,
	root_hobt.ClientEmail,
	root_hobt.ClientFirstName,
	root_hobt.ClientMobile,
	root_hobt.ClientName,
	root_hobt.ClientPhone,
	root_hobt.ClientPostcode,
	root_hobt.ClientSurname,
	root_hobt.ClientTown,
	root_hobt.Guid,
	root_hobt.ID,
	root_hobt.JobDescription,
	root_hobt.JobNumber,
	root_hobt.JobType,
	root_hobt.LocalAuthority,
	root_hobt.OfficialAddressLine1,
	root_hobt.OfficialAddressLine2,
	root_hobt.OfficialAddressLine3,
	root_hobt.OfficialCounty,
	root_hobt.OfficialEmail,
	root_hobt.OfficialMobile,
	root_hobt.OfficialName,
	root_hobt.OfficialPhone,
	root_hobt.OfficialPostcode,
	root_hobt.OfficialTown,
	root_hobt.ParentGuid,
	root_hobt.PropertyAddress,
	root_hobt.PropertyAddressBlock,
	root_hobt.PropertyAddressLine1,
	root_hobt.PropertyAddressLine2,
	root_hobt.PropertyAddressLine3,
	root_hobt.PropertyCounty,
	root_hobt.PropertyPostcode,
	root_hobt.PropertyShortAddress,
	root_hobt.PropertyTown,
	root_hobt.RowStatus,
	root_hobt.RowVersion,
	root_hobt.SurveyorEmail,
	root_hobt.SurveyorInitials,
	root_hobt.SurveyorJobTitle,
	root_hobt.SurveyorName,
	root_hobt.SurveyorPostNominals,
	root_hobt.UPRN
FROM SJob.Activity_MergeInfo AS root_hobt 
' WHERE ID = 303
UPDATE SCore.EntityQueries SET Statement = N'SELECT 
	root_hobt.DisplayName,
	root_hobt.Email,
	root_hobt.FirstName,
	root_hobt.Guid,
	root_hobt.ID,
	root_hobt.Mobile,
	root_hobt.ParentGuid,
	root_hobt.Phone,
	root_hobt.RowStatus,
	root_hobt.RowVersion,
	root_hobt.Surname
FROM SCrm.Contact_MergeInfo AS root_hobt 
' WHERE ID = 304
UPDATE SCore.EntityQueries SET Statement = N'SELECT 
	root_hobt.AgentAddress,
	root_hobt.AgentAddressBlock,
	root_hobt.AgentAddressLine1,
	root_hobt.AgentAddressLine2,
	root_hobt.AgentAddressLine3,
	root_hobt.AgentCompanyRegNo,
	root_hobt.AgentContactName,
	root_hobt.AgentCounty,
	root_hobt.AgentEmail,
	root_hobt.AgentFirstName,
	root_hobt.AgentMobile,
	root_hobt.AgentName,
	root_hobt.AgentPhone,
	root_hobt.AgentPostcode,
	root_hobt.AgentSurname,
	root_hobt.AgentTown,
	root_hobt.AgreedFee,
	root_hobt.ClientAddress,
	root_hobt.ClientAddressBlock,
	root_hobt.ClientAddressLine1,
	root_hobt.ClientAddressLine2,
	root_hobt.ClientAddressLine3,
	root_hobt.ClientAppointmentReceived,
	root_hobt.ClientCompanyRegNo,
	root_hobt.ClientContactName,
	root_hobt.ClientCounty,
	root_hobt.ClientEmail,
	root_hobt.ClientFirstName,
	root_hobt.ClientMobile,
	root_hobt.ClientName,
	root_hobt.ClientPhone,
	root_hobt.ClientPostcode,
	root_hobt.ClientSurname,
	root_hobt.ClientTown,
	root_hobt.ConstructionStageFee,
	root_hobt.Guid,
	root_hobt.ID,
	root_hobt.JobDescription,
	root_hobt.JobIDString,
	root_hobt.JobNumber,
	root_hobt.JobType,
	root_hobt.LocalAuthority,
	root_hobt.OfficialAddressLine1,
	root_hobt.OfficialAddressLine2,
	root_hobt.OfficialAddressLine3,
	root_hobt.OfficialCounty,
	root_hobt.OfficialEmail,
	root_hobt.OfficialMobile,
	root_hobt.OfficialName,
	root_hobt.OfficialPhone,
	root_hobt.OfficialPostcode,
	root_hobt.OfficialTown,
	root_hobt.PreConstructionStageFee,
	root_hobt.PropertyAddress,
	root_hobt.PropertyAddressBlock,
	root_hobt.PropertyAddressLine1,
	root_hobt.PropertyAddressLine2,
	root_hobt.PropertyAddressLine3,
	root_hobt.PropertyCounty,
	root_hobt.PropertyPostcode,
	root_hobt.PropertyShortAddress,
	root_hobt.PropertyTown,
	root_hobt.RibaStage1Fee,
	root_hobt.RibaStage2Fee,
	root_hobt.RibaStage3Fee,
	root_hobt.RibaStage4Fee,
	root_hobt.RibaStage5Fee,
	root_hobt.RibaStage6Fee,
	root_hobt.RibaStage7Fee,
	root_hobt.RowStatus,
	root_hobt.RowVersion,
	root_hobt.SurveyorEmail,
	root_hobt.SurveyorInitials,
	root_hobt.SurveyorJobTitle,
	root_hobt.SurveyorName,
	root_hobt.SurveyorPostNominals,
	root_hobt.TotalNetFee,
	root_hobt.UPRN
FROM SJob.Job_MergeInfo AS root_hobt 
' WHERE ID = 305
UPDATE SCore.EntityQueries SET Statement = N'SELECT 
	root_hobt.ActivityEndDate,
	root_hobt.ActivityNotes,
	root_hobt.ActivityStartDate,
	root_hobt.ActivityTitle,
	root_hobt.ActivityType,
	root_hobt.Guid,
	root_hobt.ID,
	root_hobt.ParentGuid,
	root_hobt.RowStatus,
	root_hobt.RowVersion,
	root_hobt.SurveyorName
FROM SJob.Activity_Table_MergeInfo AS root_hobt 
' WHERE ID = 306
UPDATE SCore.EntityQueries SET Statement = N'EXEC [SCore].[NonActivityEventsUpsert] @Guid = @Guid, @EndTime = @EndTime, @AbsenceTypeGuid= @AbsenceTypeGuid, @MemberId = @MemberId, @StartTime = @StartTime, @TeamId = @TeamId' WHERE ID = 313
UPDATE SCore.EntityQueries SET Statement = N'SELECT 
	root_hobt.ID,
	root_hobt.Guid,
	root_hobt.RowVersion,
	root_hobt.RowStatus,
	root_hobt.AbsenceTypeID,
	root_hobt.StartTime,
	root_hobt.EndTime,
	root_hobt.TeamGroupId,
	root_hobt.MemberIdentityId
FROM SCore.NonActivityEvents root_hobt' WHERE ID = 315

--
-- Inserting data into table [SCore].[EntityQueries]
--
GO

IF @@ERROR<>0 OR @@TRANCOUNT=0 BEGIN IF @@TRANCOUNT>0 ROLLBACK SET NOEXEC ON END
SET IDENTITY_INSERT SCore.EntityQueries ON
GO

IF @@ERROR<>0 OR @@TRANCOUNT=0 BEGIN IF @@TRANCOUNT>0 ROLLBACK SET NOEXEC ON END
INSERT SCore.EntityQueries(ID, RowStatus, Guid, Name, Statement, EntityTypeID, EntityHoBTID, IsDefaultCreate, IsDefaultRead, IsDefaultUpdate, IsDefaultDelete, IsScalarExecute, IsDefaultValidation, UsesProcessGuid, IsDefaultDataPills, IsProgressData, IsMergeDocumentQuery, SchemaName, ObjectName, IsManualStatement) VALUES (316, 1, '26eb3a28-775d-44b3-aafc-a4dc19e89973', N'Non-Activity Types Upsert', N'EXEC [SCore].[NonActivityTypesUpsert]
	@Name = @Name,
        @Guid  = @Guid', 178, 135, 1, 0, 1, 0, 0, 0, 0, 0, 0, 0, N'SCore', N'NonActivityTypes', 1)
INSERT SCore.EntityQueries(ID, RowStatus, Guid, Name, Statement, EntityTypeID, EntityHoBTID, IsDefaultCreate, IsDefaultRead, IsDefaultUpdate, IsDefaultDelete, IsScalarExecute, IsDefaultValidation, UsesProcessGuid, IsDefaultDataPills, IsProgressData, IsMergeDocumentQuery, SchemaName, ObjectName, IsManualStatement) VALUES (317, 1, '156a72c5-77cf-48e9-9d7e-ff8ebdc8f33f', N'Non-Activity Types Delete', N'EXEC [SCore].[NonActivityTypesDelete]
@Guid = @Guid
	', 178, 135, 0, 0, 0, 1, 0, 0, 0, 0, 0, 0, N'SCore', N'NonActivityTypes', 1)
INSERT SCore.EntityQueries(ID, RowStatus, Guid, Name, Statement, EntityTypeID, EntityHoBTID, IsDefaultCreate, IsDefaultRead, IsDefaultUpdate, IsDefaultDelete, IsScalarExecute, IsDefaultValidation, UsesProcessGuid, IsDefaultDataPills, IsProgressData, IsMergeDocumentQuery, SchemaName, ObjectName, IsManualStatement) VALUES (318, 1, '217b1a03-1048-4a4c-b48c-d6261366a251', N'Non-Activity Types Read', N'SELECT 
	root_hobt.Guid,
	root_hobt.ID,
	root_hobt.Name,
	root_hobt.RowStatus,
	root_hobt.RowVersion
FROM SCore.NonActivityTypes AS root_hobt 
', 178, 135, 0, 1, 0, 0, 0, 0, 0, 0, 0, 0, N'SCore', N'NonActivityTypes', 0)
GO
SET IDENTITY_INSERT SCore.EntityQueries OFF
GO

IF @@ERROR<>0 OR @@TRANCOUNT=0 BEGIN IF @@TRANCOUNT>0 ROLLBACK SET NOEXEC ON END

--
-- Reseed identity on SCore.EntityQueries
--
DBCC CHECKIDENT('SCore.EntityQueries', RESEED, 1)
GO

IF @@ERROR<>0 OR @@TRANCOUNT=0 BEGIN IF @@TRANCOUNT>0 ROLLBACK SET NOEXEC ON END

--
-- Updating data of table [SCore].[EntityQueryParameters]
--
UPDATE SCore.EntityQueryParameters SET Name = N'@AbsenceTypeGuid', EntityDataTypeID = 6 WHERE ID = 1309

--
-- Inserting data into table [SCore].[EntityQueryParameters]
--
GO

IF @@ERROR<>0 OR @@TRANCOUNT=0 BEGIN IF @@TRANCOUNT>0 ROLLBACK SET NOEXEC ON END
SET IDENTITY_INSERT SCore.EntityQueryParameters ON
GO

IF @@ERROR<>0 OR @@TRANCOUNT=0 BEGIN IF @@TRANCOUNT>0 ROLLBACK SET NOEXEC ON END
INSERT SCore.EntityQueryParameters(ID, RowStatus, Guid, Name, EntityQueryID, EntityDataTypeID, MappedEntityPropertyID, DefaultValue, IsInput, IsOutput, IsReturnColumn) VALUES (1321, 1, '9a920d4e-fff6-450c-8c48-5cdf2eaeabfc', N'@Name', 316, 1, 2101, N'', 1, 0, 0)
INSERT SCore.EntityQueryParameters(ID, RowStatus, Guid, Name, EntityQueryID, EntityDataTypeID, MappedEntityPropertyID, DefaultValue, IsInput, IsOutput, IsReturnColumn) VALUES (1322, 1, '87a8c43c-af1b-4334-96ab-1e3657501c75', N'@Guid', 316, 6, 2100, N'', 1, 0, 0)
INSERT SCore.EntityQueryParameters(ID, RowStatus, Guid, Name, EntityQueryID, EntityDataTypeID, MappedEntityPropertyID, DefaultValue, IsInput, IsOutput, IsReturnColumn) VALUES (1323, 1, '96750243-2ad1-4939-b50e-a7cea3cd881c', N'@Guid', 317, 6, 2100, N'', 1, 0, 0)
INSERT SCore.EntityQueryParameters(ID, RowStatus, Guid, Name, EntityQueryID, EntityDataTypeID, MappedEntityPropertyID, DefaultValue, IsInput, IsOutput, IsReturnColumn) VALUES (1324, 1, '8b81e7b3-feca-45bb-804e-f9f1b560df45', N'@ParentAssetGuid', 42, 6, 252, N'', 1, 0, 0)
GO
SET IDENTITY_INSERT SCore.EntityQueryParameters OFF
GO

IF @@ERROR<>0 OR @@TRANCOUNT=0 BEGIN IF @@TRANCOUNT>0 ROLLBACK SET NOEXEC ON END

--
-- Reseed identity on SCore.EntityQueryParameters
--
DBCC CHECKIDENT('SCore.EntityQueryParameters', RESEED, 1)
GO

IF @@ERROR<>0 OR @@TRANCOUNT=0 BEGIN IF @@TRANCOUNT>0 ROLLBACK SET NOEXEC ON END

--
-- Updating data of table [SCore].[LanguageLabels]
--
UPDATE SCore.LanguageLabels SET Name = N'[SJob].[Jobs].[AssetID]' WHERE ID = 100
UPDATE SCore.LanguageLabels SET Name = N'Assets' WHERE ID = 272
UPDATE SCore.LanguageLabels SET Name = N'[SJob].[Assets].[ID]' WHERE ID = 273
UPDATE SCore.LanguageLabels SET Name = N'[SJob].[Assets].[RowStatus]' WHERE ID = 274
UPDATE SCore.LanguageLabels SET Name = N'[SJob].[Assets].[RowVersion]' WHERE ID = 275
UPDATE SCore.LanguageLabels SET Name = N'[SJob].[Assets].[Guid]' WHERE ID = 276
UPDATE SCore.LanguageLabels SET Name = N'[SJob].[Assets].[AssetNumber]' WHERE ID = 277
UPDATE SCore.LanguageLabels SET Name = N'[SJob].[Assets].[ParentAssetID]' WHERE ID = 278
UPDATE SCore.LanguageLabels SET Name = N'[SJob].[Assets].[CreatedDate]' WHERE ID = 279
UPDATE SCore.LanguageLabels SET Name = N'[SJob].[Assets].[Name]' WHERE ID = 280
UPDATE SCore.LanguageLabels SET Name = N'[SJob].[Assets].[Number]' WHERE ID = 281
UPDATE SCore.LanguageLabels SET Name = N'[SJob].[Assets].[AddressLine1]' WHERE ID = 282
UPDATE SCore.LanguageLabels SET Name = N'[SJob].[Assets].[AddressLine2]' WHERE ID = 283
UPDATE SCore.LanguageLabels SET Name = N'[SJob].[Assets].[AddressLine3]' WHERE ID = 284
UPDATE SCore.LanguageLabels SET Name = N'[SJob].[Assets].[Town]' WHERE ID = 285
UPDATE SCore.LanguageLabels SET Name = N'[SJob].[Assets].[County]' WHERE ID = 286
UPDATE SCore.LanguageLabels SET Name = N'[SJob].[Assets].[Postcode]' WHERE ID = 287
UPDATE SCore.LanguageLabels SET Name = N'[SJob].[Assets].[LocalAuthorityAccountID]' WHERE ID = 288
UPDATE SCore.LanguageLabels SET Name = N'[SJob].[Assets].[FireAuthorityAccountID]' WHERE ID = 289
UPDATE SCore.LanguageLabels SET Name = N'[SJob].[Assets].[WaterAuthorityAccountID]' WHERE ID = 290
UPDATE SCore.LanguageLabels SET Name = N'[SJob].[Assets].[FormattedAddressComma]' WHERE ID = 291
UPDATE SCore.LanguageLabels SET Name = N'[SJob].[Assets].[FormattedAddressCR]' WHERE ID = 292
UPDATE SCore.LanguageLabels SET Name = N'[SJob].[Assets].[Latitude]' WHERE ID = 293
UPDATE SCore.LanguageLabels SET Name = N'[SJob].[Assets].[Longitude]' WHERE ID = 294
UPDATE SCore.LanguageLabels SET Name = N'[SJob].[Quotes].[AssetId]' WHERE ID = 446
UPDATE SCore.LanguageLabels SET Name = N'[SSop].[QuoteSections].[AssetId]' WHERE ID = 729
UPDATE SCore.LanguageLabels SET Name = N'[SJob].[Job_CDMMergeInfo].[Asset]' WHERE ID = 884
UPDATE SCore.LanguageLabels SET Name = N'[SJob].[Job_CDMMergeInfo].[AssetAddressLine1]' WHERE ID = 885
UPDATE SCore.LanguageLabels SET Name = N'[SJob].[Job_CDMMergeInfo].[AssetAddressLine2]' WHERE ID = 886
UPDATE SCore.LanguageLabels SET Name = N'[SJob].[Job_CDMMergeInfo].[AssetAddressLine3]' WHERE ID = 887
UPDATE SCore.LanguageLabels SET Name = N'[SJob].[Job_CDMMergeInfo].[AssetTown]' WHERE ID = 888
UPDATE SCore.LanguageLabels SET Name = N'[SJob].[Job_CDMMergeInfo].[AssetCounty]' WHERE ID = 889
UPDATE SCore.LanguageLabels SET Name = N'[SJob].[Job_CDMMergeInfo].[AssetPostcode]' WHERE ID = 890
UPDATE SCore.LanguageLabels SET Name = N'[SJob].[Job_CDMMergeInfo].[AssetAddress]' WHERE ID = 891
UPDATE SCore.LanguageLabels SET Name = N'[SJob].[Job_CDMMergeInfo].[AssetAddressBlock]' WHERE ID = 892
UPDATE SCore.LanguageLabels SET Name = N'[SJob].[Job_CDMMergeInfo].[AssetFullAddress]' WHERE ID = 893
UPDATE SCore.LanguageLabels SET Name = N'[SJob].[Job_CDMMergeInfo].[AssetShortAddress]' WHERE ID = 894
UPDATE SCore.LanguageLabels SET Name = N'[SSop].[Quotes].[AssetId]' WHERE ID = 952
UPDATE SCore.LanguageLabels SET Name = N'[SSop].[Enquiries].[AssetId]' WHERE ID = 1071
UPDATE SCore.LanguageLabels SET Name = N'[SSop].[Enquiries].[AssetNameNumber]' WHERE ID = 1072
UPDATE SCore.LanguageLabels SET Name = N'[SSop].[Enquiries].[AssetAddressLine1]' WHERE ID = 1073
UPDATE SCore.LanguageLabels SET Name = N'[SSop].[Enquiries].[AssetAddressLine2]' WHERE ID = 1074
UPDATE SCore.LanguageLabels SET Name = N'[SSop].[Enquiries].[AssetAddressLine3]' WHERE ID = 1075
UPDATE SCore.LanguageLabels SET Name = N'[SSop].[Enquiries].[AssetCountyId]' WHERE ID = 1076
UPDATE SCore.LanguageLabels SET Name = N'[SSop].[Enquiries].[AssetPostCode]' WHERE ID = 1077
UPDATE SCore.LanguageLabels SET Name = N'[SSop].[Enquiries].[AssetCountryId]' WHERE ID = 1078
UPDATE SCore.LanguageLabels SET Name = N'[SJob].[Assets].[IsHighRiskBuilding]' WHERE ID = 1128
UPDATE SCore.LanguageLabels SET Name = N'[SJob].[Assets].[IsComplexBuilding]' WHERE ID = 1129
UPDATE SCore.LanguageLabels SET Name = N'[SJob].[Assets].[BuildingHeightInMetres]' WHERE ID = 1130
UPDATE SCore.LanguageLabels SET Name = N'[SJob].[Assets].[CountyId]' WHERE ID = 1131
UPDATE SCore.LanguageLabels SET Name = N'[SJob].[Assets].[CountryId]' WHERE ID = 1132
UPDATE SCore.LanguageLabels SET Name = N'[SSop].[Enquiries].[AssetTown]' WHERE ID = 1134
UPDATE SCore.LanguageLabels SET Name = N'[SSop].[Quote_MergeInfo].[Asset]' WHERE ID = 1187
UPDATE SCore.LanguageLabels SET Name = N'[SSop].[Quote_MergeInfo].[AssetAddressLine1]' WHERE ID = 1188
UPDATE SCore.LanguageLabels SET Name = N'[SSop].[Quote_MergeInfo].[AssetAddressLine2]' WHERE ID = 1189
UPDATE SCore.LanguageLabels SET Name = N'[SSop].[Quote_MergeInfo].[AssetAddressLine3]' WHERE ID = 1190
UPDATE SCore.LanguageLabels SET Name = N'[SSop].[Quote_MergeInfo].[AssetTown]' WHERE ID = 1191
UPDATE SCore.LanguageLabels SET Name = N'[SSop].[Quote_MergeInfo].[AssetCounty]' WHERE ID = 1192
UPDATE SCore.LanguageLabels SET Name = N'[SSop].[Quote_MergeInfo].[AssetPostcode]' WHERE ID = 1193
UPDATE SCore.LanguageLabels SET Name = N'[SSop].[Quote_MergeInfo].[AssetAddress]' WHERE ID = 1194
UPDATE SCore.LanguageLabels SET Name = N'[SSop].[Quote_MergeInfo].[AssetAddressBlock]' WHERE ID = 1195
UPDATE SCore.LanguageLabels SET Name = N'Asset_grid_column' WHERE ID = 1745
UPDATE SCore.LanguageLabels SET Name = N'AssetNumber_grid_column' WHERE ID = 1782
UPDATE SCore.LanguageLabels SET Name = N'Assets_grid_view' WHERE ID = 1883
UPDATE SCore.LanguageLabels SET Name = N'Assets_grid' WHERE ID = 1969
UPDATE SCore.LanguageLabels SET Name = N'[SJob].[Job_MergeInfo].[AssetTown]' WHERE ID = 2133
UPDATE SCore.LanguageLabels SET Name = N'[SJob].[Job_MergeInfo].[AssetCounty]' WHERE ID = 2134
UPDATE SCore.LanguageLabels SET Name = N'[SJob].[Job_MergeInfo].[AssetPostcode]' WHERE ID = 2135
UPDATE SCore.LanguageLabels SET Name = N'[SJob].[Job_MergeInfo].[AssetAddress]' WHERE ID = 2136
UPDATE SCore.LanguageLabels SET Name = N'[SJob].[Job_MergeInfo].[AssetAddressBlock]' WHERE ID = 2137
UPDATE SCore.LanguageLabels SET Name = N'[SJob].[Job_MergeInfo].[AssetShortAddress]' WHERE ID = 2138
UPDATE SCore.LanguageLabels SET Name = N'[SJob].[Job_MergeInfo].[Asset]' WHERE ID = 2141
UPDATE SCore.LanguageLabels SET Name = N'[SJob].[Job_MergeInfo].[AssetAddressLine1]' WHERE ID = 2142
UPDATE SCore.LanguageLabels SET Name = N'[SJob].[Job_MergeInfo].[AssetAddressLine2]' WHERE ID = 2143
UPDATE SCore.LanguageLabels SET Name = N'[SJob].[Job_MergeInfo].[AssetAddressLine3]' WHERE ID = 2144
UPDATE SCore.LanguageLabels SET Name = N'[SSop].[Quote_MergeInfo].[AssetShortAddress]' WHERE ID = 2191
UPDATE SCore.LanguageLabels SET Name = N'Asset' WHERE ID = 2331
UPDATE SCore.LanguageLabels SET Name = N'[SJob].[Assets].[ListLabel]' WHERE ID = 2344
UPDATE SCore.LanguageLabels SET Name = N'[SJob].[Assets].[OwnerAccountId]' WHERE ID = 2345
UPDATE SCore.LanguageLabels SET Name = N'[SJob].[Activity_MergeInfo].[AssetAddress]' WHERE ID = 2465
UPDATE SCore.LanguageLabels SET Name = N'[SJob].[Activity_MergeInfo].[AssetAddressBlock]' WHERE ID = 2466
UPDATE SCore.LanguageLabels SET Name = N'[SJob].[Activity_MergeInfo].[AssetShortAddress]' WHERE ID = 2467
UPDATE SCore.LanguageLabels SET Name = N'[SJob].[Activity_MergeInfo].[AssetAddressLine1]' WHERE ID = 2471
UPDATE SCore.LanguageLabels SET Name = N'[SJob].[Activity_MergeInfo].[AssetAddressLine2]' WHERE ID = 2472
UPDATE SCore.LanguageLabels SET Name = N'[SJob].[Activity_MergeInfo].[AssetAddressLine3]' WHERE ID = 2473
UPDATE SCore.LanguageLabels SET Name = N'[SJob].[Activity_MergeInfo].[AssetTown]' WHERE ID = 2474
UPDATE SCore.LanguageLabels SET Name = N'[SJob].[Activity_MergeInfo].[AssetCounty]' WHERE ID = 2475
UPDATE SCore.LanguageLabels SET Name = N'[SJob].[Activity_MergeInfo].[AssetPostcode]' WHERE ID = 2476
UPDATE SCore.LanguageLabels SET Name = N'[SJob].[Activity_MergeInfo].[Asset]' WHERE ID = 2482
UPDATE SCore.LanguageLabels SET Name = N'[SSop].[Enquiries].[EnterNewAssetDetails]' WHERE ID = 2546
UPDATE SCore.LanguageLabels SET Name = N'[SSop].[Enquiry_MergeInfo].[AssetCounty]' WHERE ID = 2615
UPDATE SCore.LanguageLabels SET Name = N'[SSop].[Enquiry_MergeInfo].[AssetPostcode]' WHERE ID = 2616
UPDATE SCore.LanguageLabels SET Name = N'[SSop].[Enquiry_MergeInfo].[AssetAddress]' WHERE ID = 2617
UPDATE SCore.LanguageLabels SET Name = N'[SSop].[Enquiry_MergeInfo].[AssetAddressBlock]' WHERE ID = 2618
UPDATE SCore.LanguageLabels SET Name = N'[SSop].[Enquiry_MergeInfo].[AssetShortAddress]' WHERE ID = 2619
UPDATE SCore.LanguageLabels SET Name = N'[SSop].[Enquiry_MergeInfo].[Asset]' WHERE ID = 2622
UPDATE SCore.LanguageLabels SET Name = N'[SSop].[Enquiry_MergeInfo].[AssetAddressLine1]' WHERE ID = 2623
UPDATE SCore.LanguageLabels SET Name = N'[SSop].[Enquiry_MergeInfo].[AssetAddressLine2]' WHERE ID = 2624
UPDATE SCore.LanguageLabels SET Name = N'[SSop].[Enquiry_MergeInfo].[AssetAddressLine3]' WHERE ID = 2625
UPDATE SCore.LanguageLabels SET Name = N'[SSop].[Enquiry_MergeInfo].[AssetTown]' WHERE ID = 2626
UPDATE SCore.LanguageLabels SET Name = N'MyWorkV2_assetName' WHERE ID = 2781
UPDATE SCore.LanguageLabels SET Name = N'[SJob].[CurrentScheduledWork].[AssetAddress]' WHERE ID = 2879

--
-- Inserting data into table [SCore].[LanguageLabels]
--
GO

IF @@ERROR<>0 OR @@TRANCOUNT=0 BEGIN IF @@TRANCOUNT>0 ROLLBACK SET NOEXEC ON END
SET IDENTITY_INSERT SCore.LanguageLabels ON
GO

IF @@ERROR<>0 OR @@TRANCOUNT=0 BEGIN IF @@TRANCOUNT>0 ROLLBACK SET NOEXEC ON END
INSERT SCore.LanguageLabels(ID, RowStatus, Guid, Name) VALUES (2882, 1, 'e8e4690c-55bb-4494-9ef0-5f8eadae3770', N'Non Activity Types')
INSERT SCore.LanguageLabels(ID, RowStatus, Guid, Name) VALUES (2883, 1, 'e8de2d1b-c1df-47a0-9770-b30c63bd8d19', N'[SCore].[NonActivityTypes].[ID]')
INSERT SCore.LanguageLabels(ID, RowStatus, Guid, Name) VALUES (2884, 1, '4fab3f20-9c70-481c-995f-06ef1e10aa9a', N'[SCore].[NonActivityTypes].[Guid]')
INSERT SCore.LanguageLabels(ID, RowStatus, Guid, Name) VALUES (2885, 1, '78d4cad5-a7ea-49b8-b7aa-4a43a36a5f43', N'[SCore].[NonActivityTypes].[Name]')
INSERT SCore.LanguageLabels(ID, RowStatus, Guid, Name) VALUES (2886, 1, '0661c17f-8fe2-49fe-89b6-a24ae3fba526', N'[SCore].[NonActivityTypes].[RowStatus]')
INSERT SCore.LanguageLabels(ID, RowStatus, Guid, Name) VALUES (2887, 1, 'a20ca905-3942-4338-9245-d2361c8e19fd', N'[SCore].[NonActivityTypes].[RowVersion]')
INSERT SCore.LanguageLabels(ID, RowStatus, Guid, Name) VALUES (2888, 1, '86309eda-6051-4514-9b95-03e8438f4def', N'[SCore].[tv_NonActivityTypes]')
GO
SET IDENTITY_INSERT SCore.LanguageLabels OFF
GO

IF @@ERROR<>0 OR @@TRANCOUNT=0 BEGIN IF @@TRANCOUNT>0 ROLLBACK SET NOEXEC ON END

--
-- Reseed identity on SCore.LanguageLabels
--
DBCC CHECKIDENT('SCore.LanguageLabels', RESEED, 1)
GO

IF @@ERROR<>0 OR @@TRANCOUNT=0 BEGIN IF @@TRANCOUNT>0 ROLLBACK SET NOEXEC ON END

--
-- Updating data of table [SCore].[LanguageLabelTranslations]
--
UPDATE SCore.LanguageLabelTranslations SET Text = N'Asset', TextPlural = N'Assets' WHERE ID = 272
UPDATE SCore.LanguageLabelTranslations SET Text = N'Asset', TextPlural = N'Asset' WHERE ID = 605
UPDATE SCore.LanguageLabelTranslations SET Text = N'Parent Asset', TextPlural = N'Parent Assets' WHERE ID = 678
UPDATE SCore.LanguageLabelTranslations SET Text = N'Asset', TextPlural = N'Assets' WHERE ID = 775
UPDATE SCore.LanguageLabelTranslations SET Text = N'Asset', TextPlural = N'Assets' WHERE ID = 939
UPDATE SCore.LanguageLabelTranslations SET Text = N'Asset Address Line 1', TextPlural = N'Asset Address Line 1' WHERE ID = 940
UPDATE SCore.LanguageLabelTranslations SET Text = N'Asset Address Line 2', TextPlural = N'Asset Address Line 2' WHERE ID = 941
UPDATE SCore.LanguageLabelTranslations SET Text = N'Asset Address Line 3', TextPlural = N'Asset Address Line 3' WHERE ID = 942
UPDATE SCore.LanguageLabelTranslations SET Text = N'Asset Town', TextPlural = N'Asset Town' WHERE ID = 943
UPDATE SCore.LanguageLabelTranslations SET Text = N'Asset County', TextPlural = N'Asset County' WHERE ID = 944
UPDATE SCore.LanguageLabelTranslations SET Text = N'Asset Postcode', TextPlural = N'Asset Postcode' WHERE ID = 945
UPDATE SCore.LanguageLabelTranslations SET Text = N'Asset Address', TextPlural = N'Asset Address' WHERE ID = 946
UPDATE SCore.LanguageLabelTranslations SET Text = N'Asset Address Block', TextPlural = N'Asset Address Block' WHERE ID = 947
UPDATE SCore.LanguageLabelTranslations SET Text = N'Asset Full Address', TextPlural = N'Asset Full Address' WHERE ID = 948
UPDATE SCore.LanguageLabelTranslations SET Text = N'Asset Short Address', TextPlural = N'Asset Short Address' WHERE ID = 949
UPDATE SCore.LanguageLabelTranslations SET Text = N'Asset', TextPlural = N'Asset' WHERE ID = 1012
UPDATE SCore.LanguageLabelTranslations SET Text = N'Asset', TextPlural = N'Asset' WHERE ID = 1139
UPDATE SCore.LanguageLabelTranslations SET Text = N'Asset Name / Number', TextPlural = N'Asset Name / Number' WHERE ID = 1140
UPDATE SCore.LanguageLabelTranslations SET Text = N'Asset', TextPlural = N'Assets' WHERE ID = 1256
UPDATE SCore.LanguageLabelTranslations SET Text = N'Asset Address Line1', TextPlural = N'Asset Address Line1' WHERE ID = 1257
UPDATE SCore.LanguageLabelTranslations SET Text = N'Asset Address Line2', TextPlural = N'Asset Address Line2' WHERE ID = 1258
UPDATE SCore.LanguageLabelTranslations SET Text = N'Asset Address Line3', TextPlural = N'Asset Address Line3' WHERE ID = 1259
UPDATE SCore.LanguageLabelTranslations SET Text = N'Asset Town', TextPlural = N'Asset Town' WHERE ID = 1260
UPDATE SCore.LanguageLabelTranslations SET Text = N'Asset County', TextPlural = N'Asset County' WHERE ID = 1261
UPDATE SCore.LanguageLabelTranslations SET Text = N'Asset Postcode', TextPlural = N'Asset Postcode' WHERE ID = 1262
UPDATE SCore.LanguageLabelTranslations SET Text = N'Asset Address', TextPlural = N'Asset Address' WHERE ID = 1263
UPDATE SCore.LanguageLabelTranslations SET Text = N'Asset Address Block', TextPlural = N'Asset Address Block' WHERE ID = 1264
UPDATE SCore.LanguageLabelTranslations SET Text = N'Asset #', TextPlural = N'Asset #' WHERE ID = 1745
UPDATE SCore.LanguageLabelTranslations SET Text = N'Asset', TextPlural = N'Asset' WHERE ID = 1753
UPDATE SCore.LanguageLabelTranslations SET Text = N'Assets', TextPlural = N'Assets' WHERE ID = 1915
UPDATE SCore.LanguageLabelTranslations SET Text = N'Assets', TextPlural = N'Assets' WHERE ID = 2010
UPDATE SCore.LanguageLabelTranslations SET Text = N'Asset Town' WHERE ID = 2175
UPDATE SCore.LanguageLabelTranslations SET Text = N'Asset County' WHERE ID = 2176
UPDATE SCore.LanguageLabelTranslations SET Text = N'Asset Postcode' WHERE ID = 2177
UPDATE SCore.LanguageLabelTranslations SET Text = N'Asset Address' WHERE ID = 2178
UPDATE SCore.LanguageLabelTranslations SET Text = N'Asset Short Address' WHERE ID = 2180
UPDATE SCore.LanguageLabelTranslations SET Text = N'Asset' WHERE ID = 2183
UPDATE SCore.LanguageLabelTranslations SET Text = N'Asset Address Line1' WHERE ID = 2184
UPDATE SCore.LanguageLabelTranslations SET Text = N'Asset Address Line 3' WHERE ID = 2186
UPDATE SCore.LanguageLabelTranslations SET Text = N'Asset Short Address' WHERE ID = 2233
UPDATE SCore.LanguageLabelTranslations SET Text = N'Asset', TextPlural = N'Assets' WHERE ID = 2370
UPDATE SCore.LanguageLabelTranslations SET Text = N'Asset Address' WHERE ID = 2506
UPDATE SCore.LanguageLabelTranslations SET Text = N'Asset Address Block' WHERE ID = 2507
UPDATE SCore.LanguageLabelTranslations SET Text = N'Asset Short Address' WHERE ID = 2508
UPDATE SCore.LanguageLabelTranslations SET Text = N'Asset Address Line1' WHERE ID = 2512
UPDATE SCore.LanguageLabelTranslations SET Text = N'Asset Address Line2' WHERE ID = 2513
UPDATE SCore.LanguageLabelTranslations SET Text = N'Asset Address Line3' WHERE ID = 2514
UPDATE SCore.LanguageLabelTranslations SET Text = N'Asset Town' WHERE ID = 2515
UPDATE SCore.LanguageLabelTranslations SET Text = N'Asset County' WHERE ID = 2516
UPDATE SCore.LanguageLabelTranslations SET Text = N'Asset Postcode' WHERE ID = 2517
UPDATE SCore.LanguageLabelTranslations SET Text = N'Asset' WHERE ID = 2523
UPDATE SCore.LanguageLabelTranslations SET Text = N'Enter New Asset Details' WHERE ID = 2586
UPDATE SCore.LanguageLabelTranslations SET Text = N'Asset County' WHERE ID = 2655
UPDATE SCore.LanguageLabelTranslations SET Text = N'Asset Postcode' WHERE ID = 2656
UPDATE SCore.LanguageLabelTranslations SET Text = N'Asset Address' WHERE ID = 2657
UPDATE SCore.LanguageLabelTranslations SET Text = N'Asset Short Address' WHERE ID = 2659
UPDATE SCore.LanguageLabelTranslations SET Text = N'Asset' WHERE ID = 2662
UPDATE SCore.LanguageLabelTranslations SET Text = N'Asset Address Line2' WHERE ID = 2664
UPDATE SCore.LanguageLabelTranslations SET Text = N'Asset Address Line 3' WHERE ID = 2665
UPDATE SCore.LanguageLabelTranslations SET Text = N'Asset Name / Address', TextPlural = N'Asset Name / Address' WHERE ID = 2821

--
-- Inserting data into table [SCore].[LanguageLabelTranslations]
--
GO

IF @@ERROR<>0 OR @@TRANCOUNT=0 BEGIN IF @@TRANCOUNT>0 ROLLBACK SET NOEXEC ON END
SET IDENTITY_INSERT SCore.LanguageLabelTranslations ON
GO

IF @@ERROR<>0 OR @@TRANCOUNT=0 BEGIN IF @@TRANCOUNT>0 ROLLBACK SET NOEXEC ON END
INSERT SCore.LanguageLabelTranslations(ID, RowStatus, Guid, Text, TextPlural, LanguageLabelID, LanguageID, HelpText) VALUES (2922, 1, 'e55c0575-0954-47de-9fbb-27888efaea66', N'Non Activity Types', N'', 2882, 1, N'')
INSERT SCore.LanguageLabelTranslations(ID, RowStatus, Guid, Text, TextPlural, LanguageLabelID, LanguageID, HelpText) VALUES (2923, 1, '4d736753-6522-47d1-a861-01ff79eca229', N'I D', N'', 2883, 1, N'')
INSERT SCore.LanguageLabelTranslations(ID, RowStatus, Guid, Text, TextPlural, LanguageLabelID, LanguageID, HelpText) VALUES (2924, 1, 'fda30811-a537-4233-b6ff-69dd30d5b00e', N'Guid', N'', 2884, 1, N'')
INSERT SCore.LanguageLabelTranslations(ID, RowStatus, Guid, Text, TextPlural, LanguageLabelID, LanguageID, HelpText) VALUES (2925, 1, 'c12ecde1-f298-46e5-98d6-964058098abf', N'Name', N'', 2885, 1, N'')
INSERT SCore.LanguageLabelTranslations(ID, RowStatus, Guid, Text, TextPlural, LanguageLabelID, LanguageID, HelpText) VALUES (2926, 1, 'f18c7fbc-336e-4867-b63e-fe2c5c1f9a02', N'Row Status', N'', 2886, 1, N'')
INSERT SCore.LanguageLabelTranslations(ID, RowStatus, Guid, Text, TextPlural, LanguageLabelID, LanguageID, HelpText) VALUES (2927, 1, 'f69bc94d-c3d8-4a8e-84c8-3fc7f704e1b9', N'Row Version', N'', 2887, 1, N'')
INSERT SCore.LanguageLabelTranslations(ID, RowStatus, Guid, Text, TextPlural, LanguageLabelID, LanguageID, HelpText) VALUES (2928, 1, '3d0c6f01-6b28-46fe-a0ba-421863031444', N'Non-Activity Types', N'Non-Activity Types', 2888, 1, N'')
INSERT SCore.LanguageLabelTranslations(ID, RowStatus, Guid, Text, TextPlural, LanguageLabelID, LanguageID, HelpText) VALUES (2929, 1, '89b2694c-f0c8-4b83-946a-3b3d4d548ba1', N'Asset Number', N'Asset Numbers', 277, 1, N'')
INSERT SCore.LanguageLabelTranslations(ID, RowStatus, Guid, Text, TextPlural, LanguageLabelID, LanguageID, HelpText) VALUES (2930, 1, '96e1304f-9b3b-4f07-8cb4-e105a503bc15', N'Asset', N'', 446, 1, N'')
GO
SET IDENTITY_INSERT SCore.LanguageLabelTranslations OFF
GO

IF @@ERROR<>0 OR @@TRANCOUNT=0 BEGIN IF @@TRANCOUNT>0 ROLLBACK SET NOEXEC ON END

--
-- Reseed identity on SCore.LanguageLabelTranslations
--
DBCC CHECKIDENT('SCore.LanguageLabelTranslations', RESEED, 1)
GO

IF @@ERROR<>0 OR @@TRANCOUNT=0 BEGIN IF @@TRANCOUNT>0 ROLLBACK SET NOEXEC ON END

--
-- Creating constraints for [SCore].[EntityHobts]
--
ALTER TABLE SCore.EntityHobts WITH NOCHECK
  ADD CONSTRAINT FK_EntityHoBTs_EntityTypes FOREIGN KEY (EntityTypeID) REFERENCES SCore.EntityTypes(ID) ON DELETE CASCADE ON UPDATE NO ACTION
ALTER TABLE SCore.EntityHobts WITH NOCHECK
  ADD CONSTRAINT FK_EntityHobts_RowStatus FOREIGN KEY (RowStatus) REFERENCES SCore.RowStatus(ID) ON DELETE NO ACTION ON UPDATE NO ACTION
GO

IF @@ERROR<>0 OR @@TRANCOUNT=0 BEGIN IF @@TRANCOUNT>0 ROLLBACK SET NOEXEC ON END

--
-- Creating constraints for [SCore].[EntityQueries]
--
ALTER TABLE SCore.EntityQueries WITH NOCHECK
  ADD CONSTRAINT FK_EntityQueries_EntityHoBTs FOREIGN KEY (EntityHoBTID) REFERENCES SCore.EntityHobts(ID) ON DELETE NO ACTION ON UPDATE NO ACTION
ALTER TABLE SCore.EntityQueries WITH NOCHECK
  ADD CONSTRAINT FK_EntityQueries_EntityTypes FOREIGN KEY (EntityTypeID) REFERENCES SCore.EntityTypes(ID) ON DELETE CASCADE ON UPDATE NO ACTION
ALTER TABLE SCore.EntityQueries WITH NOCHECK
  ADD CONSTRAINT FK_EntityQueries_RowStatus FOREIGN KEY (RowStatus) REFERENCES SCore.RowStatus(ID) ON DELETE NO ACTION ON UPDATE NO ACTION
GO

IF @@ERROR<>0 OR @@TRANCOUNT=0 BEGIN IF @@TRANCOUNT>0 ROLLBACK SET NOEXEC ON END

--
-- Creating constraints for [SCore].[EntityQueryParameters]
--
ALTER TABLE SCore.EntityQueryParameters WITH NOCHECK
  ADD CONSTRAINT FK_EntityQueryParameters_EntityDataTypes FOREIGN KEY (EntityDataTypeID) REFERENCES SCore.EntityDataTypes(ID) ON DELETE NO ACTION ON UPDATE NO ACTION
ALTER TABLE SCore.EntityQueryParameters WITH NOCHECK
  ADD CONSTRAINT FK_EntityQueryParameters_EntityProperties FOREIGN KEY (MappedEntityPropertyID) REFERENCES SCore.EntityProperties(ID) ON DELETE NO ACTION ON UPDATE NO ACTION
ALTER TABLE SCore.EntityQueryParameters WITH NOCHECK
  ADD CONSTRAINT FK_EntityQueryParameters_EntityQueries FOREIGN KEY (EntityQueryID) REFERENCES SCore.EntityQueries(ID) ON DELETE CASCADE ON UPDATE NO ACTION
ALTER TABLE SCore.EntityQueryParameters WITH NOCHECK
  ADD CONSTRAINT FK_EntityQueryParameters_RowStatus FOREIGN KEY (RowStatus) REFERENCES SCore.RowStatus(ID) ON DELETE NO ACTION ON UPDATE NO ACTION
GO

IF @@ERROR<>0 OR @@TRANCOUNT=0 BEGIN IF @@TRANCOUNT>0 ROLLBACK SET NOEXEC ON END

--
-- Creating constraints for [SCore].[LanguageLabels]
--
ALTER TABLE SCore.LanguageLabels WITH NOCHECK
  ADD CONSTRAINT FK_LanguageLabels_RowStatus FOREIGN KEY (RowStatus) REFERENCES SCore.RowStatus(ID) ON DELETE NO ACTION ON UPDATE NO ACTION
GO

IF @@ERROR<>0 OR @@TRANCOUNT=0 BEGIN IF @@TRANCOUNT>0 ROLLBACK SET NOEXEC ON END

--
-- Creating constraints for [SCore].[LanguageLabelTranslations]
--
ALTER TABLE SCore.LanguageLabelTranslations WITH NOCHECK
  ADD CONSTRAINT FK_LanguageLabelTranslations_LanguageLabels FOREIGN KEY (LanguageLabelID) REFERENCES SCore.LanguageLabels(ID) ON DELETE NO ACTION ON UPDATE NO ACTION
ALTER TABLE SCore.LanguageLabelTranslations WITH NOCHECK
  ADD CONSTRAINT FK_LanguageLabelTranslations_Languages FOREIGN KEY (LanguageID) REFERENCES SCore.Languages(ID) ON DELETE NO ACTION ON UPDATE NO ACTION
ALTER TABLE SCore.LanguageLabelTranslations WITH NOCHECK
  ADD CONSTRAINT FK_LanguageLabelTranslations_RowStatus FOREIGN KEY (RowStatus) REFERENCES SCore.RowStatus(ID) ON DELETE NO ACTION ON UPDATE NO ACTION
GO

IF @@ERROR<>0 OR @@TRANCOUNT=0 BEGIN IF @@TRANCOUNT>0 ROLLBACK SET NOEXEC ON END

--
-- Creating constraints for [SCore].[EntityProperties]
--
ALTER TABLE SCore.EntityProperties WITH NOCHECK
  ADD CONSTRAINT FK_EntityProperties_EntityHoBTs FOREIGN KEY (EntityHoBTID) REFERENCES SCore.EntityHobts(ID) ON DELETE CASCADE ON UPDATE NO ACTION
GO

IF @@ERROR<>0 OR @@TRANCOUNT=0 BEGIN IF @@TRANCOUNT>0 ROLLBACK SET NOEXEC ON END

--
-- Creating constraints for [SUserInterface].[ActionMenuItems]
--
ALTER TABLE SUserInterface.ActionMenuItems WITH NOCHECK
  ADD CONSTRAINT FK_ActionMenuItems_EntityQueries FOREIGN KEY (EntityQueryId) REFERENCES SCore.EntityQueries(ID) ON DELETE NO ACTION ON UPDATE NO ACTION
GO

IF @@ERROR<>0 OR @@TRANCOUNT=0 BEGIN IF @@TRANCOUNT>0 ROLLBACK SET NOEXEC ON END

--
-- Creating constraints for [SUserInterface].[GridViewActions]
--
ALTER TABLE SUserInterface.GridViewActions WITH NOCHECK
  ADD CONSTRAINT FK_GridViewActions_EntityQueries FOREIGN KEY (EntityQueryId) REFERENCES SCore.EntityQueries(ID) ON DELETE NO ACTION ON UPDATE NO ACTION
GO

IF @@ERROR<>0 OR @@TRANCOUNT=0 BEGIN IF @@TRANCOUNT>0 ROLLBACK SET NOEXEC ON END

--
-- Creating constraints for [SUserInterface].[GridViewWidgetQueries]
--
ALTER TABLE SUserInterface.GridViewWidgetQueries WITH NOCHECK
  ADD CONSTRAINT FK_GridViewWidgetQueries_EntityQueries FOREIGN KEY (EntityQueryId) REFERENCES SCore.EntityQueries(ID) ON DELETE NO ACTION ON UPDATE NO ACTION
GO

IF @@ERROR<>0 OR @@TRANCOUNT=0 BEGIN IF @@TRANCOUNT>0 ROLLBACK SET NOEXEC ON END

--
-- Creating constraints for [SCore].[EntityPropertyGroups]
--
ALTER TABLE SCore.EntityPropertyGroups WITH NOCHECK
  ADD CONSTRAINT FK_EntityPropertyGroups_LanguageLabels FOREIGN KEY (LanguageLabelID) REFERENCES SCore.LanguageLabels(ID) ON DELETE NO ACTION ON UPDATE NO ACTION
GO

IF @@ERROR<>0 OR @@TRANCOUNT=0 BEGIN IF @@TRANCOUNT>0 ROLLBACK SET NOEXEC ON END

--
-- Creating constraints for [SCore].[EntityTypes]
--
ALTER TABLE SCore.EntityTypes WITH NOCHECK
  ADD CONSTRAINT FK_EntityTypes_LanguageLabels FOREIGN KEY (LanguageLabelID) REFERENCES SCore.LanguageLabels(ID) ON DELETE NO ACTION ON UPDATE NO ACTION
GO

IF @@ERROR<>0 OR @@TRANCOUNT=0 BEGIN IF @@TRANCOUNT>0 ROLLBACK SET NOEXEC ON END

--
-- Creating constraints for [SUserInterface].[GridDefinitions]
--
ALTER TABLE SUserInterface.GridDefinitions WITH NOCHECK
  ADD CONSTRAINT FK_GridDefinitions_LanguageLabelId FOREIGN KEY (LanguageLabelId) REFERENCES SCore.LanguageLabels(ID) ON DELETE NO ACTION ON UPDATE NO ACTION
GO

IF @@ERROR<>0 OR @@TRANCOUNT=0 BEGIN IF @@TRANCOUNT>0 ROLLBACK SET NOEXEC ON END

--
-- Creating constraints for [SUserInterface].[GridViewColumnDefinitions]
--
ALTER TABLE SUserInterface.GridViewColumnDefinitions WITH NOCHECK
  ADD CONSTRAINT FK_GridViewColumnDefinitions_LanguageLabelId FOREIGN KEY (LanguageLabelId) REFERENCES SCore.LanguageLabels(ID) ON DELETE NO ACTION ON UPDATE NO ACTION
GO

IF @@ERROR<>0 OR @@TRANCOUNT=0 BEGIN IF @@TRANCOUNT>0 ROLLBACK SET NOEXEC ON END

--
-- Creating constraints for [SUserInterface].[GridViewDefinitions]
--
ALTER TABLE SUserInterface.GridViewDefinitions WITH NOCHECK
  ADD CONSTRAINT FK_GridViewDefinitions_LanguageLabelId FOREIGN KEY (LanguageLabelId) REFERENCES SCore.LanguageLabels(ID) ON DELETE NO ACTION ON UPDATE NO ACTION
GO

IF @@ERROR<>0 OR @@TRANCOUNT=0 BEGIN IF @@TRANCOUNT>0 ROLLBACK SET NOEXEC ON END

--
-- Creating constraints for [SUserInterface].[MainMenuItems]
--
ALTER TABLE SUserInterface.MainMenuItems WITH NOCHECK
  ADD CONSTRAINT FK_MainMenuItems_LanguageLabelId FOREIGN KEY (LanguageLabelId) REFERENCES SCore.LanguageLabels(ID) ON DELETE NO ACTION ON UPDATE NO ACTION
GO

IF @@ERROR<>0 OR @@TRANCOUNT=0 BEGIN IF @@TRANCOUNT>0 ROLLBACK SET NOEXEC ON END

--
-- Enabling DML triggers for [SCore].[EntityHobts]
--
GO
ENABLE TRIGGER ALL ON SCore.EntityHobts
GO

IF @@ERROR<>0 OR @@TRANCOUNT=0 BEGIN IF @@TRANCOUNT>0 ROLLBACK SET NOEXEC ON END

--
-- Enabling DML triggers for [SCore].[EntityQueries]
--
GO
ENABLE TRIGGER ALL ON SCore.EntityQueries
GO

IF @@ERROR<>0 OR @@TRANCOUNT=0 BEGIN IF @@TRANCOUNT>0 ROLLBACK SET NOEXEC ON END

--
-- Enabling DML triggers for [SCore].[EntityQueryParameters]
--
GO
ENABLE TRIGGER ALL ON SCore.EntityQueryParameters
GO

IF @@ERROR<>0 OR @@TRANCOUNT=0 BEGIN IF @@TRANCOUNT>0 ROLLBACK SET NOEXEC ON END

--
-- Enabling DML triggers for [SCore].[LanguageLabels]
--
GO
ENABLE TRIGGER ALL ON SCore.LanguageLabels
GO

IF @@ERROR<>0 OR @@TRANCOUNT=0 BEGIN IF @@TRANCOUNT>0 ROLLBACK SET NOEXEC ON END

--
-- Enabling DML triggers for [SCore].[LanguageLabelTranslations]
--
GO
ENABLE TRIGGER ALL ON SCore.LanguageLabelTranslations
GO

IF @@ERROR<>0 OR @@TRANCOUNT=0 BEGIN IF @@TRANCOUNT>0 ROLLBACK SET NOEXEC ON END

--
-- Commit Transaction
--
IF @@TRANCOUNT>0 COMMIT TRANSACTION
SET NOEXEC OFF
GO