--
-- Script was generated by Devart dbForge Data Compare for SQL Server, Version 5.5.3.0
-- Product Home Page: http://www.devart.com/dbforge/sql/datacompare
-- Script date 26/03/2026 15:30:00
-- Source server version: 16.00.1000
-- Source connection string: Data Source=SOC-SQLDEVBRE01\GENERAL;Initial Catalog=CymBuild_Dev;Integrated Security=True;User ID=ESGL\stephen.brett
-- Target server version: 16.00.4175
-- Target connection string: Data Source=SOC-SQLBRE01\SQL2022;Integrated Security=True;User ID=ESGL\stephen.brett
-- Run this script against CymBuild_UAT to synchronize it with Cymbuild_QA
-- Please backup your target database before running this script
--



SET LANGUAGE 'British English'
SET DATEFORMAT ymd
SET ARITHABORT, ANSI_PADDING, ANSI_WARNINGS, CONCAT_NULL_YIELDS_NULL, QUOTED_IDENTIFIER, ANSI_NULLS, NOCOUNT, XACT_ABORT ON
SET NUMERIC_ROUNDABORT, IMPLICIT_TRANSACTIONS OFF
GO


--
-- Start Transaction
--
PRINT(N'Start Transaction')
GO
BEGIN TRANSACTION

--
-- Disabling DML triggers for [SCore].[EntityProperties]
--
PRINT(N'Disabling DML triggers for [SCore].[EntityProperties]')
GO
DISABLE TRIGGER ALL ON SCore.EntityProperties
GO

IF @@ERROR<>0 OR @@TRANCOUNT=0 BEGIN IF @@TRANCOUNT>0 ROLLBACK SET NOEXEC ON END

--
-- Disabling DML triggers for [SCore].[LanguageLabels]
--
PRINT(N'Disabling DML triggers for [SCore].[LanguageLabels]')
GO
DISABLE TRIGGER ALL ON SCore.LanguageLabels
GO

IF @@ERROR<>0 OR @@TRANCOUNT=0 BEGIN IF @@TRANCOUNT>0 ROLLBACK SET NOEXEC ON END

--
-- Disabling DML triggers for [SCore].[LanguageLabelTranslations]
--
PRINT(N'Disabling DML triggers for [SCore].[LanguageLabelTranslations]')
GO
DISABLE TRIGGER ALL ON SCore.LanguageLabelTranslations
GO

IF @@ERROR<>0 OR @@TRANCOUNT=0 BEGIN IF @@TRANCOUNT>0 ROLLBACK SET NOEXEC ON END

--
-- Dropping constraints from [SCore].[EntityProperties]
--
PRINT(N'Dropping constraints from [SCore].[EntityProperties]')
GO
ALTER TABLE SCore.EntityProperties
  DROP CONSTRAINT IF EXISTS FK_EntityProperties_DropDownListDefinitions
ALTER TABLE SCore.EntityProperties
  DROP CONSTRAINT IF EXISTS FK_EntityProperties_EntityDataTypes
ALTER TABLE SCore.EntityProperties
  DROP CONSTRAINT IF EXISTS FK_EntityProperties_EntityHoBTs
ALTER TABLE SCore.EntityProperties
  DROP CONSTRAINT IF EXISTS FK_EntityProperties_EntityPropertyGroupID
ALTER TABLE SCore.EntityProperties
  DROP CONSTRAINT IF EXISTS FK_EntityProperties_LanguageLabels
ALTER TABLE SCore.EntityProperties
  DROP CONSTRAINT IF EXISTS FK_EntityProperties_RowStatus
GO

IF @@ERROR<>0 OR @@TRANCOUNT=0 BEGIN IF @@TRANCOUNT>0 ROLLBACK SET NOEXEC ON END

--
-- Dropping constraints from [SCore].[LanguageLabels]
--
PRINT(N'Dropping constraints from [SCore].[LanguageLabels]')
GO
ALTER TABLE SCore.LanguageLabels
  DROP CONSTRAINT IF EXISTS FK_LanguageLabels_RowStatus
GO

IF @@ERROR<>0 OR @@TRANCOUNT=0 BEGIN IF @@TRANCOUNT>0 ROLLBACK SET NOEXEC ON END

--
-- Dropping constraints from [SCore].[LanguageLabelTranslations]
--
PRINT(N'Dropping constraints from [SCore].[LanguageLabelTranslations]')
GO
ALTER TABLE SCore.LanguageLabelTranslations
  DROP CONSTRAINT IF EXISTS FK_LanguageLabelTranslations_LanguageLabels
ALTER TABLE SCore.LanguageLabelTranslations
  DROP CONSTRAINT IF EXISTS FK_LanguageLabelTranslations_Languages
ALTER TABLE SCore.LanguageLabelTranslations
  DROP CONSTRAINT IF EXISTS FK_LanguageLabelTranslations_RowStatus
GO

IF @@ERROR<>0 OR @@TRANCOUNT=0 BEGIN IF @@TRANCOUNT>0 ROLLBACK SET NOEXEC ON END

--
-- Dropping constraints from [SUserInterface].[GridViewColumnDefinitions]
--
PRINT(N'Dropping constraints from [SUserInterface].[GridViewColumnDefinitions]')
GO
ALTER TABLE SUserInterface.GridViewColumnDefinitions
  DROP CONSTRAINT IF EXISTS FK_GridViewColumnDefinition_GridViewDefinition
ALTER TABLE SUserInterface.GridViewColumnDefinitions
  DROP CONSTRAINT IF EXISTS FK_GridViewColumnDefinitions_LanguageLabelId
ALTER TABLE SUserInterface.GridViewColumnDefinitions
  DROP CONSTRAINT IF EXISTS FK_GridViewColumnDefinitions_RowStatus
GO

IF @@ERROR<>0 OR @@TRANCOUNT=0 BEGIN IF @@TRANCOUNT>0 ROLLBACK SET NOEXEC ON END

--
-- Dropping constraints from [SUserInterface].[GridViewDefinitions]
--
PRINT(N'Dropping constraints from [SUserInterface].[GridViewDefinitions]')
GO
ALTER TABLE SUserInterface.GridViewDefinitions
  DROP CONSTRAINT IF EXISTS FK_GridViewDefinition_GridDefinition
ALTER TABLE SUserInterface.GridViewDefinitions
  DROP CONSTRAINT IF EXISTS FK_GridViewDefinitions_DrawerIconId
ALTER TABLE SUserInterface.GridViewDefinitions
  DROP CONSTRAINT IF EXISTS FK_GridViewDefinitions_EntityTypes
ALTER TABLE SUserInterface.GridViewDefinitions
  DROP CONSTRAINT IF EXISTS FK_GridViewDefinitions_LanguageLabelId
ALTER TABLE SUserInterface.GridViewDefinitions
  DROP CONSTRAINT IF EXISTS FK_GridViewDefinitions_MetricTypes
ALTER TABLE SUserInterface.GridViewDefinitions
  DROP CONSTRAINT IF EXISTS FK_GridViewDefinitions_RowStatus
GO

IF @@ERROR<>0 OR @@TRANCOUNT=0 BEGIN IF @@TRANCOUNT>0 ROLLBACK SET NOEXEC ON END

--
-- Dropping constraints from [SCore].[EntityPropertyActions]
--
PRINT(N'Dropping constraints from [SCore].[EntityPropertyActions]')
GO
ALTER TABLE SCore.EntityPropertyActions
  DROP CONSTRAINT IF EXISTS FK_EntityPropertyActions_EntityProperties
GO

IF @@ERROR<>0 OR @@TRANCOUNT=0 BEGIN IF @@TRANCOUNT>0 ROLLBACK SET NOEXEC ON END

--
-- Dropping constraints from [SCore].[EntityPropertyDependants]
--
PRINT(N'Dropping constraints from [SCore].[EntityPropertyDependants]')
GO
ALTER TABLE SCore.EntityPropertyDependants
  DROP CONSTRAINT IF EXISTS FK_EntityPropertyDependants_EntityProperties
GO

IF @@ERROR<>0 OR @@TRANCOUNT=0 BEGIN IF @@TRANCOUNT>0 ROLLBACK SET NOEXEC ON END

--
-- Dropping constraints from [SCore].[EntityQueryParameters]
--
PRINT(N'Dropping constraints from [SCore].[EntityQueryParameters]')
GO
ALTER TABLE SCore.EntityQueryParameters
  DROP CONSTRAINT IF EXISTS FK_EntityQueryParameters_EntityProperties
GO

IF @@ERROR<>0 OR @@TRANCOUNT=0 BEGIN IF @@TRANCOUNT>0 ROLLBACK SET NOEXEC ON END

--
-- Dropping constraints from [SCore].[MergeDocumentItemIncludes]
--
PRINT(N'Dropping constraints from [SCore].[MergeDocumentItemIncludes]')
GO
ALTER TABLE SCore.MergeDocumentItemIncludes
  DROP CONSTRAINT IF EXISTS FK_MergeDocumentItemIncludes_EntityProperties
GO

IF @@ERROR<>0 OR @@TRANCOUNT=0 BEGIN IF @@TRANCOUNT>0 ROLLBACK SET NOEXEC ON END

--
-- Dropping constraints from [SCore].[RecordHistory]
--
PRINT(N'Dropping constraints from [SCore].[RecordHistory]')
GO
ALTER TABLE SCore.RecordHistory
  DROP CONSTRAINT IF EXISTS FK_RecordHistory_EntityPropertyID
GO

IF @@ERROR<>0 OR @@TRANCOUNT=0 BEGIN IF @@TRANCOUNT>0 ROLLBACK SET NOEXEC ON END

--
-- Dropping constraints from [SCore].[SynchronisationErrors]
--
PRINT(N'Dropping constraints from [SCore].[SynchronisationErrors]')
GO
ALTER TABLE SCore.SynchronisationErrors
  DROP CONSTRAINT IF EXISTS FK_SychronisationErrors_EntityPropertyID
GO

IF @@ERROR<>0 OR @@TRANCOUNT=0 BEGIN IF @@TRANCOUNT>0 ROLLBACK SET NOEXEC ON END

--
-- Dropping constraints from [SCore].[EntityPropertyGroups]
--
PRINT(N'Dropping constraints from [SCore].[EntityPropertyGroups]')
GO
ALTER TABLE SCore.EntityPropertyGroups
  DROP CONSTRAINT IF EXISTS FK_EntityPropertyGroups_LanguageLabels
GO

IF @@ERROR<>0 OR @@TRANCOUNT=0 BEGIN IF @@TRANCOUNT>0 ROLLBACK SET NOEXEC ON END

--
-- Dropping constraints from [SCore].[EntityTypes]
--
PRINT(N'Dropping constraints from [SCore].[EntityTypes]')
GO
ALTER TABLE SCore.EntityTypes
  DROP CONSTRAINT IF EXISTS FK_EntityTypes_LanguageLabels
GO

IF @@ERROR<>0 OR @@TRANCOUNT=0 BEGIN IF @@TRANCOUNT>0 ROLLBACK SET NOEXEC ON END

--
-- Dropping constraints from [SUserInterface].[ActionMenuItems]
--
PRINT(N'Dropping constraints from [SUserInterface].[ActionMenuItems]')
GO
ALTER TABLE SUserInterface.ActionMenuItems
  DROP CONSTRAINT IF EXISTS FK_ActionMenuItems_LanguageLabels
GO

IF @@ERROR<>0 OR @@TRANCOUNT=0 BEGIN IF @@TRANCOUNT>0 ROLLBACK SET NOEXEC ON END

--
-- Dropping constraints from [SUserInterface].[GridDefinitions]
--
PRINT(N'Dropping constraints from [SUserInterface].[GridDefinitions]')
GO
ALTER TABLE SUserInterface.GridDefinitions
  DROP CONSTRAINT IF EXISTS FK_GridDefinitions_LanguageLabelId
GO

IF @@ERROR<>0 OR @@TRANCOUNT=0 BEGIN IF @@TRANCOUNT>0 ROLLBACK SET NOEXEC ON END

--
-- Dropping constraints from [SUserInterface].[GridViewActions]
--
PRINT(N'Dropping constraints from [SUserInterface].[GridViewActions]')
GO
ALTER TABLE SUserInterface.GridViewActions
  DROP CONSTRAINT IF EXISTS FK_GridViewActions_LanguageLabelId
GO

IF @@ERROR<>0 OR @@TRANCOUNT=0 BEGIN IF @@TRANCOUNT>0 ROLLBACK SET NOEXEC ON END

--
-- Dropping constraints from [SUserInterface].[GridViewWidgetQueries]
--
PRINT(N'Dropping constraints from [SUserInterface].[GridViewWidgetQueries]')
GO
ALTER TABLE SUserInterface.GridViewWidgetQueries
  DROP CONSTRAINT IF EXISTS FK_GridViewWidgetQueries_LanguageLabels
GO

IF @@ERROR<>0 OR @@TRANCOUNT=0 BEGIN IF @@TRANCOUNT>0 ROLLBACK SET NOEXEC ON END

--
-- Dropping constraints from [SUserInterface].[MainMenuItems]
--
PRINT(N'Dropping constraints from [SUserInterface].[MainMenuItems]')
GO
ALTER TABLE SUserInterface.MainMenuItems
  DROP CONSTRAINT IF EXISTS FK_MainMenuItems_LanguageLabelId
GO

IF @@ERROR<>0 OR @@TRANCOUNT=0 BEGIN IF @@TRANCOUNT>0 ROLLBACK SET NOEXEC ON END

--
-- Dropping indexes and constraints from [SCore].[EntityProperties]
--
PRINT(N'Dropping indexes and constraints from [SCore].[EntityProperties]')
GO
DROP INDEX IF EXISTS IX_HobtProperties ON SCore.EntityProperties
GO
IF @@ERROR<>0 OR @@TRANCOUNT=0 BEGIN IF @@TRANCOUNT>0 ROLLBACK SET NOEXEC ON END
DROP INDEX IF EXISTS IX_UQ_EntityProperties_Guid ON SCore.EntityProperties
GO
IF @@ERROR<>0 OR @@TRANCOUNT=0 BEGIN IF @@TRANCOUNT>0 ROLLBACK SET NOEXEC ON END
DROP INDEX IF EXISTS IX_UQ_EntityProperties_Hobt_Name ON SCore.EntityProperties
GO

IF @@ERROR<>0 OR @@TRANCOUNT=0 BEGIN IF @@TRANCOUNT>0 ROLLBACK SET NOEXEC ON END

--
-- Dropping indexes and constraints from [SUserInterface].[GridViewColumnDefinitions]
--
PRINT(N'Dropping indexes and constraints from [SUserInterface].[GridViewColumnDefinitions]')
GO
DROP INDEX IF EXISTS IX_GridViewColumnDefinitions_GridView ON SUserInterface.GridViewColumnDefinitions
GO
IF @@ERROR<>0 OR @@TRANCOUNT=0 BEGIN IF @@TRANCOUNT>0 ROLLBACK SET NOEXEC ON END
DROP INDEX IF EXISTS IX_UQ_GridViewColumnDefinition_Guid ON SUserInterface.GridViewColumnDefinitions
GO
IF @@ERROR<>0 OR @@TRANCOUNT=0 BEGIN IF @@TRANCOUNT>0 ROLLBACK SET NOEXEC ON END
DROP INDEX IF EXISTS IX_UQ_GridViewColumndefinition_IsPrimaryKey ON SUserInterface.GridViewColumnDefinitions
GO

IF @@ERROR<>0 OR @@TRANCOUNT=0 BEGIN IF @@TRANCOUNT>0 ROLLBACK SET NOEXEC ON END

--
-- Dropping indexes and constraints from [SUserInterface].[GridViewDefinitions]
--
PRINT(N'Dropping indexes and constraints from [SUserInterface].[GridViewDefinitions]')
GO
DROP INDEX IF EXISTS IX_GridViewDefinitions_Metrics ON SUserInterface.GridViewDefinitions
GO
IF @@ERROR<>0 OR @@TRANCOUNT=0 BEGIN IF @@TRANCOUNT>0 ROLLBACK SET NOEXEC ON END
DROP INDEX IF EXISTS IX_GridViewDefinitions_Read ON SUserInterface.GridViewDefinitions
GO
IF @@ERROR<>0 OR @@TRANCOUNT=0 BEGIN IF @@TRANCOUNT>0 ROLLBACK SET NOEXEC ON END
DROP INDEX IF EXISTS IX_UQ_GridViewDefinition_Code ON SUserInterface.GridViewDefinitions
GO
IF @@ERROR<>0 OR @@TRANCOUNT=0 BEGIN IF @@TRANCOUNT>0 ROLLBACK SET NOEXEC ON END
DROP INDEX IF EXISTS IX_UQ_GridViewDefinition_Guid ON SUserInterface.GridViewDefinitions
GO
IF @@ERROR<>0 OR @@TRANCOUNT=0 BEGIN IF @@TRANCOUNT>0 ROLLBACK SET NOEXEC ON END
DROP INDEX IF EXISTS IX_UQ_GridViewDefinition_SortOrder ON SUserInterface.GridViewDefinitions
GO

IF @@ERROR<>0 OR @@TRANCOUNT=0 BEGIN IF @@TRANCOUNT>0 ROLLBACK SET NOEXEC ON END

--
-- Dropping constraints from [SCore].[EntityProperties]
--
PRINT(N'Dropping constraints from [SCore].[EntityProperties]')
GO
ALTER TABLE SCore.EntityProperties
  DROP CONSTRAINT IF EXISTS DEFAULT_EntityProperties_IsObjectLabel
ALTER TABLE SCore.EntityProperties
  DROP CONSTRAINT IF EXISTS DEFAULT_EntityProperties_IsParentRelationship
ALTER TABLE SCore.EntityProperties
  DROP CONSTRAINT IF EXISTS DF_EntityProperties_AllowBulkChange
ALTER TABLE SCore.EntityProperties
  DROP CONSTRAINT IF EXISTS DF_EntityProperties_DoNotTrackChanges
ALTER TABLE SCore.EntityProperties
  DROP CONSTRAINT IF EXISTS DF_EntityProperties_DropDownListDefinitionID
ALTER TABLE SCore.EntityProperties
  DROP CONSTRAINT IF EXISTS DF_EntityProperties_EntityDateTypeID
ALTER TABLE SCore.EntityProperties
  DROP CONSTRAINT IF EXISTS DF_EntityProperties_EntityHoBTID
ALTER TABLE SCore.EntityProperties
  DROP CONSTRAINT IF EXISTS DF_EntityProperties_EntityPropertyGroupID
ALTER TABLE SCore.EntityProperties
  DROP CONSTRAINT IF EXISTS DF_EntityProperties_FixDefaultValue
ALTER TABLE SCore.EntityProperties
  DROP CONSTRAINT IF EXISTS DF_EntityProperties_GroupSortOrder
ALTER TABLE SCore.EntityProperties
  DROP CONSTRAINT IF EXISTS DF_EntityProperties_Guid
ALTER TABLE SCore.EntityProperties
  DROP CONSTRAINT IF EXISTS DF_EntityProperties_IsAlwaysVisibleInGroup
ALTER TABLE SCore.EntityProperties
  DROP CONSTRAINT IF EXISTS DF_EntityProperties_IsAlwaysVisibleInGroup_Mobile
ALTER TABLE SCore.EntityProperties
  DROP CONSTRAINT IF EXISTS DF_EntityProperties_IsCompulsory
ALTER TABLE SCore.EntityProperties
  DROP CONSTRAINT IF EXISTS DF_EntityProperties_IsHidden
ALTER TABLE SCore.EntityProperties
  DROP CONSTRAINT IF EXISTS DF_EntityProperties_IsImmutable
ALTER TABLE SCore.EntityProperties
  DROP CONSTRAINT IF EXISTS DF_EntityProperties_IsIncludedInformation
ALTER TABLE SCore.EntityProperties
  DROP CONSTRAINT IF EXISTS DF_EntityProperties_IsLatitude
ALTER TABLE SCore.EntityProperties
  DROP CONSTRAINT IF EXISTS DF_EntityProperties_IsLongitude
ALTER TABLE SCore.EntityProperties
  DROP CONSTRAINT IF EXISTS DF_EntityProperties_IsReadOnly
ALTER TABLE SCore.EntityProperties
  DROP CONSTRAINT IF EXISTS DF_EntityProperties_IsUppercase
ALTER TABLE SCore.EntityProperties
  DROP CONSTRAINT IF EXISTS DF_EntityProperties_IsVirtual
ALTER TABLE SCore.EntityProperties
  DROP CONSTRAINT IF EXISTS DF_EntityProperties_LanguageLabelID
ALTER TABLE SCore.EntityProperties
  DROP CONSTRAINT IF EXISTS DF_EntityProperties_MaxLength
ALTER TABLE SCore.EntityProperties
  DROP CONSTRAINT IF EXISTS DF_EntityProperties_Name
ALTER TABLE SCore.EntityProperties
  DROP CONSTRAINT IF EXISTS DF_EntityProperties_Precision
ALTER TABLE SCore.EntityProperties
  DROP CONSTRAINT IF EXISTS DF_EntityProperties_RowStatus
ALTER TABLE SCore.EntityProperties
  DROP CONSTRAINT IF EXISTS DF_EntityProperties_Scale
ALTER TABLE SCore.EntityProperties
  DROP CONSTRAINT IF EXISTS DF_EntityProperties_ShowOnMobile
ALTER TABLE SCore.EntityProperties
  DROP CONSTRAINT IF EXISTS DF_EntityProperties_SortOrder
ALTER TABLE SCore.EntityProperties
  DROP CONSTRAINT IF EXISTS DF_EntityProperties_SqlDefaultValueScript
GO

IF @@ERROR<>0 OR @@TRANCOUNT=0 BEGIN IF @@TRANCOUNT>0 ROLLBACK SET NOEXEC ON END

--
-- Dropping constraints from [SCore].[LanguageLabels]
--
PRINT(N'Dropping constraints from [SCore].[LanguageLabels]')
GO
ALTER TABLE SCore.LanguageLabels
  DROP CONSTRAINT IF EXISTS DF_LanguageLabels_Guid
ALTER TABLE SCore.LanguageLabels
  DROP CONSTRAINT IF EXISTS DF_LanguageLabels_Name
ALTER TABLE SCore.LanguageLabels
  DROP CONSTRAINT IF EXISTS DF_LanguageLabels_RowStatus
GO

IF @@ERROR<>0 OR @@TRANCOUNT=0 BEGIN IF @@TRANCOUNT>0 ROLLBACK SET NOEXEC ON END

--
-- Dropping constraints from [SCore].[LanguageLabelTranslations]
--
PRINT(N'Dropping constraints from [SCore].[LanguageLabelTranslations]')
GO
ALTER TABLE SCore.LanguageLabelTranslations
  DROP CONSTRAINT IF EXISTS DF_LanguageLabelTranslations_Guid
ALTER TABLE SCore.LanguageLabelTranslations
  DROP CONSTRAINT IF EXISTS DF_LanguageLabelTranslations_HelpText
ALTER TABLE SCore.LanguageLabelTranslations
  DROP CONSTRAINT IF EXISTS DF_LanguageLabelTranslations_LanguageID
ALTER TABLE SCore.LanguageLabelTranslations
  DROP CONSTRAINT IF EXISTS DF_LanguageLabelTranslations_LanguageLabelID
ALTER TABLE SCore.LanguageLabelTranslations
  DROP CONSTRAINT IF EXISTS DF_LanguageLabelTranslations_RowStatus
ALTER TABLE SCore.LanguageLabelTranslations
  DROP CONSTRAINT IF EXISTS DF_LanguageLabelTranslations_Text
ALTER TABLE SCore.LanguageLabelTranslations
  DROP CONSTRAINT IF EXISTS DF_LanguageLabelTranslations_TextPlural
GO

IF @@ERROR<>0 OR @@TRANCOUNT=0 BEGIN IF @@TRANCOUNT>0 ROLLBACK SET NOEXEC ON END

--
-- Dropping constraints from [SUserInterface].[GridViewColumnDefinitions]
--
PRINT(N'Dropping constraints from [SUserInterface].[GridViewColumnDefinitions]')
GO
ALTER TABLE SUserInterface.GridViewColumnDefinitions
  DROP CONSTRAINT IF EXISTS DEFAULT_GridViewColumnDefinitions_Guid
ALTER TABLE SUserInterface.GridViewColumnDefinitions
  DROP CONSTRAINT IF EXISTS DEFAULT_GridViewColumnDefinitions_IsLatitude
ALTER TABLE SUserInterface.GridViewColumnDefinitions
  DROP CONSTRAINT IF EXISTS DEFAULT_GridViewColumnDefinitions_IsLongitude
ALTER TABLE SUserInterface.GridViewColumnDefinitions
  DROP CONSTRAINT IF EXISTS DF__GridViewC__Langu__21F4979B
ALTER TABLE SUserInterface.GridViewColumnDefinitions
  DROP CONSTRAINT IF EXISTS DF__GridViewC__TopHe__47C14215
ALTER TABLE SUserInterface.GridViewColumnDefinitions
  DROP CONSTRAINT IF EXISTS DF__GridViewC__TopHe__48B5664E
ALTER TABLE SUserInterface.GridViewColumnDefinitions
  DROP CONSTRAINT IF EXISTS DF_GridViewColumnDefinition_GridViewDefinitionId
ALTER TABLE SUserInterface.GridViewColumnDefinitions
  DROP CONSTRAINT IF EXISTS DF_GridViewColumnDefinition_IsCombo
ALTER TABLE SUserInterface.GridViewColumnDefinitions
  DROP CONSTRAINT IF EXISTS DF_GridViewColumnDefinition_IsFiltered
ALTER TABLE SUserInterface.GridViewColumnDefinitions
  DROP CONSTRAINT IF EXISTS DF_GridViewColumnDefinition_IsHidden
ALTER TABLE SUserInterface.GridViewColumnDefinitions
  DROP CONSTRAINT IF EXISTS DF_GridViewColumnDefinition_IsPrimaryKey
ALTER TABLE SUserInterface.GridViewColumnDefinitions
  DROP CONSTRAINT IF EXISTS DF_GridViewColumnDefinition_Name
ALTER TABLE SUserInterface.GridViewColumnDefinitions
  DROP CONSTRAINT IF EXISTS DF_GridViewColumnDefinition_order
ALTER TABLE SUserInterface.GridViewColumnDefinitions
  DROP CONSTRAINT IF EXISTS DF_GridViewColumnDefinition_RowStatus
ALTER TABLE SUserInterface.GridViewColumnDefinitions
  DROP CONSTRAINT IF EXISTS DF_GridViewColumnDefinitions_DisplayFormat
ALTER TABLE SUserInterface.GridViewColumnDefinitions
  DROP CONSTRAINT IF EXISTS DF_GridViewColumnDefinitions_Width
GO

IF @@ERROR<>0 OR @@TRANCOUNT=0 BEGIN IF @@TRANCOUNT>0 ROLLBACK SET NOEXEC ON END

--
-- Dropping constraints from [SUserInterface].[GridViewDefinitions]
--
PRINT(N'Dropping constraints from [SUserInterface].[GridViewDefinitions]')
GO
ALTER TABLE SUserInterface.GridViewDefinitions
  DROP CONSTRAINT IF EXISTS DEFAULT_GridViewDefinitions_Guid
ALTER TABLE SUserInterface.GridViewDefinitions
  DROP CONSTRAINT IF EXISTS DEFAULT_GridViewDefinitions_IsDetailWindowed
ALTER TABLE SUserInterface.GridViewDefinitions
  DROP CONSTRAINT IF EXISTS DEFAULT_GridViewDefinitions_MetricEndAngle
ALTER TABLE SUserInterface.GridViewDefinitions
  DROP CONSTRAINT IF EXISTS DEFAULT_GridViewDefinitions_MetricMajorUnit
ALTER TABLE SUserInterface.GridViewDefinitions
  DROP CONSTRAINT IF EXISTS DEFAULT_GridViewDefinitions_MetricMax
ALTER TABLE SUserInterface.GridViewDefinitions
  DROP CONSTRAINT IF EXISTS DEFAULT_GridViewDefinitions_MetricMin
ALTER TABLE SUserInterface.GridViewDefinitions
  DROP CONSTRAINT IF EXISTS DEFAULT_GridViewDefinitions_MetricMinorUnit
ALTER TABLE SUserInterface.GridViewDefinitions
  DROP CONSTRAINT IF EXISTS DEFAULT_GridViewDefinitions_MetricRange1ColourHex
ALTER TABLE SUserInterface.GridViewDefinitions
  DROP CONSTRAINT IF EXISTS DEFAULT_GridViewDefinitions_MetricRange1Max
ALTER TABLE SUserInterface.GridViewDefinitions
  DROP CONSTRAINT IF EXISTS DEFAULT_GridViewDefinitions_MetricRange1Min
ALTER TABLE SUserInterface.GridViewDefinitions
  DROP CONSTRAINT IF EXISTS DEFAULT_GridViewDefinitions_MetricRange2ColourHex
ALTER TABLE SUserInterface.GridViewDefinitions
  DROP CONSTRAINT IF EXISTS DEFAULT_GridViewDefinitions_MetricRange2Max
ALTER TABLE SUserInterface.GridViewDefinitions
  DROP CONSTRAINT IF EXISTS DEFAULT_GridViewDefinitions_MetricRange2Min
ALTER TABLE SUserInterface.GridViewDefinitions
  DROP CONSTRAINT IF EXISTS DEFAULT_GridViewDefinitions_MetricReversed
ALTER TABLE SUserInterface.GridViewDefinitions
  DROP CONSTRAINT IF EXISTS DEFAULT_GridViewDefinitions_MetricStartAngle
ALTER TABLE SUserInterface.GridViewDefinitions
  DROP CONSTRAINT IF EXISTS DEFAULT_GridViewDefinitions_MetricTypeID
ALTER TABLE SUserInterface.GridViewDefinitions
  DROP CONSTRAINT IF EXISTS DEFAULT_GridViewDefinitions_ShowMetric
ALTER TABLE SUserInterface.GridViewDefinitions
  DROP CONSTRAINT IF EXISTS DF__GridViewD__Filte__77E32648
ALTER TABLE SUserInterface.GridViewDefinitions
  DROP CONSTRAINT IF EXISTS DF__GridViewD__Filte__78D74A81
ALTER TABLE SUserInterface.GridViewDefinitions
  DROP CONSTRAINT IF EXISTS DF__GridViewD__Filte__79CB6EBA
ALTER TABLE SUserInterface.GridViewDefinitions
  DROP CONSTRAINT IF EXISTS DF__GridViewD__Filte__7ABF92F3
ALTER TABLE SUserInterface.GridViewDefinitions
  DROP CONSTRAINT IF EXISTS DF__GridViewD__Filte__7BB3B72C
ALTER TABLE SUserInterface.GridViewDefinitions
  DROP CONSTRAINT IF EXISTS DF_GridViewColumnDefinitions_TreeListFirstOrderBy
ALTER TABLE SUserInterface.GridViewDefinitions
  DROP CONSTRAINT IF EXISTS DF_GridViewColumnDefinitions_TreeListGroupBy
ALTER TABLE SUserInterface.GridViewDefinitions
  DROP CONSTRAINT IF EXISTS DF_GridViewColumnDefinitions_TreeListOrderBy
ALTER TABLE SUserInterface.GridViewDefinitions
  DROP CONSTRAINT IF EXISTS DF_GridViewColumnDefinitions_TreeListSecondOrderBy
ALTER TABLE SUserInterface.GridViewDefinitions
  DROP CONSTRAINT IF EXISTS DF_GridViewColumnDefinitions_TreeListThirdOrderBy
ALTER TABLE SUserInterface.GridViewDefinitions
  DROP CONSTRAINT IF EXISTS DF_GridViewDefinition_Code
ALTER TABLE SUserInterface.GridViewDefinitions
  DROP CONSTRAINT IF EXISTS DF_GridViewDefinition_DefaultSortColumnName
ALTER TABLE SUserInterface.GridViewDefinitions
  DROP CONSTRAINT IF EXISTS DF_GridViewDefinition_DetailPageUri
ALTER TABLE SUserInterface.GridViewDefinitions
  DROP CONSTRAINT IF EXISTS DF_GridViewDefinition_DisplayGroupName
ALTER TABLE SUserInterface.GridViewDefinitions
  DROP CONSTRAINT IF EXISTS DF_GridViewDefinition_DisplayOrder
ALTER TABLE SUserInterface.GridViewDefinitions
  DROP CONSTRAINT IF EXISTS DF_GridViewDefinition_GridDefinitionId
ALTER TABLE SUserInterface.GridViewDefinitions
  DROP CONSTRAINT IF EXISTS DF_GridViewDefinition_RowStatus
ALTER TABLE SUserInterface.GridViewDefinitions
  DROP CONSTRAINT IF EXISTS DF_GridViewDefinition_SecurableCode
ALTER TABLE SUserInterface.GridViewDefinitions
  DROP CONSTRAINT IF EXISTS DF_GridViewDefinition_SqlQuery
ALTER TABLE SUserInterface.GridViewDefinitions
  DROP CONSTRAINT IF EXISTS DF_GridViewDefinition_TileSqlQuery
ALTER TABLE SUserInterface.GridViewDefinitions
  DROP CONSTRAINT IF EXISTS DF_GridViewDefinitions_AllowBulkChange
ALTER TABLE SUserInterface.GridViewDefinitions
  DROP CONSTRAINT IF EXISTS DF_GridViewDefinitions_AllowCsvExport
ALTER TABLE SUserInterface.GridViewDefinitions
  DROP CONSTRAINT IF EXISTS DF_GridViewDefinitions_AllowExcelExport
ALTER TABLE SUserInterface.GridViewDefinitions
  DROP CONSTRAINT IF EXISTS DF_GridViewDefinitions_AllowNew
ALTER TABLE SUserInterface.GridViewDefinitions
  DROP CONSTRAINT IF EXISTS DF_GridViewDefinitions_AllowPdfExport
ALTER TABLE SUserInterface.GridViewDefinitions
  DROP CONSTRAINT IF EXISTS DF_GridViewDefinitions_DrawIconId
ALTER TABLE SUserInterface.GridViewDefinitions
  DROP CONSTRAINT IF EXISTS DF_GridViewDefinitions_EntityTypeID
ALTER TABLE SUserInterface.GridViewDefinitions
  DROP CONSTRAINT IF EXISTS DF_GridViewDefinitions_GridViewTypeId
ALTER TABLE SUserInterface.GridViewDefinitions
  DROP CONSTRAINT IF EXISTS DF_GridViewDefinitions_IsDefaultSortDescending
ALTER TABLE SUserInterface.GridViewDefinitions
  DROP CONSTRAINT IF EXISTS DF_GridViewDefinitions_IsMobile
ALTER TABLE SUserInterface.GridViewDefinitions
  DROP CONSTRAINT IF EXISTS DF_GridViewDefinitions_LanguageLabelId
ALTER TABLE SUserInterface.GridViewDefinitions
  DROP CONSTRAINT IF EXISTS DF_GridViewDefinitions_ShowOnDashboard
GO

IF @@ERROR<>0 OR @@TRANCOUNT=0 BEGIN IF @@TRANCOUNT>0 ROLLBACK SET NOEXEC ON END

--
-- Dropping not null constraints from [SCore].[EntityProperties]
--
PRINT(N'Dropping not null constraints from [SCore].[EntityProperties]')
GO
ALTER TABLE SCore.EntityProperties
  ALTER
    COLUMN RowStatus tinyint
GO
IF @@ERROR<>0 OR @@TRANCOUNT=0 BEGIN IF @@TRANCOUNT>0 ROLLBACK SET NOEXEC ON END
--ALTER TABLE SCore.EntityProperties
--  ALTER
--    COLUMN RowVersion timestamp
--GO
--IF @@ERROR<>0 OR @@TRANCOUNT=0 BEGIN IF @@TRANCOUNT>0 ROLLBACK SET NOEXEC ON END
ALTER TABLE SCore.EntityProperties
  ALTER
    COLUMN Guid DROP ROWGUIDCOL
ALTER TABLE SCore.EntityProperties
  ALTER
    COLUMN Guid uniqueidentifier
GO
IF @@ERROR<>0 OR @@TRANCOUNT=0 BEGIN IF @@TRANCOUNT>0 ROLLBACK SET NOEXEC ON END
ALTER TABLE SCore.EntityProperties
  ALTER
    COLUMN Name nvarchar(250)
GO
IF @@ERROR<>0 OR @@TRANCOUNT=0 BEGIN IF @@TRANCOUNT>0 ROLLBACK SET NOEXEC ON END
ALTER TABLE SCore.EntityProperties
  ALTER
    COLUMN LanguageLabelID int
GO
IF @@ERROR<>0 OR @@TRANCOUNT=0 BEGIN IF @@TRANCOUNT>0 ROLLBACK SET NOEXEC ON END
ALTER TABLE SCore.EntityProperties
  ALTER
    COLUMN EntityHoBTID int
GO
IF @@ERROR<>0 OR @@TRANCOUNT=0 BEGIN IF @@TRANCOUNT>0 ROLLBACK SET NOEXEC ON END
ALTER TABLE SCore.EntityProperties
  ALTER
    COLUMN EntityDataTypeID int
GO
IF @@ERROR<>0 OR @@TRANCOUNT=0 BEGIN IF @@TRANCOUNT>0 ROLLBACK SET NOEXEC ON END
ALTER TABLE SCore.EntityProperties
  ALTER
    COLUMN IsReadOnly bit
GO
IF @@ERROR<>0 OR @@TRANCOUNT=0 BEGIN IF @@TRANCOUNT>0 ROLLBACK SET NOEXEC ON END
ALTER TABLE SCore.EntityProperties
  ALTER
    COLUMN IsImmutable bit
GO
IF @@ERROR<>0 OR @@TRANCOUNT=0 BEGIN IF @@TRANCOUNT>0 ROLLBACK SET NOEXEC ON END
ALTER TABLE SCore.EntityProperties
  ALTER
    COLUMN IsUppercase bit
GO
IF @@ERROR<>0 OR @@TRANCOUNT=0 BEGIN IF @@TRANCOUNT>0 ROLLBACK SET NOEXEC ON END
ALTER TABLE SCore.EntityProperties
  ALTER
    COLUMN IsHidden bit
GO
IF @@ERROR<>0 OR @@TRANCOUNT=0 BEGIN IF @@TRANCOUNT>0 ROLLBACK SET NOEXEC ON END
ALTER TABLE SCore.EntityProperties
  ALTER
    COLUMN IsCompulsory bit
GO
IF @@ERROR<>0 OR @@TRANCOUNT=0 BEGIN IF @@TRANCOUNT>0 ROLLBACK SET NOEXEC ON END
ALTER TABLE SCore.EntityProperties
  ALTER
    COLUMN MaxLength int
GO
IF @@ERROR<>0 OR @@TRANCOUNT=0 BEGIN IF @@TRANCOUNT>0 ROLLBACK SET NOEXEC ON END
ALTER TABLE SCore.EntityProperties
  ALTER
    COLUMN Precision int
GO
IF @@ERROR<>0 OR @@TRANCOUNT=0 BEGIN IF @@TRANCOUNT>0 ROLLBACK SET NOEXEC ON END
ALTER TABLE SCore.EntityProperties
  ALTER
    COLUMN Scale int
GO
IF @@ERROR<>0 OR @@TRANCOUNT=0 BEGIN IF @@TRANCOUNT>0 ROLLBACK SET NOEXEC ON END
ALTER TABLE SCore.EntityProperties
  ALTER
    COLUMN DoNotTrackChanges bit
GO
IF @@ERROR<>0 OR @@TRANCOUNT=0 BEGIN IF @@TRANCOUNT>0 ROLLBACK SET NOEXEC ON END
ALTER TABLE SCore.EntityProperties
  ALTER
    COLUMN EntityPropertyGroupID int
GO
IF @@ERROR<>0 OR @@TRANCOUNT=0 BEGIN IF @@TRANCOUNT>0 ROLLBACK SET NOEXEC ON END
ALTER TABLE SCore.EntityProperties
  ALTER
    COLUMN SortOrder smallint
GO
IF @@ERROR<>0 OR @@TRANCOUNT=0 BEGIN IF @@TRANCOUNT>0 ROLLBACK SET NOEXEC ON END
ALTER TABLE SCore.EntityProperties
  ALTER
    COLUMN GroupSortOrder smallint
GO
IF @@ERROR<>0 OR @@TRANCOUNT=0 BEGIN IF @@TRANCOUNT>0 ROLLBACK SET NOEXEC ON END
ALTER TABLE SCore.EntityProperties
  ALTER
    COLUMN IsObjectLabel bit
GO
IF @@ERROR<>0 OR @@TRANCOUNT=0 BEGIN IF @@TRANCOUNT>0 ROLLBACK SET NOEXEC ON END
ALTER TABLE SCore.EntityProperties
  ALTER
    COLUMN DropDownListDefinitionID int
GO
IF @@ERROR<>0 OR @@TRANCOUNT=0 BEGIN IF @@TRANCOUNT>0 ROLLBACK SET NOEXEC ON END
ALTER TABLE SCore.EntityProperties
  ALTER
    COLUMN IsParentRelationship bit
GO
IF @@ERROR<>0 OR @@TRANCOUNT=0 BEGIN IF @@TRANCOUNT>0 ROLLBACK SET NOEXEC ON END
ALTER TABLE SCore.EntityProperties
  ALTER
    COLUMN IsLongitude bit
GO
IF @@ERROR<>0 OR @@TRANCOUNT=0 BEGIN IF @@TRANCOUNT>0 ROLLBACK SET NOEXEC ON END
ALTER TABLE SCore.EntityProperties
  ALTER
    COLUMN IsLatitude bit
GO
IF @@ERROR<>0 OR @@TRANCOUNT=0 BEGIN IF @@TRANCOUNT>0 ROLLBACK SET NOEXEC ON END
ALTER TABLE SCore.EntityProperties
  ALTER
    COLUMN IsIncludedInformation bit
GO
IF @@ERROR<>0 OR @@TRANCOUNT=0 BEGIN IF @@TRANCOUNT>0 ROLLBACK SET NOEXEC ON END
ALTER TABLE SCore.EntityProperties
  ALTER
    COLUMN FixedDefaultValue nvarchar(50)
GO
IF @@ERROR<>0 OR @@TRANCOUNT=0 BEGIN IF @@TRANCOUNT>0 ROLLBACK SET NOEXEC ON END
ALTER TABLE SCore.EntityProperties
  ALTER
    COLUMN SqlDefaultValueStatement nvarchar(4000)
GO
IF @@ERROR<>0 OR @@TRANCOUNT=0 BEGIN IF @@TRANCOUNT>0 ROLLBACK SET NOEXEC ON END
ALTER TABLE SCore.EntityProperties
  ALTER
    COLUMN AllowBulkChange bit
GO
IF @@ERROR<>0 OR @@TRANCOUNT=0 BEGIN IF @@TRANCOUNT>0 ROLLBACK SET NOEXEC ON END
ALTER TABLE SCore.EntityProperties
  ALTER
    COLUMN IsVirtual bit
GO
IF @@ERROR<>0 OR @@TRANCOUNT=0 BEGIN IF @@TRANCOUNT>0 ROLLBACK SET NOEXEC ON END
ALTER TABLE SCore.EntityProperties
  ALTER
    COLUMN ShowOnMobile bit
GO
IF @@ERROR<>0 OR @@TRANCOUNT=0 BEGIN IF @@TRANCOUNT>0 ROLLBACK SET NOEXEC ON END
ALTER TABLE SCore.EntityProperties
  ALTER
    COLUMN IsAlwaysVisibleInGroup bit
GO
IF @@ERROR<>0 OR @@TRANCOUNT=0 BEGIN IF @@TRANCOUNT>0 ROLLBACK SET NOEXEC ON END
ALTER TABLE SCore.EntityProperties
  ALTER
    COLUMN IsAlwaysVisibleInGroup_Mobile bit
GO

IF @@ERROR<>0 OR @@TRANCOUNT=0 BEGIN IF @@TRANCOUNT>0 ROLLBACK SET NOEXEC ON END

--
-- Dropping not null constraints from [SCore].[LanguageLabels]
--
PRINT(N'Dropping not null constraints from [SCore].[LanguageLabels]')
GO
ALTER TABLE SCore.LanguageLabels
  ALTER
    COLUMN RowStatus tinyint
GO
IF @@ERROR<>0 OR @@TRANCOUNT=0 BEGIN IF @@TRANCOUNT>0 ROLLBACK SET NOEXEC ON END
--ALTER TABLE SCore.LanguageLabels
--  ALTER
--    COLUMN RowVersion timestamp
--GO
--IF @@ERROR<>0 OR @@TRANCOUNT=0 BEGIN IF @@TRANCOUNT>0 ROLLBACK SET NOEXEC ON END
ALTER TABLE SCore.LanguageLabels
  ALTER
    COLUMN Guid DROP ROWGUIDCOL
ALTER TABLE SCore.LanguageLabels
  ALTER
    COLUMN Guid uniqueidentifier
GO
IF @@ERROR<>0 OR @@TRANCOUNT=0 BEGIN IF @@TRANCOUNT>0 ROLLBACK SET NOEXEC ON END
ALTER TABLE SCore.LanguageLabels
  ALTER
    COLUMN Name nvarchar(250)
GO

IF @@ERROR<>0 OR @@TRANCOUNT=0 BEGIN IF @@TRANCOUNT>0 ROLLBACK SET NOEXEC ON END

--
-- Dropping not null constraints from [SCore].[LanguageLabelTranslations]
--
PRINT(N'Dropping not null constraints from [SCore].[LanguageLabelTranslations]')
GO
ALTER TABLE SCore.LanguageLabelTranslations
  ALTER
    COLUMN RowStatus tinyint
GO
IF @@ERROR<>0 OR @@TRANCOUNT=0 BEGIN IF @@TRANCOUNT>0 ROLLBACK SET NOEXEC ON END
--ALTER TABLE SCore.LanguageLabelTranslations
--  ALTER
--    COLUMN RowVersion timestamp
--GO
--IF @@ERROR<>0 OR @@TRANCOUNT=0 BEGIN IF @@TRANCOUNT>0 ROLLBACK SET NOEXEC ON END
ALTER TABLE SCore.LanguageLabelTranslations
  ALTER
    COLUMN Guid DROP ROWGUIDCOL
ALTER TABLE SCore.LanguageLabelTranslations
  ALTER
    COLUMN Guid uniqueidentifier
GO
IF @@ERROR<>0 OR @@TRANCOUNT=0 BEGIN IF @@TRANCOUNT>0 ROLLBACK SET NOEXEC ON END
ALTER TABLE SCore.LanguageLabelTranslations
  ALTER
    COLUMN Text nvarchar(250)
GO
IF @@ERROR<>0 OR @@TRANCOUNT=0 BEGIN IF @@TRANCOUNT>0 ROLLBACK SET NOEXEC ON END
ALTER TABLE SCore.LanguageLabelTranslations
  ALTER
    COLUMN TextPlural nvarchar(250)
GO
IF @@ERROR<>0 OR @@TRANCOUNT=0 BEGIN IF @@TRANCOUNT>0 ROLLBACK SET NOEXEC ON END
ALTER TABLE SCore.LanguageLabelTranslations
  ALTER
    COLUMN LanguageLabelID int
GO
IF @@ERROR<>0 OR @@TRANCOUNT=0 BEGIN IF @@TRANCOUNT>0 ROLLBACK SET NOEXEC ON END
ALTER TABLE SCore.LanguageLabelTranslations
  ALTER
    COLUMN LanguageID int
GO
IF @@ERROR<>0 OR @@TRANCOUNT=0 BEGIN IF @@TRANCOUNT>0 ROLLBACK SET NOEXEC ON END
ALTER TABLE SCore.LanguageLabelTranslations
  ALTER
    COLUMN HelpText nvarchar(max)
GO

IF @@ERROR<>0 OR @@TRANCOUNT=0 BEGIN IF @@TRANCOUNT>0 ROLLBACK SET NOEXEC ON END

--
-- Dropping not null constraints from [SUserInterface].[GridViewColumnDefinitions]
--
PRINT(N'Dropping not null constraints from [SUserInterface].[GridViewColumnDefinitions]')
GO
ALTER TABLE SUserInterface.GridViewColumnDefinitions
  ALTER
    COLUMN RowStatus tinyint
GO
IF @@ERROR<>0 OR @@TRANCOUNT=0 BEGIN IF @@TRANCOUNT>0 ROLLBACK SET NOEXEC ON END
--ALTER TABLE SUserInterface.GridViewColumnDefinitions
--  ALTER
--    COLUMN RowVersion timestamp
--GO
--IF @@ERROR<>0 OR @@TRANCOUNT=0 BEGIN IF @@TRANCOUNT>0 ROLLBACK SET NOEXEC ON END
ALTER TABLE SUserInterface.GridViewColumnDefinitions
  ALTER
    COLUMN Guid DROP ROWGUIDCOL
ALTER TABLE SUserInterface.GridViewColumnDefinitions
  ALTER
    COLUMN Guid uniqueidentifier
GO
IF @@ERROR<>0 OR @@TRANCOUNT=0 BEGIN IF @@TRANCOUNT>0 ROLLBACK SET NOEXEC ON END
ALTER TABLE SUserInterface.GridViewColumnDefinitions
  ALTER
    COLUMN Name nvarchar(100)
GO
IF @@ERROR<>0 OR @@TRANCOUNT=0 BEGIN IF @@TRANCOUNT>0 ROLLBACK SET NOEXEC ON END
ALTER TABLE SUserInterface.GridViewColumnDefinitions
  ALTER
    COLUMN ColumnOrder int
GO
IF @@ERROR<>0 OR @@TRANCOUNT=0 BEGIN IF @@TRANCOUNT>0 ROLLBACK SET NOEXEC ON END
ALTER TABLE SUserInterface.GridViewColumnDefinitions
  ALTER
    COLUMN GridViewDefinitionId int
GO
IF @@ERROR<>0 OR @@TRANCOUNT=0 BEGIN IF @@TRANCOUNT>0 ROLLBACK SET NOEXEC ON END
ALTER TABLE SUserInterface.GridViewColumnDefinitions
  ALTER
    COLUMN IsPrimaryKey bit
GO
IF @@ERROR<>0 OR @@TRANCOUNT=0 BEGIN IF @@TRANCOUNT>0 ROLLBACK SET NOEXEC ON END
ALTER TABLE SUserInterface.GridViewColumnDefinitions
  ALTER
    COLUMN IsHidden bit
GO
IF @@ERROR<>0 OR @@TRANCOUNT=0 BEGIN IF @@TRANCOUNT>0 ROLLBACK SET NOEXEC ON END
ALTER TABLE SUserInterface.GridViewColumnDefinitions
  ALTER
    COLUMN IsFiltered bit
GO
IF @@ERROR<>0 OR @@TRANCOUNT=0 BEGIN IF @@TRANCOUNT>0 ROLLBACK SET NOEXEC ON END
ALTER TABLE SUserInterface.GridViewColumnDefinitions
  ALTER
    COLUMN IsCombo bit
GO
IF @@ERROR<>0 OR @@TRANCOUNT=0 BEGIN IF @@TRANCOUNT>0 ROLLBACK SET NOEXEC ON END
ALTER TABLE SUserInterface.GridViewColumnDefinitions
  ALTER
    COLUMN IsLongitude bit
GO
IF @@ERROR<>0 OR @@TRANCOUNT=0 BEGIN IF @@TRANCOUNT>0 ROLLBACK SET NOEXEC ON END
ALTER TABLE SUserInterface.GridViewColumnDefinitions
  ALTER
    COLUMN IsLatitude bit
GO
IF @@ERROR<>0 OR @@TRANCOUNT=0 BEGIN IF @@TRANCOUNT>0 ROLLBACK SET NOEXEC ON END
ALTER TABLE SUserInterface.GridViewColumnDefinitions
  ALTER
    COLUMN DisplayFormat nvarchar(50)
GO
IF @@ERROR<>0 OR @@TRANCOUNT=0 BEGIN IF @@TRANCOUNT>0 ROLLBACK SET NOEXEC ON END
ALTER TABLE SUserInterface.GridViewColumnDefinitions
  ALTER
    COLUMN Width nvarchar(10)
GO
IF @@ERROR<>0 OR @@TRANCOUNT=0 BEGIN IF @@TRANCOUNT>0 ROLLBACK SET NOEXEC ON END
ALTER TABLE SUserInterface.GridViewColumnDefinitions
  ALTER
    COLUMN LanguageLabelId int
GO
IF @@ERROR<>0 OR @@TRANCOUNT=0 BEGIN IF @@TRANCOUNT>0 ROLLBACK SET NOEXEC ON END
ALTER TABLE SUserInterface.GridViewColumnDefinitions
  ALTER
    COLUMN TopHeaderCategory nvarchar(50)
GO
IF @@ERROR<>0 OR @@TRANCOUNT=0 BEGIN IF @@TRANCOUNT>0 ROLLBACK SET NOEXEC ON END
ALTER TABLE SUserInterface.GridViewColumnDefinitions
  ALTER
    COLUMN TopHeaderCategoryOrder int
GO

IF @@ERROR<>0 OR @@TRANCOUNT=0 BEGIN IF @@TRANCOUNT>0 ROLLBACK SET NOEXEC ON END

--
-- Dropping not null constraints from [SUserInterface].[GridViewDefinitions]
--
PRINT(N'Dropping not null constraints from [SUserInterface].[GridViewDefinitions]')
GO
ALTER TABLE SUserInterface.GridViewDefinitions
  ALTER
    COLUMN RowStatus tinyint
GO
IF @@ERROR<>0 OR @@TRANCOUNT=0 BEGIN IF @@TRANCOUNT>0 ROLLBACK SET NOEXEC ON END
--ALTER TABLE SUserInterface.GridViewDefinitions
--  ALTER
--    COLUMN RowVersion timestamp
--GO
--IF @@ERROR<>0 OR @@TRANCOUNT=0 BEGIN IF @@TRANCOUNT>0 ROLLBACK SET NOEXEC ON END
ALTER TABLE SUserInterface.GridViewDefinitions
  ALTER
    COLUMN Guid DROP ROWGUIDCOL
ALTER TABLE SUserInterface.GridViewDefinitions
  ALTER
    COLUMN Guid uniqueidentifier
GO
IF @@ERROR<>0 OR @@TRANCOUNT=0 BEGIN IF @@TRANCOUNT>0 ROLLBACK SET NOEXEC ON END
ALTER TABLE SUserInterface.GridViewDefinitions
  ALTER
    COLUMN Code nvarchar(20)
GO
IF @@ERROR<>0 OR @@TRANCOUNT=0 BEGIN IF @@TRANCOUNT>0 ROLLBACK SET NOEXEC ON END
ALTER TABLE SUserInterface.GridViewDefinitions
  ALTER
    COLUMN GridDefinitionId int
GO
IF @@ERROR<>0 OR @@TRANCOUNT=0 BEGIN IF @@TRANCOUNT>0 ROLLBACK SET NOEXEC ON END
ALTER TABLE SUserInterface.GridViewDefinitions
  ALTER
    COLUMN DetailPageUri nvarchar(250)
GO
IF @@ERROR<>0 OR @@TRANCOUNT=0 BEGIN IF @@TRANCOUNT>0 ROLLBACK SET NOEXEC ON END
ALTER TABLE SUserInterface.GridViewDefinitions
  ALTER
    COLUMN SqlQuery nvarchar(max)
GO
IF @@ERROR<>0 OR @@TRANCOUNT=0 BEGIN IF @@TRANCOUNT>0 ROLLBACK SET NOEXEC ON END
ALTER TABLE SUserInterface.GridViewDefinitions
  ALTER
    COLUMN DefaultSortColumnName nvarchar(250)
GO
IF @@ERROR<>0 OR @@TRANCOUNT=0 BEGIN IF @@TRANCOUNT>0 ROLLBACK SET NOEXEC ON END
ALTER TABLE SUserInterface.GridViewDefinitions
  ALTER
    COLUMN SecurableCode nvarchar(20)
GO
IF @@ERROR<>0 OR @@TRANCOUNT=0 BEGIN IF @@TRANCOUNT>0 ROLLBACK SET NOEXEC ON END
ALTER TABLE SUserInterface.GridViewDefinitions
  ALTER
    COLUMN DisplayOrder int
GO
IF @@ERROR<>0 OR @@TRANCOUNT=0 BEGIN IF @@TRANCOUNT>0 ROLLBACK SET NOEXEC ON END
ALTER TABLE SUserInterface.GridViewDefinitions
  ALTER
    COLUMN DisplayGroupName nvarchar(50)
GO
IF @@ERROR<>0 OR @@TRANCOUNT=0 BEGIN IF @@TRANCOUNT>0 ROLLBACK SET NOEXEC ON END
ALTER TABLE SUserInterface.GridViewDefinitions
  ALTER
    COLUMN MetricSqlQuery nvarchar(max)
GO
IF @@ERROR<>0 OR @@TRANCOUNT=0 BEGIN IF @@TRANCOUNT>0 ROLLBACK SET NOEXEC ON END
ALTER TABLE SUserInterface.GridViewDefinitions
  ALTER
    COLUMN ShowMetric bit
GO
IF @@ERROR<>0 OR @@TRANCOUNT=0 BEGIN IF @@TRANCOUNT>0 ROLLBACK SET NOEXEC ON END
ALTER TABLE SUserInterface.GridViewDefinitions
  ALTER
    COLUMN IsDetailWindowed bit
GO
IF @@ERROR<>0 OR @@TRANCOUNT=0 BEGIN IF @@TRANCOUNT>0 ROLLBACK SET NOEXEC ON END
ALTER TABLE SUserInterface.GridViewDefinitions
  ALTER
    COLUMN EntityTypeID int
GO
IF @@ERROR<>0 OR @@TRANCOUNT=0 BEGIN IF @@TRANCOUNT>0 ROLLBACK SET NOEXEC ON END
ALTER TABLE SUserInterface.GridViewDefinitions
  ALTER
    COLUMN MetricTypeID int
GO
IF @@ERROR<>0 OR @@TRANCOUNT=0 BEGIN IF @@TRANCOUNT>0 ROLLBACK SET NOEXEC ON END
ALTER TABLE SUserInterface.GridViewDefinitions
  ALTER
    COLUMN MetricMin int
GO
IF @@ERROR<>0 OR @@TRANCOUNT=0 BEGIN IF @@TRANCOUNT>0 ROLLBACK SET NOEXEC ON END
ALTER TABLE SUserInterface.GridViewDefinitions
  ALTER
    COLUMN MetricMax int
GO
IF @@ERROR<>0 OR @@TRANCOUNT=0 BEGIN IF @@TRANCOUNT>0 ROLLBACK SET NOEXEC ON END
ALTER TABLE SUserInterface.GridViewDefinitions
  ALTER
    COLUMN MetricMinorUnit int
GO
IF @@ERROR<>0 OR @@TRANCOUNT=0 BEGIN IF @@TRANCOUNT>0 ROLLBACK SET NOEXEC ON END
ALTER TABLE SUserInterface.GridViewDefinitions
  ALTER
    COLUMN MetricMajorUnit int
GO
IF @@ERROR<>0 OR @@TRANCOUNT=0 BEGIN IF @@TRANCOUNT>0 ROLLBACK SET NOEXEC ON END
ALTER TABLE SUserInterface.GridViewDefinitions
  ALTER
    COLUMN MetricStartAngle int
GO
IF @@ERROR<>0 OR @@TRANCOUNT=0 BEGIN IF @@TRANCOUNT>0 ROLLBACK SET NOEXEC ON END
ALTER TABLE SUserInterface.GridViewDefinitions
  ALTER
    COLUMN MetricEndAngle int
GO
IF @@ERROR<>0 OR @@TRANCOUNT=0 BEGIN IF @@TRANCOUNT>0 ROLLBACK SET NOEXEC ON END
ALTER TABLE SUserInterface.GridViewDefinitions
  ALTER
    COLUMN MetricReversed bit
GO
IF @@ERROR<>0 OR @@TRANCOUNT=0 BEGIN IF @@TRANCOUNT>0 ROLLBACK SET NOEXEC ON END
ALTER TABLE SUserInterface.GridViewDefinitions
  ALTER
    COLUMN MetricRange1Min decimal
GO
IF @@ERROR<>0 OR @@TRANCOUNT=0 BEGIN IF @@TRANCOUNT>0 ROLLBACK SET NOEXEC ON END
ALTER TABLE SUserInterface.GridViewDefinitions
  ALTER
    COLUMN MetricRange1Max decimal
GO
IF @@ERROR<>0 OR @@TRANCOUNT=0 BEGIN IF @@TRANCOUNT>0 ROLLBACK SET NOEXEC ON END
ALTER TABLE SUserInterface.GridViewDefinitions
  ALTER
    COLUMN MetricRange1ColourHex nvarchar(10)
GO
IF @@ERROR<>0 OR @@TRANCOUNT=0 BEGIN IF @@TRANCOUNT>0 ROLLBACK SET NOEXEC ON END
ALTER TABLE SUserInterface.GridViewDefinitions
  ALTER
    COLUMN MetricRange2Min decimal
GO
IF @@ERROR<>0 OR @@TRANCOUNT=0 BEGIN IF @@TRANCOUNT>0 ROLLBACK SET NOEXEC ON END
ALTER TABLE SUserInterface.GridViewDefinitions
  ALTER
    COLUMN MetricRange2Max decimal
GO
IF @@ERROR<>0 OR @@TRANCOUNT=0 BEGIN IF @@TRANCOUNT>0 ROLLBACK SET NOEXEC ON END
ALTER TABLE SUserInterface.GridViewDefinitions
  ALTER
    COLUMN MetricRange2ColourHex nvarchar(10)
GO
IF @@ERROR<>0 OR @@TRANCOUNT=0 BEGIN IF @@TRANCOUNT>0 ROLLBACK SET NOEXEC ON END
ALTER TABLE SUserInterface.GridViewDefinitions
  ALTER
    COLUMN IsDefaultSortDescending bit
GO
IF @@ERROR<>0 OR @@TRANCOUNT=0 BEGIN IF @@TRANCOUNT>0 ROLLBACK SET NOEXEC ON END
ALTER TABLE SUserInterface.GridViewDefinitions
  ALTER
    COLUMN AllowNew bit
GO
IF @@ERROR<>0 OR @@TRANCOUNT=0 BEGIN IF @@TRANCOUNT>0 ROLLBACK SET NOEXEC ON END
ALTER TABLE SUserInterface.GridViewDefinitions
  ALTER
    COLUMN AllowExcelExport bit
GO
IF @@ERROR<>0 OR @@TRANCOUNT=0 BEGIN IF @@TRANCOUNT>0 ROLLBACK SET NOEXEC ON END
ALTER TABLE SUserInterface.GridViewDefinitions
  ALTER
    COLUMN AllowPdfExport bit
GO
IF @@ERROR<>0 OR @@TRANCOUNT=0 BEGIN IF @@TRANCOUNT>0 ROLLBACK SET NOEXEC ON END
ALTER TABLE SUserInterface.GridViewDefinitions
  ALTER
    COLUMN AllowCsvExport bit
GO
IF @@ERROR<>0 OR @@TRANCOUNT=0 BEGIN IF @@TRANCOUNT>0 ROLLBACK SET NOEXEC ON END
ALTER TABLE SUserInterface.GridViewDefinitions
  ALTER
    COLUMN LanguageLabelId int
GO
IF @@ERROR<>0 OR @@TRANCOUNT=0 BEGIN IF @@TRANCOUNT>0 ROLLBACK SET NOEXEC ON END
ALTER TABLE SUserInterface.GridViewDefinitions
  ALTER
    COLUMN DrawerIconId int
GO
IF @@ERROR<>0 OR @@TRANCOUNT=0 BEGIN IF @@TRANCOUNT>0 ROLLBACK SET NOEXEC ON END
ALTER TABLE SUserInterface.GridViewDefinitions
  ALTER
    COLUMN GridViewTypeId int
GO
IF @@ERROR<>0 OR @@TRANCOUNT=0 BEGIN IF @@TRANCOUNT>0 ROLLBACK SET NOEXEC ON END
ALTER TABLE SUserInterface.GridViewDefinitions
  ALTER
    COLUMN AllowBulkChange bit
GO
IF @@ERROR<>0 OR @@TRANCOUNT=0 BEGIN IF @@TRANCOUNT>0 ROLLBACK SET NOEXEC ON END
ALTER TABLE SUserInterface.GridViewDefinitions
  ALTER
    COLUMN ShowOnMobile bit
GO
IF @@ERROR<>0 OR @@TRANCOUNT=0 BEGIN IF @@TRANCOUNT>0 ROLLBACK SET NOEXEC ON END
ALTER TABLE SUserInterface.GridViewDefinitions
  ALTER
    COLUMN TreeListFirstOrderBy nvarchar(100)
GO
IF @@ERROR<>0 OR @@TRANCOUNT=0 BEGIN IF @@TRANCOUNT>0 ROLLBACK SET NOEXEC ON END
ALTER TABLE SUserInterface.GridViewDefinitions
  ALTER
    COLUMN TreeListSecondOrderBy nvarchar(100)
GO
IF @@ERROR<>0 OR @@TRANCOUNT=0 BEGIN IF @@TRANCOUNT>0 ROLLBACK SET NOEXEC ON END
ALTER TABLE SUserInterface.GridViewDefinitions
  ALTER
    COLUMN TreeListThirdOrderBy nvarchar(100)
GO
IF @@ERROR<>0 OR @@TRANCOUNT=0 BEGIN IF @@TRANCOUNT>0 ROLLBACK SET NOEXEC ON END
ALTER TABLE SUserInterface.GridViewDefinitions
  ALTER
    COLUMN TreeListOrderBy nvarchar(100)
GO
IF @@ERROR<>0 OR @@TRANCOUNT=0 BEGIN IF @@TRANCOUNT>0 ROLLBACK SET NOEXEC ON END
ALTER TABLE SUserInterface.GridViewDefinitions
  ALTER
    COLUMN TreeListGroupBy nvarchar(100)
GO
IF @@ERROR<>0 OR @@TRANCOUNT=0 BEGIN IF @@TRANCOUNT>0 ROLLBACK SET NOEXEC ON END
ALTER TABLE SUserInterface.GridViewDefinitions
  ALTER
    COLUMN ShowOnDashboard bit
GO
IF @@ERROR<>0 OR @@TRANCOUNT=0 BEGIN IF @@TRANCOUNT>0 ROLLBACK SET NOEXEC ON END
ALTER TABLE SUserInterface.GridViewDefinitions
  ALTER
    COLUMN FilteredListCreatedOnColumn nvarchar(100)
GO
IF @@ERROR<>0 OR @@TRANCOUNT=0 BEGIN IF @@TRANCOUNT>0 ROLLBACK SET NOEXEC ON END
ALTER TABLE SUserInterface.GridViewDefinitions
  ALTER
    COLUMN FilteredListRedStatusIndicatorTxt nvarchar(100)
GO
IF @@ERROR<>0 OR @@TRANCOUNT=0 BEGIN IF @@TRANCOUNT>0 ROLLBACK SET NOEXEC ON END
ALTER TABLE SUserInterface.GridViewDefinitions
  ALTER
    COLUMN FilteredListOrangeStatusIndicatorTxt nvarchar(100)
GO
IF @@ERROR<>0 OR @@TRANCOUNT=0 BEGIN IF @@TRANCOUNT>0 ROLLBACK SET NOEXEC ON END
ALTER TABLE SUserInterface.GridViewDefinitions
  ALTER
    COLUMN FilteredListGreenStatusIndicatorTxt nvarchar(100)
GO
IF @@ERROR<>0 OR @@TRANCOUNT=0 BEGIN IF @@TRANCOUNT>0 ROLLBACK SET NOEXEC ON END
ALTER TABLE SUserInterface.GridViewDefinitions
  ALTER
    COLUMN FilteredListGroupBy nvarchar(100)
GO

IF @@ERROR<>0 OR @@TRANCOUNT=0 BEGIN IF @@TRANCOUNT>0 ROLLBACK SET NOEXEC ON END

--
-- Inserting data into table SCore.EntityProperties
--
PRINT(N'Inserting data into table SCore.EntityProperties')
GO
SET IDENTITY_INSERT SCore.EntityProperties ON
GO

IF @@ERROR<>0 OR @@TRANCOUNT=0 BEGIN IF @@TRANCOUNT>0 ROLLBACK SET NOEXEC ON END
IF NOT EXISTS (SELECT ID, RowStatus, Guid, Name, LanguageLabelID, EntityHoBTID, EntityDataTypeID, IsReadOnly, IsImmutable, IsUppercase, IsHidden, IsCompulsory, MaxLength, Precision, Scale, DoNotTrackChanges, EntityPropertyGroupID, SortOrder, GroupSortOrder, IsObjectLabel, DropDownListDefinitionID, IsParentRelationship, IsLongitude, IsLatitude, IsIncludedInformation, FixedDefaultValue, SqlDefaultValueStatement, AllowBulkChange, IsVirtual, ShowOnMobile, IsAlwaysVisibleInGroup, IsAlwaysVisibleInGroup_Mobile FROM SCore.EntityProperties WITH (NOLOCK) WHERE ID = 2605)
INSERT SCore.EntityProperties(ID, RowStatus, Guid, Name, LanguageLabelID, EntityHoBTID, EntityDataTypeID, IsReadOnly, IsImmutable, IsUppercase, IsHidden, IsCompulsory, MaxLength, Precision, Scale, DoNotTrackChanges, EntityPropertyGroupID, SortOrder, GroupSortOrder, IsObjectLabel, DropDownListDefinitionID, IsParentRelationship, IsLongitude, IsLatitude, IsIncludedInformation, FixedDefaultValue, SqlDefaultValueStatement, AllowBulkChange, IsVirtual, ShowOnMobile, IsAlwaysVisibleInGroup, IsAlwaysVisibleInGroup_Mobile) VALUES (2605, 1, 'df714734-10d8-433a-a334-d6a55f71ca5d', N'Test Field', 3820, -1, 4, 0, 0, 0, 0, 0, 0, 0, 0, 0, -1, 0, 0, 0, -1, 0, 0, 0, 0, N'', N'', 0, 1, 0, 0, 0)
IF NOT EXISTS (SELECT ID, RowStatus, Guid, Name, LanguageLabelID, EntityHoBTID, EntityDataTypeID, IsReadOnly, IsImmutable, IsUppercase, IsHidden, IsCompulsory, MaxLength, Precision, Scale, DoNotTrackChanges, EntityPropertyGroupID, SortOrder, GroupSortOrder, IsObjectLabel, DropDownListDefinitionID, IsParentRelationship, IsLongitude, IsLatitude, IsIncludedInformation, FixedDefaultValue, SqlDefaultValueStatement, AllowBulkChange, IsVirtual, ShowOnMobile, IsAlwaysVisibleInGroup, IsAlwaysVisibleInGroup_Mobile FROM SCore.EntityProperties WITH (NOLOCK) WHERE ID = 2606)
INSERT SCore.EntityProperties(ID, RowStatus, Guid, Name, LanguageLabelID, EntityHoBTID, EntityDataTypeID, IsReadOnly, IsImmutable, IsUppercase, IsHidden, IsCompulsory, MaxLength, Precision, Scale, DoNotTrackChanges, EntityPropertyGroupID, SortOrder, GroupSortOrder, IsObjectLabel, DropDownListDefinitionID, IsParentRelationship, IsLongitude, IsLatitude, IsIncludedInformation, FixedDefaultValue, SqlDefaultValueStatement, AllowBulkChange, IsVirtual, ShowOnMobile, IsAlwaysVisibleInGroup, IsAlwaysVisibleInGroup_Mobile) VALUES (2606, 1, '52cc6eb2-4302-4068-b73b-085a2bdf39b8', N'Test', 3820, 158, 4, 0, 0, 0, 0, 0, 0, 0, 0, 0, -1, 0, 0, 0, -1, 0, 0, 0, 0, N'', N'', 0, 1, 0, 0, 0)
GO
SET IDENTITY_INSERT SCore.EntityProperties OFF
GO

IF @@ERROR<>0 OR @@TRANCOUNT=0 BEGIN IF @@TRANCOUNT>0 ROLLBACK SET NOEXEC ON END

--
-- Reseed identity on SCore.EntityProperties
--
PRINT(N'Reseed identity on SCore.EntityProperties')
GO
DBCC CHECKIDENT('SCore.EntityProperties', RESEED, 2606)
GO

IF @@ERROR<>0 OR @@TRANCOUNT=0 BEGIN IF @@TRANCOUNT>0 ROLLBACK SET NOEXEC ON END

--
-- Inserting data into table SCore.LanguageLabels
--
PRINT(N'Inserting data into table SCore.LanguageLabels')
GO
SET IDENTITY_INSERT SCore.LanguageLabels ON
GO

IF @@ERROR<>0 OR @@TRANCOUNT=0 BEGIN IF @@TRANCOUNT>0 ROLLBACK SET NOEXEC ON END
IF NOT EXISTS (SELECT ID, RowStatus, Guid, Name FROM SCore.LanguageLabels WITH (NOLOCK) WHERE ID = 3813)
INSERT SCore.LanguageLabels(ID, RowStatus, Guid, Name) VALUES (3813, 1, 'c8b25ee5-867b-4971-a751-14a2f633aaaa', N'[SCrm].[tvf_AccountProjects]')
IF NOT EXISTS (SELECT ID, RowStatus, Guid, Name FROM SCore.LanguageLabels WITH (NOLOCK) WHERE ID = 3814)
INSERT SCore.LanguageLabels(ID, RowStatus, Guid, Name) VALUES (3814, 1, '66657d7f-37e4-436c-b1e9-00259644b0ae', N'Number')
IF NOT EXISTS (SELECT ID, RowStatus, Guid, Name FROM SCore.LanguageLabels WITH (NOLOCK) WHERE ID = 3815)
INSERT SCore.LanguageLabels(ID, RowStatus, Guid, Name) VALUES (3815, 1, '12573be9-a4c9-4561-af5e-119f259c53db', N'[SCrm].[tvf_AccountProjects].[Number]')
IF NOT EXISTS (SELECT ID, RowStatus, Guid, Name FROM SCore.LanguageLabels WITH (NOLOCK) WHERE ID = 3816)
INSERT SCore.LanguageLabels(ID, RowStatus, Guid, Name) VALUES (3816, 1, 'caac51d9-09df-4487-9a38-2c7aae4cf69b', N'[SCrm].[tvf_AccountProjects].[ProjectDescription]')
IF NOT EXISTS (SELECT ID, RowStatus, Guid, Name FROM SCore.LanguageLabels WITH (NOLOCK) WHERE ID = 3817)
INSERT SCore.LanguageLabels(ID, RowStatus, Guid, Name) VALUES (3817, 1, '7c3c2912-4f6f-4656-aee1-9acb9a4714e5', N'[SCrm].[tvf_AccountAssets]')
IF NOT EXISTS (SELECT ID, RowStatus, Guid, Name FROM SCore.LanguageLabels WITH (NOLOCK) WHERE ID = 3818)
INSERT SCore.LanguageLabels(ID, RowStatus, Guid, Name) VALUES (3818, 1, '67c4acad-91a2-4ae0-b26e-978888eb2190', N'[SCrm].[tvf_AccountAssets].[Number]')
IF NOT EXISTS (SELECT ID, RowStatus, Guid, Name FROM SCore.LanguageLabels WITH (NOLOCK) WHERE ID = 3819)
INSERT SCore.LanguageLabels(ID, RowStatus, Guid, Name) VALUES (3819, 1, 'a36aa9a3-bbad-4b82-b807-7fa8f73bd01e', N'[SCrm].[tvf_AccountAssets].[FormattedAddressComa]')
IF NOT EXISTS (SELECT ID, RowStatus, Guid, Name FROM SCore.LanguageLabels WITH (NOLOCK) WHERE ID = 3820)
INSERT SCore.LanguageLabels(ID, RowStatus, Guid, Name) VALUES (3820, 1, '54d7ac03-eaab-4c35-a856-772688309d79', N'Test Field ')
IF NOT EXISTS (SELECT ID, RowStatus, Guid, Name FROM SCore.LanguageLabels WITH (NOLOCK) WHERE ID = 3821)
INSERT SCore.LanguageLabels(ID, RowStatus, Guid, Name) VALUES (3821, 1, '19586fc5-84cb-4a6d-83ac-6c0a3b7184cf', N'[SCrm].[tvf_AccountAssets].[JobNumber]')
GO
SET IDENTITY_INSERT SCore.LanguageLabels OFF
GO

IF @@ERROR<>0 OR @@TRANCOUNT=0 BEGIN IF @@TRANCOUNT>0 ROLLBACK SET NOEXEC ON END

--
-- Reseed identity on SCore.LanguageLabels
--
PRINT(N'Reseed identity on SCore.LanguageLabels')
GO
DBCC CHECKIDENT('SCore.LanguageLabels', RESEED, 3821)
GO

IF @@ERROR<>0 OR @@TRANCOUNT=0 BEGIN IF @@TRANCOUNT>0 ROLLBACK SET NOEXEC ON END

--
-- Inserting data into table SCore.LanguageLabelTranslations
--
PRINT(N'Inserting data into table SCore.LanguageLabelTranslations')
GO
SET IDENTITY_INSERT SCore.LanguageLabelTranslations ON
GO

IF @@ERROR<>0 OR @@TRANCOUNT=0 BEGIN IF @@TRANCOUNT>0 ROLLBACK SET NOEXEC ON END
IF NOT EXISTS (SELECT ID, RowStatus, Guid, Text, TextPlural, LanguageLabelID, LanguageID, HelpText FROM SCore.LanguageLabelTranslations WITH (NOLOCK) WHERE ID = 3924)
INSERT SCore.LanguageLabelTranslations(ID, RowStatus, Guid, Text, TextPlural, LanguageLabelID, LanguageID, HelpText) VALUES (3924, 1, '59b37d0a-c545-4c3b-a2be-0d914f173484', N'Client Projects', N'Client Projects', 3813, 1, N'')
IF NOT EXISTS (SELECT ID, RowStatus, Guid, Text, TextPlural, LanguageLabelID, LanguageID, HelpText FROM SCore.LanguageLabelTranslations WITH (NOLOCK) WHERE ID = 3925)
INSERT SCore.LanguageLabelTranslations(ID, RowStatus, Guid, Text, TextPlural, LanguageLabelID, LanguageID, HelpText) VALUES (3925, 1, '5f1a5849-70ba-49b5-818a-fcf827997f71', N'Number', N'Number', 3814, 1, N'')
IF NOT EXISTS (SELECT ID, RowStatus, Guid, Text, TextPlural, LanguageLabelID, LanguageID, HelpText FROM SCore.LanguageLabelTranslations WITH (NOLOCK) WHERE ID = 3926)
INSERT SCore.LanguageLabelTranslations(ID, RowStatus, Guid, Text, TextPlural, LanguageLabelID, LanguageID, HelpText) VALUES (3926, 1, '91b6bd04-15ca-42f4-a34b-ba96d8680b52', N'Number', N'Number', 3815, 1, N'')
IF NOT EXISTS (SELECT ID, RowStatus, Guid, Text, TextPlural, LanguageLabelID, LanguageID, HelpText FROM SCore.LanguageLabelTranslations WITH (NOLOCK) WHERE ID = 3927)
INSERT SCore.LanguageLabelTranslations(ID, RowStatus, Guid, Text, TextPlural, LanguageLabelID, LanguageID, HelpText) VALUES (3927, 1, 'd7d26beb-1271-45b1-9253-7db1a8499e81', N'Description', N'Description', 3816, 1, N'')
IF NOT EXISTS (SELECT ID, RowStatus, Guid, Text, TextPlural, LanguageLabelID, LanguageID, HelpText FROM SCore.LanguageLabelTranslations WITH (NOLOCK) WHERE ID = 3928)
INSERT SCore.LanguageLabelTranslations(ID, RowStatus, Guid, Text, TextPlural, LanguageLabelID, LanguageID, HelpText) VALUES (3928, 1, 'bd774192-54b7-43dd-90fa-0e0b1af80f97', N'Assets', N'Assets', 3817, 1, N'')
IF NOT EXISTS (SELECT ID, RowStatus, Guid, Text, TextPlural, LanguageLabelID, LanguageID, HelpText FROM SCore.LanguageLabelTranslations WITH (NOLOCK) WHERE ID = 3929)
INSERT SCore.LanguageLabelTranslations(ID, RowStatus, Guid, Text, TextPlural, LanguageLabelID, LanguageID, HelpText) VALUES (3929, 1, 'b77ab774-1662-4d6b-9956-f8c7b1889a20', N'Number', N'Number', 3818, 1, N'')
IF NOT EXISTS (SELECT ID, RowStatus, Guid, Text, TextPlural, LanguageLabelID, LanguageID, HelpText FROM SCore.LanguageLabelTranslations WITH (NOLOCK) WHERE ID = 3930)
INSERT SCore.LanguageLabelTranslations(ID, RowStatus, Guid, Text, TextPlural, LanguageLabelID, LanguageID, HelpText) VALUES (3930, 1, '14959b76-7fc6-4623-81c7-3282c8e979d0', N'Address', N'Address', 3819, 1, N'')
IF NOT EXISTS (SELECT ID, RowStatus, Guid, Text, TextPlural, LanguageLabelID, LanguageID, HelpText FROM SCore.LanguageLabelTranslations WITH (NOLOCK) WHERE ID = 3931)
INSERT SCore.LanguageLabelTranslations(ID, RowStatus, Guid, Text, TextPlural, LanguageLabelID, LanguageID, HelpText) VALUES (3931, 1, 'efa06236-b22f-4a7a-8d7d-6fb01af2293d', N'Test', N'Test', 3820, 1, N'Displays "Test" - used for testing.')
IF NOT EXISTS (SELECT ID, RowStatus, Guid, Text, TextPlural, LanguageLabelID, LanguageID, HelpText FROM SCore.LanguageLabelTranslations WITH (NOLOCK) WHERE ID = 3932)
INSERT SCore.LanguageLabelTranslations(ID, RowStatus, Guid, Text, TextPlural, LanguageLabelID, LanguageID, HelpText) VALUES (3932, 1, 'ceef5cb1-0569-450c-9e16-cd20ae1b1552', N'Job Number', N'Job Number', 3821, 1, N'')
GO
SET IDENTITY_INSERT SCore.LanguageLabelTranslations OFF
GO

IF @@ERROR<>0 OR @@TRANCOUNT=0 BEGIN IF @@TRANCOUNT>0 ROLLBACK SET NOEXEC ON END

--
-- Reseed identity on SCore.LanguageLabelTranslations
--
PRINT(N'Reseed identity on SCore.LanguageLabelTranslations')
GO
DBCC CHECKIDENT('SCore.LanguageLabelTranslations', RESEED, 3932)
GO

IF @@ERROR<>0 OR @@TRANCOUNT=0 BEGIN IF @@TRANCOUNT>0 ROLLBACK SET NOEXEC ON END

--
-- Inserting data into table SUserInterface.GridViewColumnDefinitions
--
PRINT(N'Inserting data into table SUserInterface.GridViewColumnDefinitions')
GO
SET IDENTITY_INSERT SUserInterface.GridViewColumnDefinitions ON
GO

IF @@ERROR<>0 OR @@TRANCOUNT=0 BEGIN IF @@TRANCOUNT>0 ROLLBACK SET NOEXEC ON END
IF NOT EXISTS (SELECT ID, RowStatus, Guid, Name, ColumnOrder, GridViewDefinitionId, IsPrimaryKey, IsHidden, IsFiltered, IsCombo, IsLongitude, IsLatitude, DisplayFormat, Width, LanguageLabelId, TopHeaderCategory, TopHeaderCategoryOrder FROM SUserInterface.GridViewColumnDefinitions WITH (NOLOCK) WHERE ID = 1655)
INSERT SUserInterface.GridViewColumnDefinitions(ID, RowStatus, Guid, Name, ColumnOrder, GridViewDefinitionId, IsPrimaryKey, IsHidden, IsFiltered, IsCombo, IsLongitude, IsLatitude, DisplayFormat, Width, LanguageLabelId, TopHeaderCategory, TopHeaderCategoryOrder) VALUES (1655, 1, '723e06bd-028b-49fa-87c7-d01eb316296c', N'ID', 999, 242, 1, 1, 1, 0, 0, 0, N'', N'', 1627, N'', 0)
IF NOT EXISTS (SELECT ID, RowStatus, Guid, Name, ColumnOrder, GridViewDefinitionId, IsPrimaryKey, IsHidden, IsFiltered, IsCombo, IsLongitude, IsLatitude, DisplayFormat, Width, LanguageLabelId, TopHeaderCategory, TopHeaderCategoryOrder FROM SUserInterface.GridViewColumnDefinitions WITH (NOLOCK) WHERE ID = 1656)
INSERT SUserInterface.GridViewColumnDefinitions(ID, RowStatus, Guid, Name, ColumnOrder, GridViewDefinitionId, IsPrimaryKey, IsHidden, IsFiltered, IsCombo, IsLongitude, IsLatitude, DisplayFormat, Width, LanguageLabelId, TopHeaderCategory, TopHeaderCategoryOrder) VALUES (1656, 1, '2d1380cb-9f54-4efc-827c-85eeb37f471a', N'Guid', 0, 242, 0, 1, 0, 0, 0, 0, N'', N'', 1689, N'', 0)
IF NOT EXISTS (SELECT ID, RowStatus, Guid, Name, ColumnOrder, GridViewDefinitionId, IsPrimaryKey, IsHidden, IsFiltered, IsCombo, IsLongitude, IsLatitude, DisplayFormat, Width, LanguageLabelId, TopHeaderCategory, TopHeaderCategoryOrder FROM SUserInterface.GridViewColumnDefinitions WITH (NOLOCK) WHERE ID = 1657)
INSERT SUserInterface.GridViewColumnDefinitions(ID, RowStatus, Guid, Name, ColumnOrder, GridViewDefinitionId, IsPrimaryKey, IsHidden, IsFiltered, IsCombo, IsLongitude, IsLatitude, DisplayFormat, Width, LanguageLabelId, TopHeaderCategory, TopHeaderCategoryOrder) VALUES (1657, 1, '2d536f28-07a4-408e-b902-ae4dd9e1e462', N'Number', 1, 242, 0, 0, 0, 0, 0, 0, N'', N'', 3815, N'', 0)
IF NOT EXISTS (SELECT ID, RowStatus, Guid, Name, ColumnOrder, GridViewDefinitionId, IsPrimaryKey, IsHidden, IsFiltered, IsCombo, IsLongitude, IsLatitude, DisplayFormat, Width, LanguageLabelId, TopHeaderCategory, TopHeaderCategoryOrder FROM SUserInterface.GridViewColumnDefinitions WITH (NOLOCK) WHERE ID = 1658)
INSERT SUserInterface.GridViewColumnDefinitions(ID, RowStatus, Guid, Name, ColumnOrder, GridViewDefinitionId, IsPrimaryKey, IsHidden, IsFiltered, IsCombo, IsLongitude, IsLatitude, DisplayFormat, Width, LanguageLabelId, TopHeaderCategory, TopHeaderCategoryOrder) VALUES (1658, 1, '2b9f90df-66b1-4ae4-b27c-b0a9f4577051', N'ProjectDescription', 2, 242, 0, 0, 0, 0, 0, 0, N'', N'', 3816, N'', 0)
IF NOT EXISTS (SELECT ID, RowStatus, Guid, Name, ColumnOrder, GridViewDefinitionId, IsPrimaryKey, IsHidden, IsFiltered, IsCombo, IsLongitude, IsLatitude, DisplayFormat, Width, LanguageLabelId, TopHeaderCategory, TopHeaderCategoryOrder FROM SUserInterface.GridViewColumnDefinitions WITH (NOLOCK) WHERE ID = 1659)
INSERT SUserInterface.GridViewColumnDefinitions(ID, RowStatus, Guid, Name, ColumnOrder, GridViewDefinitionId, IsPrimaryKey, IsHidden, IsFiltered, IsCombo, IsLongitude, IsLatitude, DisplayFormat, Width, LanguageLabelId, TopHeaderCategory, TopHeaderCategoryOrder) VALUES (1659, 1, 'd046d0c0-6487-4601-b621-24056e641e96', N'ID', 999, 243, 1, 1, 1, 0, 0, 0, N'', N'', 1627, N'', 0)
IF NOT EXISTS (SELECT ID, RowStatus, Guid, Name, ColumnOrder, GridViewDefinitionId, IsPrimaryKey, IsHidden, IsFiltered, IsCombo, IsLongitude, IsLatitude, DisplayFormat, Width, LanguageLabelId, TopHeaderCategory, TopHeaderCategoryOrder FROM SUserInterface.GridViewColumnDefinitions WITH (NOLOCK) WHERE ID = 1660)
INSERT SUserInterface.GridViewColumnDefinitions(ID, RowStatus, Guid, Name, ColumnOrder, GridViewDefinitionId, IsPrimaryKey, IsHidden, IsFiltered, IsCombo, IsLongitude, IsLatitude, DisplayFormat, Width, LanguageLabelId, TopHeaderCategory, TopHeaderCategoryOrder) VALUES (1660, 1, '6e920b73-3208-4d77-ad93-ce6c62970a42', N'Guid', 0, 243, 0, 1, 0, 0, 0, 0, N'', N'', 1689, N'', 0)
IF NOT EXISTS (SELECT ID, RowStatus, Guid, Name, ColumnOrder, GridViewDefinitionId, IsPrimaryKey, IsHidden, IsFiltered, IsCombo, IsLongitude, IsLatitude, DisplayFormat, Width, LanguageLabelId, TopHeaderCategory, TopHeaderCategoryOrder FROM SUserInterface.GridViewColumnDefinitions WITH (NOLOCK) WHERE ID = 1661)
INSERT SUserInterface.GridViewColumnDefinitions(ID, RowStatus, Guid, Name, ColumnOrder, GridViewDefinitionId, IsPrimaryKey, IsHidden, IsFiltered, IsCombo, IsLongitude, IsLatitude, DisplayFormat, Width, LanguageLabelId, TopHeaderCategory, TopHeaderCategoryOrder) VALUES (1661, 1, '0128c1b1-411a-483b-972b-41b2a256c6bb', N'Number', 1, 243, 0, 0, 0, 0, 0, 0, N'', N'', 3818, N'', 0)
IF NOT EXISTS (SELECT ID, RowStatus, Guid, Name, ColumnOrder, GridViewDefinitionId, IsPrimaryKey, IsHidden, IsFiltered, IsCombo, IsLongitude, IsLatitude, DisplayFormat, Width, LanguageLabelId, TopHeaderCategory, TopHeaderCategoryOrder FROM SUserInterface.GridViewColumnDefinitions WITH (NOLOCK) WHERE ID = 1662)
INSERT SUserInterface.GridViewColumnDefinitions(ID, RowStatus, Guid, Name, ColumnOrder, GridViewDefinitionId, IsPrimaryKey, IsHidden, IsFiltered, IsCombo, IsLongitude, IsLatitude, DisplayFormat, Width, LanguageLabelId, TopHeaderCategory, TopHeaderCategoryOrder) VALUES (1662, 1, '06aee02d-42d6-4979-8ad8-a7125f2bab78', N'FormattedAddressComma', 2, 243, 0, 0, 0, 0, 0, 0, N'', N'', 3819, N'', 0)
IF NOT EXISTS (SELECT ID, RowStatus, Guid, Name, ColumnOrder, GridViewDefinitionId, IsPrimaryKey, IsHidden, IsFiltered, IsCombo, IsLongitude, IsLatitude, DisplayFormat, Width, LanguageLabelId, TopHeaderCategory, TopHeaderCategoryOrder FROM SUserInterface.GridViewColumnDefinitions WITH (NOLOCK) WHERE ID = 1663)
INSERT SUserInterface.GridViewColumnDefinitions(ID, RowStatus, Guid, Name, ColumnOrder, GridViewDefinitionId, IsPrimaryKey, IsHidden, IsFiltered, IsCombo, IsLongitude, IsLatitude, DisplayFormat, Width, LanguageLabelId, TopHeaderCategory, TopHeaderCategoryOrder) VALUES (1663, 1, '1d4a36d2-4634-4c59-a2e9-6f5732b825a9', N'JobNumber', 0, 243, 0, 0, 0, 0, 0, 0, N'', N'', 3821, N'', 0)
GO
SET IDENTITY_INSERT SUserInterface.GridViewColumnDefinitions OFF
GO

IF @@ERROR<>0 OR @@TRANCOUNT=0 BEGIN IF @@TRANCOUNT>0 ROLLBACK SET NOEXEC ON END

--
-- Reseed identity on SUserInterface.GridViewColumnDefinitions
--
PRINT(N'Reseed identity on SUserInterface.GridViewColumnDefinitions')
GO
DBCC CHECKIDENT('SUserInterface.GridViewColumnDefinitions', RESEED, 1663)
GO

IF @@ERROR<>0 OR @@TRANCOUNT=0 BEGIN IF @@TRANCOUNT>0 ROLLBACK SET NOEXEC ON END

--
-- Updating data of table SUserInterface.GridViewDefinitions
--
PRINT(N'Updating data of table SUserInterface.GridViewDefinitions')
GO
UPDATE SUserInterface.GridViewDefinitions SET RowStatus = 1, Guid = 'e7263c9c-3e51-4a5d-93d7-2c0db5472291', Code = N'PROJECTASSETS', GridDefinitionId = 75, DetailPageUri = N'StructureDetail', SqlQuery = N'SELECT * FROM [SSop].[tvf_ProjectAssets] ([[UserId]], [[ParentGuid]]) root_hobt', DefaultSortColumnName = N'ID', SecurableCode = N'', DisplayOrder = 4, DisplayGroupName = N'', MetricSqlQuery = N'', ShowMetric = 0, IsDetailWindowed = 0, EntityTypeID = 27, MetricTypeID = -1, MetricMin = 0, MetricMax = 0, MetricMinorUnit = 0, MetricMajorUnit = 0, MetricStartAngle = 0, MetricEndAngle = 0, MetricReversed = 0, MetricRange1Min = 0, MetricRange1Max = 0, MetricRange1ColourHex = N'', MetricRange2Min = 0, MetricRange2Max = 0, MetricRange2ColourHex = N'', IsDefaultSortDescending = 0, AllowNew = 0, AllowExcelExport = 0, AllowPdfExport = 0, AllowCsvExport = 0, LanguageLabelId = 3805, DrawerIconId = 11, GridViewTypeId = 1, AllowBulkChange = 0, ShowOnMobile = 0, TreeListFirstOrderBy = N'', TreeListSecondOrderBy = N'', TreeListThirdOrderBy = N'', TreeListOrderBy = N'', TreeListGroupBy = N'', ShowOnDashboard = 0, FilteredListCreatedOnColumn = N'', FilteredListRedStatusIndicatorTxt = N'', FilteredListOrangeStatusIndicatorTxt = N'', FilteredListGreenStatusIndicatorTxt = N'', FilteredListGroupBy = N'' WHERE ID = 239 AND RowStatus = 1 AND Guid = 'e7263c9c-3e51-4a5d-93d7-2c0db5472291' AND Code = N'PROJECTASSETS' AND GridDefinitionId = 75
 AND DetailPageUri = N'' AND DefaultSortColumnName = N'ID' AND SecurableCode = N'' AND DisplayOrder = 4 AND DisplayGroupName = N''
 AND ShowMetric = 0 AND IsDetailWindowed = 0 AND EntityTypeID = 27 AND MetricTypeID = -1 AND MetricMin = 0
 AND MetricMax = 0 AND MetricMinorUnit = 0 AND MetricMajorUnit = 0 AND MetricStartAngle = 0 AND MetricEndAngle = 0
 AND MetricReversed = 0 AND MetricRange1Min = 0 AND MetricRange1Max = 0 AND MetricRange1ColourHex = N'' AND MetricRange2Min = 0
 AND MetricRange2Max = 0 AND MetricRange2ColourHex = N'' AND IsDefaultSortDescending = 0 AND AllowNew = 0 AND AllowExcelExport = 0
 AND AllowPdfExport = 0 AND AllowCsvExport = 0 AND LanguageLabelId = 3805 AND DrawerIconId = 11 AND GridViewTypeId = 1
 AND AllowBulkChange = 0 AND ShowOnMobile = 0 AND TreeListFirstOrderBy = N'' AND TreeListSecondOrderBy = N'' AND TreeListThirdOrderBy = N''
 AND TreeListOrderBy = N'' AND TreeListGroupBy = N'' AND ShowOnDashboard = 0 AND FilteredListCreatedOnColumn = N'' AND FilteredListRedStatusIndicatorTxt = N''
 AND FilteredListOrangeStatusIndicatorTxt = N'' AND FilteredListGreenStatusIndicatorTxt = N'' AND FilteredListGroupBy = N''

--
-- Inserting data into table SUserInterface.GridViewDefinitions
--
PRINT(N'Inserting data into table SUserInterface.GridViewDefinitions')
GO
SET IDENTITY_INSERT SUserInterface.GridViewDefinitions ON
GO

IF @@ERROR<>0 OR @@TRANCOUNT=0 BEGIN IF @@TRANCOUNT>0 ROLLBACK SET NOEXEC ON END
IF NOT EXISTS (SELECT ID, RowStatus, Guid, Code, GridDefinitionId, DetailPageUri, SqlQuery, DefaultSortColumnName, SecurableCode, DisplayOrder, DisplayGroupName, MetricSqlQuery, ShowMetric, IsDetailWindowed, EntityTypeID, MetricTypeID, MetricMin, MetricMax, MetricMinorUnit, MetricMajorUnit, MetricStartAngle, MetricEndAngle, MetricReversed, MetricRange1Min, MetricRange1Max, MetricRange1ColourHex, MetricRange2Min, MetricRange2Max, MetricRange2ColourHex, IsDefaultSortDescending, AllowNew, AllowExcelExport, AllowPdfExport, AllowCsvExport, LanguageLabelId, DrawerIconId, GridViewTypeId, AllowBulkChange, ShowOnMobile, TreeListFirstOrderBy, TreeListSecondOrderBy, TreeListThirdOrderBy, TreeListOrderBy, TreeListGroupBy, ShowOnDashboard, FilteredListCreatedOnColumn, FilteredListRedStatusIndicatorTxt, FilteredListOrangeStatusIndicatorTxt, FilteredListGreenStatusIndicatorTxt, FilteredListGroupBy FROM SUserInterface.GridViewDefinitions WITH (NOLOCK) WHERE ID = 242)
INSERT SUserInterface.GridViewDefinitions(ID, RowStatus, Guid, Code, GridDefinitionId, DetailPageUri, SqlQuery, DefaultSortColumnName, SecurableCode, DisplayOrder, DisplayGroupName, MetricSqlQuery, ShowMetric, IsDetailWindowed, EntityTypeID, MetricTypeID, MetricMin, MetricMax, MetricMinorUnit, MetricMajorUnit, MetricStartAngle, MetricEndAngle, MetricReversed, MetricRange1Min, MetricRange1Max, MetricRange1ColourHex, MetricRange2Min, MetricRange2Max, MetricRange2ColourHex, IsDefaultSortDescending, AllowNew, AllowExcelExport, AllowPdfExport, AllowCsvExport, LanguageLabelId, DrawerIconId, GridViewTypeId, AllowBulkChange, ShowOnMobile, TreeListFirstOrderBy, TreeListSecondOrderBy, TreeListThirdOrderBy, TreeListOrderBy, TreeListGroupBy, ShowOnDashboard, FilteredListCreatedOnColumn, FilteredListRedStatusIndicatorTxt, FilteredListOrangeStatusIndicatorTxt, FilteredListGreenStatusIndicatorTxt, FilteredListGroupBy) VALUES (242, 1, '3e43f8c1-efee-484d-9cf0-1677ecceb655', N'ACCOUNTPROJECTS', 40, N'', N'SELECT * FROM [SCrm].[tvf_AccountProjects] ([[UserId]], [[ParentGuid]]) root_hobt', N'ID', N'', 0, N'', N'', 0, 0, 94, -1, 0, 0, 0, 0, 0, 0, 0, 0, 0, N'', 0, 0, N'', 0, 0, 0, 0, 0, 3813, 12, 1, 0, 0, N'', N'', N'', N'', N'', 0, N'', N'', N'', N'', N'')
IF NOT EXISTS (SELECT ID, RowStatus, Guid, Code, GridDefinitionId, DetailPageUri, SqlQuery, DefaultSortColumnName, SecurableCode, DisplayOrder, DisplayGroupName, MetricSqlQuery, ShowMetric, IsDetailWindowed, EntityTypeID, MetricTypeID, MetricMin, MetricMax, MetricMinorUnit, MetricMajorUnit, MetricStartAngle, MetricEndAngle, MetricReversed, MetricRange1Min, MetricRange1Max, MetricRange1ColourHex, MetricRange2Min, MetricRange2Max, MetricRange2ColourHex, IsDefaultSortDescending, AllowNew, AllowExcelExport, AllowPdfExport, AllowCsvExport, LanguageLabelId, DrawerIconId, GridViewTypeId, AllowBulkChange, ShowOnMobile, TreeListFirstOrderBy, TreeListSecondOrderBy, TreeListThirdOrderBy, TreeListOrderBy, TreeListGroupBy, ShowOnDashboard, FilteredListCreatedOnColumn, FilteredListRedStatusIndicatorTxt, FilteredListOrangeStatusIndicatorTxt, FilteredListGreenStatusIndicatorTxt, FilteredListGroupBy FROM SUserInterface.GridViewDefinitions WITH (NOLOCK) WHERE ID = 243)
INSERT SUserInterface.GridViewDefinitions(ID, RowStatus, Guid, Code, GridDefinitionId, DetailPageUri, SqlQuery, DefaultSortColumnName, SecurableCode, DisplayOrder, DisplayGroupName, MetricSqlQuery, ShowMetric, IsDetailWindowed, EntityTypeID, MetricTypeID, MetricMin, MetricMax, MetricMinorUnit, MetricMajorUnit, MetricStartAngle, MetricEndAngle, MetricReversed, MetricRange1Min, MetricRange1Max, MetricRange1ColourHex, MetricRange2Min, MetricRange2Max, MetricRange2ColourHex, IsDefaultSortDescending, AllowNew, AllowExcelExport, AllowPdfExport, AllowCsvExport, LanguageLabelId, DrawerIconId, GridViewTypeId, AllowBulkChange, ShowOnMobile, TreeListFirstOrderBy, TreeListSecondOrderBy, TreeListThirdOrderBy, TreeListOrderBy, TreeListGroupBy, ShowOnDashboard, FilteredListCreatedOnColumn, FilteredListRedStatusIndicatorTxt, FilteredListOrangeStatusIndicatorTxt, FilteredListGreenStatusIndicatorTxt, FilteredListGroupBy) VALUES (243, 1, '3d746b06-5e95-4bd8-a101-58e8826549ab', N'ACCOUNTASSETS', 40, N'StructureDetail', N'SELECT * FROM [SCrm].[tvf_AccountAssets]([[UserId]], [[ParentGuid]]) root_hobt', N'ID', N'', 4, N'', N'', 0, 0, 27, -1, 0, 0, 0, 0, 0, 0, 0, 0, 0, N'', 0, 0, N'', 0, 0, 0, 0, 0, 3817, 47, 1, 0, 0, N'', N'', N'', N'', N'', 0, N'', N'', N'', N'', N'')
GO
SET IDENTITY_INSERT SUserInterface.GridViewDefinitions OFF
GO

IF @@ERROR<>0 OR @@TRANCOUNT=0 BEGIN IF @@TRANCOUNT>0 ROLLBACK SET NOEXEC ON END

--
-- Reseed identity on SUserInterface.GridViewDefinitions
--
PRINT(N'Reseed identity on SUserInterface.GridViewDefinitions')
GO
DBCC CHECKIDENT('SUserInterface.GridViewDefinitions', RESEED, 243)
GO

IF @@ERROR<>0 OR @@TRANCOUNT=0 BEGIN IF @@TRANCOUNT>0 ROLLBACK SET NOEXEC ON END

--
-- Creating constraints for [SCore].[EntityProperties]
--
PRINT(N'Creating constraints for [SCore].[EntityProperties]')
GO
ALTER TABLE SCore.EntityProperties
  ADD CONSTRAINT DEFAULT_EntityProperties_IsObjectLabel DEFAULT (0) FOR IsObjectLabel
ALTER TABLE SCore.EntityProperties
  ADD CONSTRAINT DEFAULT_EntityProperties_IsParentRelationship DEFAULT (0) FOR IsParentRelationship
ALTER TABLE SCore.EntityProperties
  ADD CONSTRAINT DF_EntityProperties_AllowBulkChange DEFAULT (0) FOR AllowBulkChange
ALTER TABLE SCore.EntityProperties
  ADD CONSTRAINT DF_EntityProperties_DoNotTrackChanges DEFAULT (0) FOR DoNotTrackChanges
ALTER TABLE SCore.EntityProperties
  ADD CONSTRAINT DF_EntityProperties_DropDownListDefinitionID DEFAULT (-1) FOR DropDownListDefinitionID
ALTER TABLE SCore.EntityProperties
  ADD CONSTRAINT DF_EntityProperties_EntityDateTypeID DEFAULT (-1) FOR EntityDataTypeID
ALTER TABLE SCore.EntityProperties
  ADD CONSTRAINT DF_EntityProperties_EntityHoBTID DEFAULT (-1) FOR EntityHoBTID
ALTER TABLE SCore.EntityProperties
  ADD CONSTRAINT DF_EntityProperties_EntityPropertyGroupID DEFAULT (-1) FOR EntityPropertyGroupID
ALTER TABLE SCore.EntityProperties
  ADD CONSTRAINT DF_EntityProperties_FixDefaultValue DEFAULT ('') FOR FixedDefaultValue
ALTER TABLE SCore.EntityProperties
  ADD CONSTRAINT DF_EntityProperties_GroupSortOrder DEFAULT (0) FOR GroupSortOrder
ALTER TABLE SCore.EntityProperties
  ADD CONSTRAINT DF_EntityProperties_Guid DEFAULT (newid()) FOR Guid
ALTER TABLE SCore.EntityProperties
  ADD CONSTRAINT DF_EntityProperties_IsAlwaysVisibleInGroup DEFAULT (0) FOR IsAlwaysVisibleInGroup
ALTER TABLE SCore.EntityProperties
  ADD CONSTRAINT DF_EntityProperties_IsAlwaysVisibleInGroup_Mobile DEFAULT (0) FOR IsAlwaysVisibleInGroup_Mobile
ALTER TABLE SCore.EntityProperties
  ADD CONSTRAINT DF_EntityProperties_IsCompulsory DEFAULT (0) FOR IsCompulsory
ALTER TABLE SCore.EntityProperties
  ADD CONSTRAINT DF_EntityProperties_IsHidden DEFAULT (0) FOR IsHidden
ALTER TABLE SCore.EntityProperties
  ADD CONSTRAINT DF_EntityProperties_IsImmutable DEFAULT (0) FOR IsImmutable
ALTER TABLE SCore.EntityProperties
  ADD CONSTRAINT DF_EntityProperties_IsIncludedInformation DEFAULT (0) FOR IsIncludedInformation
ALTER TABLE SCore.EntityProperties
  ADD CONSTRAINT DF_EntityProperties_IsLatitude DEFAULT (0) FOR IsLatitude
ALTER TABLE SCore.EntityProperties
  ADD CONSTRAINT DF_EntityProperties_IsLongitude DEFAULT (0) FOR IsLongitude
ALTER TABLE SCore.EntityProperties
  ADD CONSTRAINT DF_EntityProperties_IsReadOnly DEFAULT (0) FOR IsReadOnly
ALTER TABLE SCore.EntityProperties
  ADD CONSTRAINT DF_EntityProperties_IsUppercase DEFAULT (0) FOR IsUppercase
ALTER TABLE SCore.EntityProperties
  ADD CONSTRAINT DF_EntityProperties_IsVirtual DEFAULT (0) FOR IsVirtual
ALTER TABLE SCore.EntityProperties
  ADD CONSTRAINT DF_EntityProperties_LanguageLabelID DEFAULT (-1) FOR LanguageLabelID
ALTER TABLE SCore.EntityProperties
  ADD CONSTRAINT DF_EntityProperties_MaxLength DEFAULT (0) FOR MaxLength
ALTER TABLE SCore.EntityProperties
  ADD CONSTRAINT DF_EntityProperties_Name DEFAULT ('') FOR Name
ALTER TABLE SCore.EntityProperties
  ADD CONSTRAINT DF_EntityProperties_Precision DEFAULT (0) FOR Precision
ALTER TABLE SCore.EntityProperties
  ADD CONSTRAINT DF_EntityProperties_RowStatus DEFAULT (0) FOR RowStatus
ALTER TABLE SCore.EntityProperties
  ADD CONSTRAINT DF_EntityProperties_Scale DEFAULT (0) FOR Scale
ALTER TABLE SCore.EntityProperties
  ADD CONSTRAINT DF_EntityProperties_ShowOnMobile DEFAULT (0) FOR ShowOnMobile
ALTER TABLE SCore.EntityProperties
  ADD CONSTRAINT DF_EntityProperties_SortOrder DEFAULT (0) FOR SortOrder
ALTER TABLE SCore.EntityProperties
  ADD CONSTRAINT DF_EntityProperties_SqlDefaultValueScript DEFAULT ('') FOR SqlDefaultValueStatement
GO

IF @@ERROR<>0 OR @@TRANCOUNT=0 BEGIN IF @@TRANCOUNT>0 ROLLBACK SET NOEXEC ON END

--
-- Creating constraints for [SCore].[LanguageLabels]
--
PRINT(N'Creating constraints for [SCore].[LanguageLabels]')
GO
ALTER TABLE SCore.LanguageLabels
  ADD CONSTRAINT DF_LanguageLabels_Guid DEFAULT (newid()) FOR Guid
ALTER TABLE SCore.LanguageLabels
  ADD CONSTRAINT DF_LanguageLabels_Name DEFAULT ('') FOR Name
ALTER TABLE SCore.LanguageLabels
  ADD CONSTRAINT DF_LanguageLabels_RowStatus DEFAULT (0) FOR RowStatus
GO

IF @@ERROR<>0 OR @@TRANCOUNT=0 BEGIN IF @@TRANCOUNT>0 ROLLBACK SET NOEXEC ON END

--
-- Creating constraints for [SCore].[LanguageLabelTranslations]
--
PRINT(N'Creating constraints for [SCore].[LanguageLabelTranslations]')
GO
ALTER TABLE SCore.LanguageLabelTranslations
  ADD CONSTRAINT DF_LanguageLabelTranslations_Guid DEFAULT (newid()) FOR Guid
ALTER TABLE SCore.LanguageLabelTranslations
  ADD CONSTRAINT DF_LanguageLabelTranslations_HelpText DEFAULT ('') FOR HelpText
ALTER TABLE SCore.LanguageLabelTranslations
  ADD CONSTRAINT DF_LanguageLabelTranslations_LanguageID DEFAULT (-1) FOR LanguageID
ALTER TABLE SCore.LanguageLabelTranslations
  ADD CONSTRAINT DF_LanguageLabelTranslations_LanguageLabelID DEFAULT (-1) FOR LanguageLabelID
ALTER TABLE SCore.LanguageLabelTranslations
  ADD CONSTRAINT DF_LanguageLabelTranslations_RowStatus DEFAULT (0) FOR RowStatus
ALTER TABLE SCore.LanguageLabelTranslations
  ADD CONSTRAINT DF_LanguageLabelTranslations_Text DEFAULT ('') FOR Text
ALTER TABLE SCore.LanguageLabelTranslations
  ADD CONSTRAINT DF_LanguageLabelTranslations_TextPlural DEFAULT ('') FOR TextPlural
GO

IF @@ERROR<>0 OR @@TRANCOUNT=0 BEGIN IF @@TRANCOUNT>0 ROLLBACK SET NOEXEC ON END

--
-- Creating constraints for [SUserInterface].[GridViewColumnDefinitions]
--
PRINT(N'Creating constraints for [SUserInterface].[GridViewColumnDefinitions]')
GO
ALTER TABLE SUserInterface.GridViewColumnDefinitions
  ADD CONSTRAINT DEFAULT_GridViewColumnDefinitions_Guid DEFAULT (newid()) FOR Guid
ALTER TABLE SUserInterface.GridViewColumnDefinitions
  ADD CONSTRAINT DEFAULT_GridViewColumnDefinitions_IsLatitude DEFAULT (0) FOR IsLatitude
ALTER TABLE SUserInterface.GridViewColumnDefinitions
  ADD CONSTRAINT DEFAULT_GridViewColumnDefinitions_IsLongitude DEFAULT (0) FOR IsLongitude
ALTER TABLE SUserInterface.GridViewColumnDefinitions
  ADD CONSTRAINT DF__GridViewC__Langu__21F4979B DEFAULT (-1) FOR LanguageLabelId
ALTER TABLE SUserInterface.GridViewColumnDefinitions
  ADD CONSTRAINT DF__GridViewC__TopHe__47C14215 DEFAULT ('') FOR TopHeaderCategory
ALTER TABLE SUserInterface.GridViewColumnDefinitions
  ADD CONSTRAINT DF__GridViewC__TopHe__48B5664E DEFAULT (0) FOR TopHeaderCategoryOrder
ALTER TABLE SUserInterface.GridViewColumnDefinitions
  ADD CONSTRAINT DF_GridViewColumnDefinition_GridViewDefinitionId DEFAULT (-1) FOR GridViewDefinitionId
ALTER TABLE SUserInterface.GridViewColumnDefinitions
  ADD CONSTRAINT DF_GridViewColumnDefinition_IsCombo DEFAULT (0) FOR IsCombo
ALTER TABLE SUserInterface.GridViewColumnDefinitions
  ADD CONSTRAINT DF_GridViewColumnDefinition_IsFiltered DEFAULT (0) FOR IsFiltered
ALTER TABLE SUserInterface.GridViewColumnDefinitions
  ADD CONSTRAINT DF_GridViewColumnDefinition_IsHidden DEFAULT (0) FOR IsHidden
ALTER TABLE SUserInterface.GridViewColumnDefinitions
  ADD CONSTRAINT DF_GridViewColumnDefinition_IsPrimaryKey DEFAULT (0) FOR IsPrimaryKey
ALTER TABLE SUserInterface.GridViewColumnDefinitions
  ADD CONSTRAINT DF_GridViewColumnDefinition_Name DEFAULT ('') FOR Name
ALTER TABLE SUserInterface.GridViewColumnDefinitions
  ADD CONSTRAINT DF_GridViewColumnDefinition_order DEFAULT (0) FOR ColumnOrder
ALTER TABLE SUserInterface.GridViewColumnDefinitions
  ADD CONSTRAINT DF_GridViewColumnDefinition_RowStatus DEFAULT (0) FOR RowStatus
ALTER TABLE SUserInterface.GridViewColumnDefinitions
  ADD CONSTRAINT DF_GridViewColumnDefinitions_DisplayFormat DEFAULT ('') FOR DisplayFormat
ALTER TABLE SUserInterface.GridViewColumnDefinitions
  ADD CONSTRAINT DF_GridViewColumnDefinitions_Width DEFAULT ('') FOR Width
GO

IF @@ERROR<>0 OR @@TRANCOUNT=0 BEGIN IF @@TRANCOUNT>0 ROLLBACK SET NOEXEC ON END

--
-- Creating constraints for [SUserInterface].[GridViewDefinitions]
--
PRINT(N'Creating constraints for [SUserInterface].[GridViewDefinitions]')
GO
ALTER TABLE SUserInterface.GridViewDefinitions
  ADD CONSTRAINT DEFAULT_GridViewDefinitions_Guid DEFAULT (newid()) FOR Guid
ALTER TABLE SUserInterface.GridViewDefinitions
  ADD CONSTRAINT DEFAULT_GridViewDefinitions_IsDetailWindowed DEFAULT (0) FOR IsDetailWindowed
ALTER TABLE SUserInterface.GridViewDefinitions
  ADD CONSTRAINT DEFAULT_GridViewDefinitions_MetricEndAngle DEFAULT (0) FOR MetricEndAngle
ALTER TABLE SUserInterface.GridViewDefinitions
  ADD CONSTRAINT DEFAULT_GridViewDefinitions_MetricMajorUnit DEFAULT (0) FOR MetricMajorUnit
ALTER TABLE SUserInterface.GridViewDefinitions
  ADD CONSTRAINT DEFAULT_GridViewDefinitions_MetricMax DEFAULT (0) FOR MetricMax
ALTER TABLE SUserInterface.GridViewDefinitions
  ADD CONSTRAINT DEFAULT_GridViewDefinitions_MetricMin DEFAULT (0) FOR MetricMin
ALTER TABLE SUserInterface.GridViewDefinitions
  ADD CONSTRAINT DEFAULT_GridViewDefinitions_MetricMinorUnit DEFAULT (0) FOR MetricMinorUnit
ALTER TABLE SUserInterface.GridViewDefinitions
  ADD CONSTRAINT DEFAULT_GridViewDefinitions_MetricRange1ColourHex DEFAULT ('') FOR MetricRange1ColourHex
ALTER TABLE SUserInterface.GridViewDefinitions
  ADD CONSTRAINT DEFAULT_GridViewDefinitions_MetricRange1Max DEFAULT (0) FOR MetricRange1Max
ALTER TABLE SUserInterface.GridViewDefinitions
  ADD CONSTRAINT DEFAULT_GridViewDefinitions_MetricRange1Min DEFAULT (0) FOR MetricRange1Min
ALTER TABLE SUserInterface.GridViewDefinitions
  ADD CONSTRAINT DEFAULT_GridViewDefinitions_MetricRange2ColourHex DEFAULT ('') FOR MetricRange2ColourHex
ALTER TABLE SUserInterface.GridViewDefinitions
  ADD CONSTRAINT DEFAULT_GridViewDefinitions_MetricRange2Max DEFAULT (0) FOR MetricRange2Max
ALTER TABLE SUserInterface.GridViewDefinitions
  ADD CONSTRAINT DEFAULT_GridViewDefinitions_MetricRange2Min DEFAULT (0) FOR MetricRange2Min
ALTER TABLE SUserInterface.GridViewDefinitions
  ADD CONSTRAINT DEFAULT_GridViewDefinitions_MetricReversed DEFAULT (0) FOR MetricReversed
ALTER TABLE SUserInterface.GridViewDefinitions
  ADD CONSTRAINT DEFAULT_GridViewDefinitions_MetricStartAngle DEFAULT (0) FOR MetricStartAngle
ALTER TABLE SUserInterface.GridViewDefinitions
  ADD CONSTRAINT DEFAULT_GridViewDefinitions_MetricTypeID DEFAULT (-1) FOR MetricTypeID
ALTER TABLE SUserInterface.GridViewDefinitions
  ADD CONSTRAINT DEFAULT_GridViewDefinitions_ShowMetric DEFAULT (0) FOR ShowMetric
ALTER TABLE SUserInterface.GridViewDefinitions
  ADD CONSTRAINT DF__GridViewD__Filte__77E32648 DEFAULT (N'') FOR FilteredListCreatedOnColumn
ALTER TABLE SUserInterface.GridViewDefinitions
  ADD CONSTRAINT DF__GridViewD__Filte__78D74A81 DEFAULT (N'') FOR FilteredListRedStatusIndicatorTxt
ALTER TABLE SUserInterface.GridViewDefinitions
  ADD CONSTRAINT DF__GridViewD__Filte__79CB6EBA DEFAULT (N'') FOR FilteredListOrangeStatusIndicatorTxt
ALTER TABLE SUserInterface.GridViewDefinitions
  ADD CONSTRAINT DF__GridViewD__Filte__7ABF92F3 DEFAULT (N'') FOR FilteredListGreenStatusIndicatorTxt
ALTER TABLE SUserInterface.GridViewDefinitions
  ADD CONSTRAINT DF__GridViewD__Filte__7BB3B72C DEFAULT (N'') FOR FilteredListGroupBy
ALTER TABLE SUserInterface.GridViewDefinitions
  ADD CONSTRAINT DF_GridViewColumnDefinitions_TreeListFirstOrderBy DEFAULT ('') FOR TreeListFirstOrderBy
ALTER TABLE SUserInterface.GridViewDefinitions
  ADD CONSTRAINT DF_GridViewColumnDefinitions_TreeListGroupBy DEFAULT ('') FOR TreeListGroupBy
ALTER TABLE SUserInterface.GridViewDefinitions
  ADD CONSTRAINT DF_GridViewColumnDefinitions_TreeListOrderBy DEFAULT ('') FOR TreeListOrderBy
ALTER TABLE SUserInterface.GridViewDefinitions
  ADD CONSTRAINT DF_GridViewColumnDefinitions_TreeListSecondOrderBy DEFAULT ('') FOR TreeListSecondOrderBy
ALTER TABLE SUserInterface.GridViewDefinitions
  ADD CONSTRAINT DF_GridViewColumnDefinitions_TreeListThirdOrderBy DEFAULT ('') FOR TreeListThirdOrderBy
ALTER TABLE SUserInterface.GridViewDefinitions
  ADD CONSTRAINT DF_GridViewDefinition_Code DEFAULT ('') FOR Code
ALTER TABLE SUserInterface.GridViewDefinitions
  ADD CONSTRAINT DF_GridViewDefinition_DefaultSortColumnName DEFAULT (N'ID') FOR DefaultSortColumnName
ALTER TABLE SUserInterface.GridViewDefinitions
  ADD CONSTRAINT DF_GridViewDefinition_DetailPageUri DEFAULT ('') FOR DetailPageUri
ALTER TABLE SUserInterface.GridViewDefinitions
  ADD CONSTRAINT DF_GridViewDefinition_DisplayGroupName DEFAULT (N'') FOR DisplayGroupName
ALTER TABLE SUserInterface.GridViewDefinitions
  ADD CONSTRAINT DF_GridViewDefinition_DisplayOrder DEFAULT (0) FOR DisplayOrder
ALTER TABLE SUserInterface.GridViewDefinitions
  ADD CONSTRAINT DF_GridViewDefinition_GridDefinitionId DEFAULT (-1) FOR GridDefinitionId
ALTER TABLE SUserInterface.GridViewDefinitions
  ADD CONSTRAINT DF_GridViewDefinition_RowStatus DEFAULT (0) FOR RowStatus
ALTER TABLE SUserInterface.GridViewDefinitions
  ADD CONSTRAINT DF_GridViewDefinition_SecurableCode DEFAULT (N'') FOR SecurableCode
ALTER TABLE SUserInterface.GridViewDefinitions
  ADD CONSTRAINT DF_GridViewDefinition_SqlQuery DEFAULT ('') FOR SqlQuery
ALTER TABLE SUserInterface.GridViewDefinitions
  ADD CONSTRAINT DF_GridViewDefinition_TileSqlQuery DEFAULT (N'') FOR MetricSqlQuery
ALTER TABLE SUserInterface.GridViewDefinitions
  ADD CONSTRAINT DF_GridViewDefinitions_AllowBulkChange DEFAULT (0) FOR AllowBulkChange
ALTER TABLE SUserInterface.GridViewDefinitions
  ADD CONSTRAINT DF_GridViewDefinitions_AllowCsvExport DEFAULT (0) FOR AllowCsvExport
ALTER TABLE SUserInterface.GridViewDefinitions
  ADD CONSTRAINT DF_GridViewDefinitions_AllowExcelExport DEFAULT (0) FOR AllowExcelExport
ALTER TABLE SUserInterface.GridViewDefinitions
  ADD CONSTRAINT DF_GridViewDefinitions_AllowNew DEFAULT (0) FOR AllowNew
ALTER TABLE SUserInterface.GridViewDefinitions
  ADD CONSTRAINT DF_GridViewDefinitions_AllowPdfExport DEFAULT (0) FOR AllowPdfExport
ALTER TABLE SUserInterface.GridViewDefinitions
  ADD CONSTRAINT DF_GridViewDefinitions_DrawIconId DEFAULT (-1) FOR DrawerIconId
ALTER TABLE SUserInterface.GridViewDefinitions
  ADD CONSTRAINT DF_GridViewDefinitions_EntityTypeID DEFAULT (-1) FOR EntityTypeID
ALTER TABLE SUserInterface.GridViewDefinitions
  ADD CONSTRAINT DF_GridViewDefinitions_GridViewTypeId DEFAULT (-1) FOR GridViewTypeId
ALTER TABLE SUserInterface.GridViewDefinitions
  ADD CONSTRAINT DF_GridViewDefinitions_IsDefaultSortDescending DEFAULT (0) FOR IsDefaultSortDescending
ALTER TABLE SUserInterface.GridViewDefinitions
  ADD CONSTRAINT DF_GridViewDefinitions_IsMobile DEFAULT (0) FOR ShowOnMobile
ALTER TABLE SUserInterface.GridViewDefinitions
  ADD CONSTRAINT DF_GridViewDefinitions_LanguageLabelId DEFAULT (-1) FOR LanguageLabelId
ALTER TABLE SUserInterface.GridViewDefinitions
  ADD CONSTRAINT DF_GridViewDefinitions_ShowOnDashboard DEFAULT (0) FOR ShowOnDashboard
GO

IF @@ERROR<>0 OR @@TRANCOUNT=0 BEGIN IF @@TRANCOUNT>0 ROLLBACK SET NOEXEC ON END

--
-- Creating not null constraints for [SCore].[EntityProperties]
--
PRINT(N'Creating not null constraints for [SCore].[EntityProperties]')
GO
ALTER TABLE SCore.EntityProperties
  ALTER
    COLUMN RowStatus tinyint NOT NULL
GO
IF @@ERROR<>0 OR @@TRANCOUNT=0 BEGIN IF @@TRANCOUNT>0 ROLLBACK SET NOEXEC ON END
--ALTER TABLE SCore.EntityProperties
--  ALTER
--    COLUMN RowVersion timestamp NOT NULL
--GO
--IF @@ERROR<>0 OR @@TRANCOUNT=0 BEGIN IF @@TRANCOUNT>0 ROLLBACK SET NOEXEC ON END
ALTER TABLE SCore.EntityProperties
  ALTER
    COLUMN Guid uniqueidentifier NOT NULL
ALTER TABLE SCore.EntityProperties
  ALTER
    COLUMN Guid ADD ROWGUIDCOL
GO
IF @@ERROR<>0 OR @@TRANCOUNT=0 BEGIN IF @@TRANCOUNT>0 ROLLBACK SET NOEXEC ON END
ALTER TABLE SCore.EntityProperties
  ALTER
    COLUMN Name nvarchar(250) NOT NULL
GO
IF @@ERROR<>0 OR @@TRANCOUNT=0 BEGIN IF @@TRANCOUNT>0 ROLLBACK SET NOEXEC ON END
ALTER TABLE SCore.EntityProperties
  ALTER
    COLUMN LanguageLabelID int NOT NULL
GO
IF @@ERROR<>0 OR @@TRANCOUNT=0 BEGIN IF @@TRANCOUNT>0 ROLLBACK SET NOEXEC ON END
ALTER TABLE SCore.EntityProperties
  ALTER
    COLUMN EntityHoBTID int NOT NULL
GO
IF @@ERROR<>0 OR @@TRANCOUNT=0 BEGIN IF @@TRANCOUNT>0 ROLLBACK SET NOEXEC ON END
ALTER TABLE SCore.EntityProperties
  ALTER
    COLUMN EntityDataTypeID int NOT NULL
GO
IF @@ERROR<>0 OR @@TRANCOUNT=0 BEGIN IF @@TRANCOUNT>0 ROLLBACK SET NOEXEC ON END
ALTER TABLE SCore.EntityProperties
  ALTER
    COLUMN IsReadOnly bit NOT NULL
GO
IF @@ERROR<>0 OR @@TRANCOUNT=0 BEGIN IF @@TRANCOUNT>0 ROLLBACK SET NOEXEC ON END
ALTER TABLE SCore.EntityProperties
  ALTER
    COLUMN IsImmutable bit NOT NULL
GO
IF @@ERROR<>0 OR @@TRANCOUNT=0 BEGIN IF @@TRANCOUNT>0 ROLLBACK SET NOEXEC ON END
ALTER TABLE SCore.EntityProperties
  ALTER
    COLUMN IsUppercase bit NOT NULL
GO
IF @@ERROR<>0 OR @@TRANCOUNT=0 BEGIN IF @@TRANCOUNT>0 ROLLBACK SET NOEXEC ON END
ALTER TABLE SCore.EntityProperties
  ALTER
    COLUMN IsHidden bit NOT NULL
GO
IF @@ERROR<>0 OR @@TRANCOUNT=0 BEGIN IF @@TRANCOUNT>0 ROLLBACK SET NOEXEC ON END
ALTER TABLE SCore.EntityProperties
  ALTER
    COLUMN IsCompulsory bit NOT NULL
GO
IF @@ERROR<>0 OR @@TRANCOUNT=0 BEGIN IF @@TRANCOUNT>0 ROLLBACK SET NOEXEC ON END
ALTER TABLE SCore.EntityProperties
  ALTER
    COLUMN MaxLength int NOT NULL
GO
IF @@ERROR<>0 OR @@TRANCOUNT=0 BEGIN IF @@TRANCOUNT>0 ROLLBACK SET NOEXEC ON END
ALTER TABLE SCore.EntityProperties
  ALTER
    COLUMN Precision int NOT NULL
GO
IF @@ERROR<>0 OR @@TRANCOUNT=0 BEGIN IF @@TRANCOUNT>0 ROLLBACK SET NOEXEC ON END
ALTER TABLE SCore.EntityProperties
  ALTER
    COLUMN Scale int NOT NULL
GO
IF @@ERROR<>0 OR @@TRANCOUNT=0 BEGIN IF @@TRANCOUNT>0 ROLLBACK SET NOEXEC ON END
ALTER TABLE SCore.EntityProperties
  ALTER
    COLUMN DoNotTrackChanges bit NOT NULL
GO
IF @@ERROR<>0 OR @@TRANCOUNT=0 BEGIN IF @@TRANCOUNT>0 ROLLBACK SET NOEXEC ON END
ALTER TABLE SCore.EntityProperties
  ALTER
    COLUMN EntityPropertyGroupID int NOT NULL
GO
IF @@ERROR<>0 OR @@TRANCOUNT=0 BEGIN IF @@TRANCOUNT>0 ROLLBACK SET NOEXEC ON END
ALTER TABLE SCore.EntityProperties
  ALTER
    COLUMN SortOrder smallint NOT NULL
GO
IF @@ERROR<>0 OR @@TRANCOUNT=0 BEGIN IF @@TRANCOUNT>0 ROLLBACK SET NOEXEC ON END
ALTER TABLE SCore.EntityProperties
  ALTER
    COLUMN GroupSortOrder smallint NOT NULL
GO
IF @@ERROR<>0 OR @@TRANCOUNT=0 BEGIN IF @@TRANCOUNT>0 ROLLBACK SET NOEXEC ON END
ALTER TABLE SCore.EntityProperties
  ALTER
    COLUMN IsObjectLabel bit NOT NULL
GO
IF @@ERROR<>0 OR @@TRANCOUNT=0 BEGIN IF @@TRANCOUNT>0 ROLLBACK SET NOEXEC ON END
ALTER TABLE SCore.EntityProperties
  ALTER
    COLUMN DropDownListDefinitionID int NOT NULL
GO
IF @@ERROR<>0 OR @@TRANCOUNT=0 BEGIN IF @@TRANCOUNT>0 ROLLBACK SET NOEXEC ON END
ALTER TABLE SCore.EntityProperties
  ALTER
    COLUMN IsParentRelationship bit NOT NULL
GO
IF @@ERROR<>0 OR @@TRANCOUNT=0 BEGIN IF @@TRANCOUNT>0 ROLLBACK SET NOEXEC ON END
ALTER TABLE SCore.EntityProperties
  ALTER
    COLUMN IsLongitude bit NOT NULL
GO
IF @@ERROR<>0 OR @@TRANCOUNT=0 BEGIN IF @@TRANCOUNT>0 ROLLBACK SET NOEXEC ON END
ALTER TABLE SCore.EntityProperties
  ALTER
    COLUMN IsLatitude bit NOT NULL
GO
IF @@ERROR<>0 OR @@TRANCOUNT=0 BEGIN IF @@TRANCOUNT>0 ROLLBACK SET NOEXEC ON END
ALTER TABLE SCore.EntityProperties
  ALTER
    COLUMN IsIncludedInformation bit NOT NULL
GO
IF @@ERROR<>0 OR @@TRANCOUNT=0 BEGIN IF @@TRANCOUNT>0 ROLLBACK SET NOEXEC ON END
ALTER TABLE SCore.EntityProperties
  ALTER
    COLUMN FixedDefaultValue nvarchar(50) NOT NULL
GO
IF @@ERROR<>0 OR @@TRANCOUNT=0 BEGIN IF @@TRANCOUNT>0 ROLLBACK SET NOEXEC ON END
ALTER TABLE SCore.EntityProperties
  ALTER
    COLUMN SqlDefaultValueStatement nvarchar(4000) NOT NULL
GO
IF @@ERROR<>0 OR @@TRANCOUNT=0 BEGIN IF @@TRANCOUNT>0 ROLLBACK SET NOEXEC ON END
ALTER TABLE SCore.EntityProperties
  ALTER
    COLUMN AllowBulkChange bit NOT NULL
GO
IF @@ERROR<>0 OR @@TRANCOUNT=0 BEGIN IF @@TRANCOUNT>0 ROLLBACK SET NOEXEC ON END
ALTER TABLE SCore.EntityProperties
  ALTER
    COLUMN IsVirtual bit NOT NULL
GO
IF @@ERROR<>0 OR @@TRANCOUNT=0 BEGIN IF @@TRANCOUNT>0 ROLLBACK SET NOEXEC ON END
ALTER TABLE SCore.EntityProperties
  ALTER
    COLUMN ShowOnMobile bit NOT NULL
GO
IF @@ERROR<>0 OR @@TRANCOUNT=0 BEGIN IF @@TRANCOUNT>0 ROLLBACK SET NOEXEC ON END
ALTER TABLE SCore.EntityProperties
  ALTER
    COLUMN IsAlwaysVisibleInGroup bit NOT NULL
GO
IF @@ERROR<>0 OR @@TRANCOUNT=0 BEGIN IF @@TRANCOUNT>0 ROLLBACK SET NOEXEC ON END
ALTER TABLE SCore.EntityProperties
  ALTER
    COLUMN IsAlwaysVisibleInGroup_Mobile bit NOT NULL
GO

IF @@ERROR<>0 OR @@TRANCOUNT=0 BEGIN IF @@TRANCOUNT>0 ROLLBACK SET NOEXEC ON END

--
-- Creating not null constraints for [SCore].[LanguageLabels]
--
PRINT(N'Creating not null constraints for [SCore].[LanguageLabels]')
GO
ALTER TABLE SCore.LanguageLabels
  ALTER
    COLUMN RowStatus tinyint NOT NULL
GO
IF @@ERROR<>0 OR @@TRANCOUNT=0 BEGIN IF @@TRANCOUNT>0 ROLLBACK SET NOEXEC ON END
--ALTER TABLE SCore.LanguageLabels
--  ALTER
--    COLUMN RowVersion timestamp NOT NULL
--GO
--IF @@ERROR<>0 OR @@TRANCOUNT=0 BEGIN IF @@TRANCOUNT>0 ROLLBACK SET NOEXEC ON END
ALTER TABLE SCore.LanguageLabels
  ALTER
    COLUMN Guid uniqueidentifier NOT NULL
ALTER TABLE SCore.LanguageLabels
  ALTER
    COLUMN Guid ADD ROWGUIDCOL
GO
IF @@ERROR<>0 OR @@TRANCOUNT=0 BEGIN IF @@TRANCOUNT>0 ROLLBACK SET NOEXEC ON END
ALTER TABLE SCore.LanguageLabels
  ALTER
    COLUMN Name nvarchar(250) NOT NULL
GO

IF @@ERROR<>0 OR @@TRANCOUNT=0 BEGIN IF @@TRANCOUNT>0 ROLLBACK SET NOEXEC ON END

--
-- Creating not null constraints for [SCore].[LanguageLabelTranslations]
--
PRINT(N'Creating not null constraints for [SCore].[LanguageLabelTranslations]')
GO
ALTER TABLE SCore.LanguageLabelTranslations
  ALTER
    COLUMN RowStatus tinyint NOT NULL
GO
IF @@ERROR<>0 OR @@TRANCOUNT=0 BEGIN IF @@TRANCOUNT>0 ROLLBACK SET NOEXEC ON END
--ALTER TABLE SCore.LanguageLabelTranslations
--  ALTER
--    COLUMN RowVersion timestamp NOT NULL
--GO
--IF @@ERROR<>0 OR @@TRANCOUNT=0 BEGIN IF @@TRANCOUNT>0 ROLLBACK SET NOEXEC ON END
ALTER TABLE SCore.LanguageLabelTranslations
  ALTER
    COLUMN Guid uniqueidentifier NOT NULL
ALTER TABLE SCore.LanguageLabelTranslations
  ALTER
    COLUMN Guid ADD ROWGUIDCOL
GO
IF @@ERROR<>0 OR @@TRANCOUNT=0 BEGIN IF @@TRANCOUNT>0 ROLLBACK SET NOEXEC ON END
ALTER TABLE SCore.LanguageLabelTranslations
  ALTER
    COLUMN Text nvarchar(250) NOT NULL
GO
IF @@ERROR<>0 OR @@TRANCOUNT=0 BEGIN IF @@TRANCOUNT>0 ROLLBACK SET NOEXEC ON END
ALTER TABLE SCore.LanguageLabelTranslations
  ALTER
    COLUMN TextPlural nvarchar(250) NOT NULL
GO
IF @@ERROR<>0 OR @@TRANCOUNT=0 BEGIN IF @@TRANCOUNT>0 ROLLBACK SET NOEXEC ON END
ALTER TABLE SCore.LanguageLabelTranslations
  ALTER
    COLUMN LanguageLabelID int NOT NULL
GO
IF @@ERROR<>0 OR @@TRANCOUNT=0 BEGIN IF @@TRANCOUNT>0 ROLLBACK SET NOEXEC ON END
ALTER TABLE SCore.LanguageLabelTranslations
  ALTER
    COLUMN LanguageID int NOT NULL
GO
IF @@ERROR<>0 OR @@TRANCOUNT=0 BEGIN IF @@TRANCOUNT>0 ROLLBACK SET NOEXEC ON END
ALTER TABLE SCore.LanguageLabelTranslations
  ALTER
    COLUMN HelpText nvarchar(max) NOT NULL
GO

IF @@ERROR<>0 OR @@TRANCOUNT=0 BEGIN IF @@TRANCOUNT>0 ROLLBACK SET NOEXEC ON END

--
-- Creating not null constraints for [SUserInterface].[GridViewColumnDefinitions]
--
PRINT(N'Creating not null constraints for [SUserInterface].[GridViewColumnDefinitions]')
GO
ALTER TABLE SUserInterface.GridViewColumnDefinitions
  ALTER
    COLUMN RowStatus tinyint NOT NULL
GO
IF @@ERROR<>0 OR @@TRANCOUNT=0 BEGIN IF @@TRANCOUNT>0 ROLLBACK SET NOEXEC ON END
--ALTER TABLE SUserInterface.GridViewColumnDefinitions
--  ALTER
--    COLUMN RowVersion timestamp NOT NULL
--GO
--IF @@ERROR<>0 OR @@TRANCOUNT=0 BEGIN IF @@TRANCOUNT>0 ROLLBACK SET NOEXEC ON END
ALTER TABLE SUserInterface.GridViewColumnDefinitions
  ALTER
    COLUMN Guid uniqueidentifier NOT NULL
ALTER TABLE SUserInterface.GridViewColumnDefinitions
  ALTER
    COLUMN Guid ADD ROWGUIDCOL
GO
IF @@ERROR<>0 OR @@TRANCOUNT=0 BEGIN IF @@TRANCOUNT>0 ROLLBACK SET NOEXEC ON END
ALTER TABLE SUserInterface.GridViewColumnDefinitions
  ALTER
    COLUMN Name nvarchar(100) NOT NULL
GO
IF @@ERROR<>0 OR @@TRANCOUNT=0 BEGIN IF @@TRANCOUNT>0 ROLLBACK SET NOEXEC ON END
ALTER TABLE SUserInterface.GridViewColumnDefinitions
  ALTER
    COLUMN ColumnOrder int NOT NULL
GO
IF @@ERROR<>0 OR @@TRANCOUNT=0 BEGIN IF @@TRANCOUNT>0 ROLLBACK SET NOEXEC ON END
ALTER TABLE SUserInterface.GridViewColumnDefinitions
  ALTER
    COLUMN GridViewDefinitionId int NOT NULL
GO
IF @@ERROR<>0 OR @@TRANCOUNT=0 BEGIN IF @@TRANCOUNT>0 ROLLBACK SET NOEXEC ON END
ALTER TABLE SUserInterface.GridViewColumnDefinitions
  ALTER
    COLUMN IsPrimaryKey bit NOT NULL
GO
IF @@ERROR<>0 OR @@TRANCOUNT=0 BEGIN IF @@TRANCOUNT>0 ROLLBACK SET NOEXEC ON END
ALTER TABLE SUserInterface.GridViewColumnDefinitions
  ALTER
    COLUMN IsHidden bit NOT NULL
GO
IF @@ERROR<>0 OR @@TRANCOUNT=0 BEGIN IF @@TRANCOUNT>0 ROLLBACK SET NOEXEC ON END
ALTER TABLE SUserInterface.GridViewColumnDefinitions
  ALTER
    COLUMN IsFiltered bit NOT NULL
GO
IF @@ERROR<>0 OR @@TRANCOUNT=0 BEGIN IF @@TRANCOUNT>0 ROLLBACK SET NOEXEC ON END
ALTER TABLE SUserInterface.GridViewColumnDefinitions
  ALTER
    COLUMN IsCombo bit NOT NULL
GO
IF @@ERROR<>0 OR @@TRANCOUNT=0 BEGIN IF @@TRANCOUNT>0 ROLLBACK SET NOEXEC ON END
ALTER TABLE SUserInterface.GridViewColumnDefinitions
  ALTER
    COLUMN IsLongitude bit NOT NULL
GO
IF @@ERROR<>0 OR @@TRANCOUNT=0 BEGIN IF @@TRANCOUNT>0 ROLLBACK SET NOEXEC ON END
ALTER TABLE SUserInterface.GridViewColumnDefinitions
  ALTER
    COLUMN IsLatitude bit NOT NULL
GO
IF @@ERROR<>0 OR @@TRANCOUNT=0 BEGIN IF @@TRANCOUNT>0 ROLLBACK SET NOEXEC ON END
ALTER TABLE SUserInterface.GridViewColumnDefinitions
  ALTER
    COLUMN DisplayFormat nvarchar(50) NOT NULL
GO
IF @@ERROR<>0 OR @@TRANCOUNT=0 BEGIN IF @@TRANCOUNT>0 ROLLBACK SET NOEXEC ON END
ALTER TABLE SUserInterface.GridViewColumnDefinitions
  ALTER
    COLUMN Width nvarchar(10) NOT NULL
GO
IF @@ERROR<>0 OR @@TRANCOUNT=0 BEGIN IF @@TRANCOUNT>0 ROLLBACK SET NOEXEC ON END
ALTER TABLE SUserInterface.GridViewColumnDefinitions
  ALTER
    COLUMN LanguageLabelId int NOT NULL
GO
IF @@ERROR<>0 OR @@TRANCOUNT=0 BEGIN IF @@TRANCOUNT>0 ROLLBACK SET NOEXEC ON END
ALTER TABLE SUserInterface.GridViewColumnDefinitions
  ALTER
    COLUMN TopHeaderCategory nvarchar(50) NOT NULL
GO
IF @@ERROR<>0 OR @@TRANCOUNT=0 BEGIN IF @@TRANCOUNT>0 ROLLBACK SET NOEXEC ON END
ALTER TABLE SUserInterface.GridViewColumnDefinitions
  ALTER
    COLUMN TopHeaderCategoryOrder int NOT NULL
GO

IF @@ERROR<>0 OR @@TRANCOUNT=0 BEGIN IF @@TRANCOUNT>0 ROLLBACK SET NOEXEC ON END

--
-- Creating not null constraints for [SUserInterface].[GridViewDefinitions]
--
PRINT(N'Creating not null constraints for [SUserInterface].[GridViewDefinitions]')
GO
ALTER TABLE SUserInterface.GridViewDefinitions
  ALTER
    COLUMN RowStatus tinyint NOT NULL
GO
IF @@ERROR<>0 OR @@TRANCOUNT=0 BEGIN IF @@TRANCOUNT>0 ROLLBACK SET NOEXEC ON END
--ALTER TABLE SUserInterface.GridViewDefinitions
--  ALTER
--    COLUMN RowVersion timestamp NOT NULL
--GO
--IF @@ERROR<>0 OR @@TRANCOUNT=0 BEGIN IF @@TRANCOUNT>0 ROLLBACK SET NOEXEC ON END
ALTER TABLE SUserInterface.GridViewDefinitions
  ALTER
    COLUMN Guid uniqueidentifier NOT NULL
ALTER TABLE SUserInterface.GridViewDefinitions
  ALTER
    COLUMN Guid ADD ROWGUIDCOL
GO
IF @@ERROR<>0 OR @@TRANCOUNT=0 BEGIN IF @@TRANCOUNT>0 ROLLBACK SET NOEXEC ON END
ALTER TABLE SUserInterface.GridViewDefinitions
  ALTER
    COLUMN Code nvarchar(20) NOT NULL
GO
IF @@ERROR<>0 OR @@TRANCOUNT=0 BEGIN IF @@TRANCOUNT>0 ROLLBACK SET NOEXEC ON END
ALTER TABLE SUserInterface.GridViewDefinitions
  ALTER
    COLUMN GridDefinitionId int NOT NULL
GO
IF @@ERROR<>0 OR @@TRANCOUNT=0 BEGIN IF @@TRANCOUNT>0 ROLLBACK SET NOEXEC ON END
ALTER TABLE SUserInterface.GridViewDefinitions
  ALTER
    COLUMN DetailPageUri nvarchar(250) NOT NULL
GO
IF @@ERROR<>0 OR @@TRANCOUNT=0 BEGIN IF @@TRANCOUNT>0 ROLLBACK SET NOEXEC ON END
ALTER TABLE SUserInterface.GridViewDefinitions
  ALTER
    COLUMN SqlQuery nvarchar(max) NOT NULL
GO
IF @@ERROR<>0 OR @@TRANCOUNT=0 BEGIN IF @@TRANCOUNT>0 ROLLBACK SET NOEXEC ON END
ALTER TABLE SUserInterface.GridViewDefinitions
  ALTER
    COLUMN DefaultSortColumnName nvarchar(250) NOT NULL
GO
IF @@ERROR<>0 OR @@TRANCOUNT=0 BEGIN IF @@TRANCOUNT>0 ROLLBACK SET NOEXEC ON END
ALTER TABLE SUserInterface.GridViewDefinitions
  ALTER
    COLUMN SecurableCode nvarchar(20) NOT NULL
GO
IF @@ERROR<>0 OR @@TRANCOUNT=0 BEGIN IF @@TRANCOUNT>0 ROLLBACK SET NOEXEC ON END
ALTER TABLE SUserInterface.GridViewDefinitions
  ALTER
    COLUMN DisplayOrder int NOT NULL
GO
IF @@ERROR<>0 OR @@TRANCOUNT=0 BEGIN IF @@TRANCOUNT>0 ROLLBACK SET NOEXEC ON END
ALTER TABLE SUserInterface.GridViewDefinitions
  ALTER
    COLUMN DisplayGroupName nvarchar(50) NOT NULL
GO
IF @@ERROR<>0 OR @@TRANCOUNT=0 BEGIN IF @@TRANCOUNT>0 ROLLBACK SET NOEXEC ON END
ALTER TABLE SUserInterface.GridViewDefinitions
  ALTER
    COLUMN MetricSqlQuery nvarchar(max) NOT NULL
GO
IF @@ERROR<>0 OR @@TRANCOUNT=0 BEGIN IF @@TRANCOUNT>0 ROLLBACK SET NOEXEC ON END
ALTER TABLE SUserInterface.GridViewDefinitions
  ALTER
    COLUMN ShowMetric bit NOT NULL
GO
IF @@ERROR<>0 OR @@TRANCOUNT=0 BEGIN IF @@TRANCOUNT>0 ROLLBACK SET NOEXEC ON END
ALTER TABLE SUserInterface.GridViewDefinitions
  ALTER
    COLUMN IsDetailWindowed bit NOT NULL
GO
IF @@ERROR<>0 OR @@TRANCOUNT=0 BEGIN IF @@TRANCOUNT>0 ROLLBACK SET NOEXEC ON END
ALTER TABLE SUserInterface.GridViewDefinitions
  ALTER
    COLUMN EntityTypeID int NOT NULL
GO
IF @@ERROR<>0 OR @@TRANCOUNT=0 BEGIN IF @@TRANCOUNT>0 ROLLBACK SET NOEXEC ON END
ALTER TABLE SUserInterface.GridViewDefinitions
  ALTER
    COLUMN MetricTypeID int NOT NULL
GO
IF @@ERROR<>0 OR @@TRANCOUNT=0 BEGIN IF @@TRANCOUNT>0 ROLLBACK SET NOEXEC ON END
ALTER TABLE SUserInterface.GridViewDefinitions
  ALTER
    COLUMN MetricMin int NOT NULL
GO
IF @@ERROR<>0 OR @@TRANCOUNT=0 BEGIN IF @@TRANCOUNT>0 ROLLBACK SET NOEXEC ON END
ALTER TABLE SUserInterface.GridViewDefinitions
  ALTER
    COLUMN MetricMax int NOT NULL
GO
IF @@ERROR<>0 OR @@TRANCOUNT=0 BEGIN IF @@TRANCOUNT>0 ROLLBACK SET NOEXEC ON END
ALTER TABLE SUserInterface.GridViewDefinitions
  ALTER
    COLUMN MetricMinorUnit int NOT NULL
GO
IF @@ERROR<>0 OR @@TRANCOUNT=0 BEGIN IF @@TRANCOUNT>0 ROLLBACK SET NOEXEC ON END
ALTER TABLE SUserInterface.GridViewDefinitions
  ALTER
    COLUMN MetricMajorUnit int NOT NULL
GO
IF @@ERROR<>0 OR @@TRANCOUNT=0 BEGIN IF @@TRANCOUNT>0 ROLLBACK SET NOEXEC ON END
ALTER TABLE SUserInterface.GridViewDefinitions
  ALTER
    COLUMN MetricStartAngle int NOT NULL
GO
IF @@ERROR<>0 OR @@TRANCOUNT=0 BEGIN IF @@TRANCOUNT>0 ROLLBACK SET NOEXEC ON END
ALTER TABLE SUserInterface.GridViewDefinitions
  ALTER
    COLUMN MetricEndAngle int NOT NULL
GO
IF @@ERROR<>0 OR @@TRANCOUNT=0 BEGIN IF @@TRANCOUNT>0 ROLLBACK SET NOEXEC ON END
ALTER TABLE SUserInterface.GridViewDefinitions
  ALTER
    COLUMN MetricReversed bit NOT NULL
GO
IF @@ERROR<>0 OR @@TRANCOUNT=0 BEGIN IF @@TRANCOUNT>0 ROLLBACK SET NOEXEC ON END
ALTER TABLE SUserInterface.GridViewDefinitions
  ALTER
    COLUMN MetricRange1Min decimal NOT NULL
GO
IF @@ERROR<>0 OR @@TRANCOUNT=0 BEGIN IF @@TRANCOUNT>0 ROLLBACK SET NOEXEC ON END
ALTER TABLE SUserInterface.GridViewDefinitions
  ALTER
    COLUMN MetricRange1Max decimal NOT NULL
GO
IF @@ERROR<>0 OR @@TRANCOUNT=0 BEGIN IF @@TRANCOUNT>0 ROLLBACK SET NOEXEC ON END
ALTER TABLE SUserInterface.GridViewDefinitions
  ALTER
    COLUMN MetricRange1ColourHex nvarchar(10) NOT NULL
GO
IF @@ERROR<>0 OR @@TRANCOUNT=0 BEGIN IF @@TRANCOUNT>0 ROLLBACK SET NOEXEC ON END
ALTER TABLE SUserInterface.GridViewDefinitions
  ALTER
    COLUMN MetricRange2Min decimal NOT NULL
GO
IF @@ERROR<>0 OR @@TRANCOUNT=0 BEGIN IF @@TRANCOUNT>0 ROLLBACK SET NOEXEC ON END
ALTER TABLE SUserInterface.GridViewDefinitions
  ALTER
    COLUMN MetricRange2Max decimal NOT NULL
GO
IF @@ERROR<>0 OR @@TRANCOUNT=0 BEGIN IF @@TRANCOUNT>0 ROLLBACK SET NOEXEC ON END
ALTER TABLE SUserInterface.GridViewDefinitions
  ALTER
    COLUMN MetricRange2ColourHex nvarchar(10) NOT NULL
GO
IF @@ERROR<>0 OR @@TRANCOUNT=0 BEGIN IF @@TRANCOUNT>0 ROLLBACK SET NOEXEC ON END
ALTER TABLE SUserInterface.GridViewDefinitions
  ALTER
    COLUMN IsDefaultSortDescending bit NOT NULL
GO
IF @@ERROR<>0 OR @@TRANCOUNT=0 BEGIN IF @@TRANCOUNT>0 ROLLBACK SET NOEXEC ON END
ALTER TABLE SUserInterface.GridViewDefinitions
  ALTER
    COLUMN AllowNew bit NOT NULL
GO
IF @@ERROR<>0 OR @@TRANCOUNT=0 BEGIN IF @@TRANCOUNT>0 ROLLBACK SET NOEXEC ON END
ALTER TABLE SUserInterface.GridViewDefinitions
  ALTER
    COLUMN AllowExcelExport bit NOT NULL
GO
IF @@ERROR<>0 OR @@TRANCOUNT=0 BEGIN IF @@TRANCOUNT>0 ROLLBACK SET NOEXEC ON END
ALTER TABLE SUserInterface.GridViewDefinitions
  ALTER
    COLUMN AllowPdfExport bit NOT NULL
GO
IF @@ERROR<>0 OR @@TRANCOUNT=0 BEGIN IF @@TRANCOUNT>0 ROLLBACK SET NOEXEC ON END
ALTER TABLE SUserInterface.GridViewDefinitions
  ALTER
    COLUMN AllowCsvExport bit NOT NULL
GO
IF @@ERROR<>0 OR @@TRANCOUNT=0 BEGIN IF @@TRANCOUNT>0 ROLLBACK SET NOEXEC ON END
ALTER TABLE SUserInterface.GridViewDefinitions
  ALTER
    COLUMN LanguageLabelId int NOT NULL
GO
IF @@ERROR<>0 OR @@TRANCOUNT=0 BEGIN IF @@TRANCOUNT>0 ROLLBACK SET NOEXEC ON END
ALTER TABLE SUserInterface.GridViewDefinitions
  ALTER
    COLUMN DrawerIconId int NOT NULL
GO
IF @@ERROR<>0 OR @@TRANCOUNT=0 BEGIN IF @@TRANCOUNT>0 ROLLBACK SET NOEXEC ON END
ALTER TABLE SUserInterface.GridViewDefinitions
  ALTER
    COLUMN GridViewTypeId int NOT NULL
GO
IF @@ERROR<>0 OR @@TRANCOUNT=0 BEGIN IF @@TRANCOUNT>0 ROLLBACK SET NOEXEC ON END
ALTER TABLE SUserInterface.GridViewDefinitions
  ALTER
    COLUMN AllowBulkChange bit NOT NULL
GO
IF @@ERROR<>0 OR @@TRANCOUNT=0 BEGIN IF @@TRANCOUNT>0 ROLLBACK SET NOEXEC ON END
ALTER TABLE SUserInterface.GridViewDefinitions
  ALTER
    COLUMN ShowOnMobile bit NOT NULL
GO
IF @@ERROR<>0 OR @@TRANCOUNT=0 BEGIN IF @@TRANCOUNT>0 ROLLBACK SET NOEXEC ON END
ALTER TABLE SUserInterface.GridViewDefinitions
  ALTER
    COLUMN TreeListFirstOrderBy nvarchar(100) NOT NULL
GO
IF @@ERROR<>0 OR @@TRANCOUNT=0 BEGIN IF @@TRANCOUNT>0 ROLLBACK SET NOEXEC ON END
ALTER TABLE SUserInterface.GridViewDefinitions
  ALTER
    COLUMN TreeListSecondOrderBy nvarchar(100) NOT NULL
GO
IF @@ERROR<>0 OR @@TRANCOUNT=0 BEGIN IF @@TRANCOUNT>0 ROLLBACK SET NOEXEC ON END
ALTER TABLE SUserInterface.GridViewDefinitions
  ALTER
    COLUMN TreeListThirdOrderBy nvarchar(100) NOT NULL
GO
IF @@ERROR<>0 OR @@TRANCOUNT=0 BEGIN IF @@TRANCOUNT>0 ROLLBACK SET NOEXEC ON END
ALTER TABLE SUserInterface.GridViewDefinitions
  ALTER
    COLUMN TreeListOrderBy nvarchar(100) NOT NULL
GO
IF @@ERROR<>0 OR @@TRANCOUNT=0 BEGIN IF @@TRANCOUNT>0 ROLLBACK SET NOEXEC ON END
ALTER TABLE SUserInterface.GridViewDefinitions
  ALTER
    COLUMN TreeListGroupBy nvarchar(100) NOT NULL
GO
IF @@ERROR<>0 OR @@TRANCOUNT=0 BEGIN IF @@TRANCOUNT>0 ROLLBACK SET NOEXEC ON END
ALTER TABLE SUserInterface.GridViewDefinitions
  ALTER
    COLUMN ShowOnDashboard bit NOT NULL
GO
IF @@ERROR<>0 OR @@TRANCOUNT=0 BEGIN IF @@TRANCOUNT>0 ROLLBACK SET NOEXEC ON END
ALTER TABLE SUserInterface.GridViewDefinitions
  ALTER
    COLUMN FilteredListCreatedOnColumn nvarchar(100) NOT NULL
GO
IF @@ERROR<>0 OR @@TRANCOUNT=0 BEGIN IF @@TRANCOUNT>0 ROLLBACK SET NOEXEC ON END
ALTER TABLE SUserInterface.GridViewDefinitions
  ALTER
    COLUMN FilteredListRedStatusIndicatorTxt nvarchar(100) NOT NULL
GO
IF @@ERROR<>0 OR @@TRANCOUNT=0 BEGIN IF @@TRANCOUNT>0 ROLLBACK SET NOEXEC ON END
ALTER TABLE SUserInterface.GridViewDefinitions
  ALTER
    COLUMN FilteredListOrangeStatusIndicatorTxt nvarchar(100) NOT NULL
GO
IF @@ERROR<>0 OR @@TRANCOUNT=0 BEGIN IF @@TRANCOUNT>0 ROLLBACK SET NOEXEC ON END
ALTER TABLE SUserInterface.GridViewDefinitions
  ALTER
    COLUMN FilteredListGreenStatusIndicatorTxt nvarchar(100) NOT NULL
GO
IF @@ERROR<>0 OR @@TRANCOUNT=0 BEGIN IF @@TRANCOUNT>0 ROLLBACK SET NOEXEC ON END
ALTER TABLE SUserInterface.GridViewDefinitions
  ALTER
    COLUMN FilteredListGroupBy nvarchar(100) NOT NULL
GO

IF @@ERROR<>0 OR @@TRANCOUNT=0 BEGIN IF @@TRANCOUNT>0 ROLLBACK SET NOEXEC ON END

--
-- Creating indexes and constraints for [SCore].[EntityProperties]
--
PRINT(N'Creating indexes and constraints for [SCore].[EntityProperties]')
GO
CREATE UNIQUE INDEX IX_UQ_EntityProperties_Hobt_Name
  ON SCore.EntityProperties (EntityHoBTID, Name, RowStatus)
  INCLUDE (Guid)
  WHERE ([RowStatus]<>(0) AND [RowStatus]<>(254))
  WITH (FILLFACTOR = 100)
  ON [PRIMARY]
GO
IF @@ERROR<>0 OR @@TRANCOUNT=0 BEGIN IF @@TRANCOUNT>0 ROLLBACK SET NOEXEC ON END
CREATE UNIQUE INDEX IX_UQ_EntityProperties_Guid
  ON SCore.EntityProperties (Guid)
  WITH (FILLFACTOR = 100)
  ON [PRIMARY]
GO
IF @@ERROR<>0 OR @@TRANCOUNT=0 BEGIN IF @@TRANCOUNT>0 ROLLBACK SET NOEXEC ON END
CREATE INDEX IX_HobtProperties
  ON SCore.EntityProperties (EntityHoBTID, RowStatus)
  WHERE ([RowStatus]<>(0) AND [RowStatus]<>(254))
  WITH (FILLFACTOR = 100)
  ON METADATA
GO

IF @@ERROR<>0 OR @@TRANCOUNT=0 BEGIN IF @@TRANCOUNT>0 ROLLBACK SET NOEXEC ON END

--
-- Creating indexes and constraints for [SUserInterface].[GridViewColumnDefinitions]
--
PRINT(N'Creating indexes and constraints for [SUserInterface].[GridViewColumnDefinitions]')
GO
CREATE UNIQUE INDEX IX_UQ_GridViewColumndefinition_IsPrimaryKey
  ON SUserInterface.GridViewColumnDefinitions (GridViewDefinitionId, IsPrimaryKey)
  WHERE ([IsPrimaryKey]=(1))
  WITH (FILLFACTOR = 90)
  ON [PRIMARY]
GO
IF @@ERROR<>0 OR @@TRANCOUNT=0 BEGIN IF @@TRANCOUNT>0 ROLLBACK SET NOEXEC ON END
CREATE UNIQUE INDEX IX_UQ_GridViewColumnDefinition_Guid
  ON SUserInterface.GridViewColumnDefinitions (Guid)
  WITH (FILLFACTOR = 90)
  ON [PRIMARY]
GO
IF @@ERROR<>0 OR @@TRANCOUNT=0 BEGIN IF @@TRANCOUNT>0 ROLLBACK SET NOEXEC ON END
CREATE INDEX IX_GridViewColumnDefinitions_GridView
  ON SUserInterface.GridViewColumnDefinitions (GridViewDefinitionId, RowStatus)
  WHERE ([RowStatus]<>(0) AND [RowStatus]<>(254))
  WITH (FILLFACTOR = 90)
  ON METADATA
GO

IF @@ERROR<>0 OR @@TRANCOUNT=0 BEGIN IF @@TRANCOUNT>0 ROLLBACK SET NOEXEC ON END

--
-- Creating indexes and constraints for [SUserInterface].[GridViewDefinitions]
--
PRINT(N'Creating indexes and constraints for [SUserInterface].[GridViewDefinitions]')
GO
CREATE UNIQUE INDEX IX_UQ_GridViewDefinition_SortOrder
  ON SUserInterface.GridViewDefinitions (DisplayOrder, GridDefinitionId, RowStatus)
  WHERE ([RowStatus]=(1) AND [DisplayOrder]<>(0))
  WITH (FILLFACTOR = 80)
  ON METADATA
GO
IF @@ERROR<>0 OR @@TRANCOUNT=0 BEGIN IF @@TRANCOUNT>0 ROLLBACK SET NOEXEC ON END
CREATE UNIQUE INDEX IX_UQ_GridViewDefinition_Guid
  ON SUserInterface.GridViewDefinitions (Guid)
  WITH (FILLFACTOR = 80)
  ON METADATA
GO
IF @@ERROR<>0 OR @@TRANCOUNT=0 BEGIN IF @@TRANCOUNT>0 ROLLBACK SET NOEXEC ON END
CREATE UNIQUE INDEX IX_UQ_GridViewDefinition_Code
  ON SUserInterface.GridViewDefinitions (GridDefinitionId, Code, RowStatus)
  WHERE ([RowStatus]<>(0) AND [RowStatus]<>(254))
  WITH (FILLFACTOR = 80)
  ON METADATA
GO
IF @@ERROR<>0 OR @@TRANCOUNT=0 BEGIN IF @@TRANCOUNT>0 ROLLBACK SET NOEXEC ON END
CREATE INDEX IX_GridViewDefinitions_Read
  ON SUserInterface.GridViewDefinitions (GridDefinitionId, ID, Code, RowStatus)
  WHERE ([RowStatus]<>(0) AND [RowStatus]<>(254))
  WITH (FILLFACTOR = 80)
  ON METADATA
GO
IF @@ERROR<>0 OR @@TRANCOUNT=0 BEGIN IF @@TRANCOUNT>0 ROLLBACK SET NOEXEC ON END
CREATE INDEX IX_GridViewDefinitions_Metrics
  ON SUserInterface.GridViewDefinitions (ShowMetric, RowStatus)
  INCLUDE (DisplayGroupName, DisplayOrder, GridDefinitionId, Guid, MetricReversed, MetricSqlQuery, MetricStartAngle, MetricTypeID, MetricRange1ColourHex, MetricRange1Max, MetricRange1Min, MetricRange2ColourHex, MetricRange2Max, MetricRange2Min, LanguageLabelId, MetricEndAngle, MetricMajorUnit, MetricMax, MetricMin, MetricMinorUnit)
  WHERE ([RowStatus]<>(0) AND [RowStatus]<>(254) AND [ShowMetric]=(1))
  WITH (FILLFACTOR = 80)
  ON METADATA
GO

IF @@ERROR<>0 OR @@TRANCOUNT=0 BEGIN IF @@TRANCOUNT>0 ROLLBACK SET NOEXEC ON END

--
-- Creating constraints for [SCore].[EntityProperties]
--
PRINT(N'Creating constraints for [SCore].[EntityProperties]')
GO
ALTER TABLE SCore.EntityProperties WITH NOCHECK
  ADD CONSTRAINT FK_EntityProperties_DropDownListDefinitions FOREIGN KEY (DropDownListDefinitionID) REFERENCES SUserInterface.DropDownListDefinitions(ID) ON DELETE NO ACTION ON UPDATE NO ACTION
ALTER TABLE SCore.EntityProperties WITH NOCHECK
  ADD CONSTRAINT FK_EntityProperties_EntityDataTypes FOREIGN KEY (EntityDataTypeID) REFERENCES SCore.EntityDataTypes(ID) ON DELETE NO ACTION ON UPDATE NO ACTION
ALTER TABLE SCore.EntityProperties WITH NOCHECK
  ADD CONSTRAINT FK_EntityProperties_EntityHoBTs FOREIGN KEY (EntityHoBTID) REFERENCES SCore.EntityHobts(ID) ON DELETE CASCADE ON UPDATE NO ACTION
ALTER TABLE SCore.EntityProperties WITH NOCHECK
  ADD CONSTRAINT FK_EntityProperties_EntityPropertyGroupID FOREIGN KEY (EntityPropertyGroupID) REFERENCES SCore.EntityPropertyGroups(ID) ON DELETE NO ACTION ON UPDATE NO ACTION
ALTER TABLE SCore.EntityProperties WITH NOCHECK
  ADD CONSTRAINT FK_EntityProperties_LanguageLabels FOREIGN KEY (LanguageLabelID) REFERENCES SCore.LanguageLabels(ID) ON DELETE NO ACTION ON UPDATE NO ACTION
ALTER TABLE SCore.EntityProperties WITH NOCHECK
  ADD CONSTRAINT FK_EntityProperties_RowStatus FOREIGN KEY (RowStatus) REFERENCES SCore.RowStatus(ID) ON DELETE NO ACTION ON UPDATE NO ACTION
GO

IF @@ERROR<>0 OR @@TRANCOUNT=0 BEGIN IF @@TRANCOUNT>0 ROLLBACK SET NOEXEC ON END

--
-- Creating constraints for [SCore].[LanguageLabels]
--
PRINT(N'Creating constraints for [SCore].[LanguageLabels]')
GO
ALTER TABLE SCore.LanguageLabels WITH NOCHECK
  ADD CONSTRAINT FK_LanguageLabels_RowStatus FOREIGN KEY (RowStatus) REFERENCES SCore.RowStatus(ID) ON DELETE NO ACTION ON UPDATE NO ACTION
GO

IF @@ERROR<>0 OR @@TRANCOUNT=0 BEGIN IF @@TRANCOUNT>0 ROLLBACK SET NOEXEC ON END

--
-- Creating constraints for [SCore].[LanguageLabelTranslations]
--
PRINT(N'Creating constraints for [SCore].[LanguageLabelTranslations]')
GO
ALTER TABLE SCore.LanguageLabelTranslations WITH NOCHECK
  ADD CONSTRAINT FK_LanguageLabelTranslations_LanguageLabels FOREIGN KEY (LanguageLabelID) REFERENCES SCore.LanguageLabels(ID) ON DELETE NO ACTION ON UPDATE NO ACTION
ALTER TABLE SCore.LanguageLabelTranslations WITH NOCHECK
  ADD CONSTRAINT FK_LanguageLabelTranslations_Languages FOREIGN KEY (LanguageID) REFERENCES SCore.Languages(ID) ON DELETE NO ACTION ON UPDATE NO ACTION
ALTER TABLE SCore.LanguageLabelTranslations WITH NOCHECK
  ADD CONSTRAINT FK_LanguageLabelTranslations_RowStatus FOREIGN KEY (RowStatus) REFERENCES SCore.RowStatus(ID) ON DELETE NO ACTION ON UPDATE NO ACTION
GO

IF @@ERROR<>0 OR @@TRANCOUNT=0 BEGIN IF @@TRANCOUNT>0 ROLLBACK SET NOEXEC ON END

--
-- Creating constraints for [SUserInterface].[GridViewColumnDefinitions]
--
PRINT(N'Creating constraints for [SUserInterface].[GridViewColumnDefinitions]')
GO
ALTER TABLE SUserInterface.GridViewColumnDefinitions WITH NOCHECK
  ADD CONSTRAINT FK_GridViewColumnDefinition_GridViewDefinition FOREIGN KEY (GridViewDefinitionId) REFERENCES SUserInterface.GridViewDefinitions(ID) ON DELETE CASCADE ON UPDATE NO ACTION
ALTER TABLE SUserInterface.GridViewColumnDefinitions WITH NOCHECK
  ADD CONSTRAINT FK_GridViewColumnDefinitions_LanguageLabelId FOREIGN KEY (LanguageLabelId) REFERENCES SCore.LanguageLabels(ID) ON DELETE NO ACTION ON UPDATE NO ACTION
ALTER TABLE SUserInterface.GridViewColumnDefinitions WITH NOCHECK
  ADD CONSTRAINT FK_GridViewColumnDefinitions_RowStatus FOREIGN KEY (RowStatus) REFERENCES SCore.RowStatus(ID) ON DELETE NO ACTION ON UPDATE NO ACTION
GO

IF @@ERROR<>0 OR @@TRANCOUNT=0 BEGIN IF @@TRANCOUNT>0 ROLLBACK SET NOEXEC ON END

--
-- Creating constraints for [SUserInterface].[GridViewDefinitions]
--
PRINT(N'Creating constraints for [SUserInterface].[GridViewDefinitions]')
GO
ALTER TABLE SUserInterface.GridViewDefinitions WITH NOCHECK
  ADD CONSTRAINT FK_GridViewDefinition_GridDefinition FOREIGN KEY (GridDefinitionId) REFERENCES SUserInterface.GridDefinitions(ID) ON DELETE CASCADE ON UPDATE NO ACTION
ALTER TABLE SUserInterface.GridViewDefinitions WITH NOCHECK
  ADD CONSTRAINT FK_GridViewDefinitions_DrawerIconId FOREIGN KEY (DrawerIconId) REFERENCES SUserInterface.Icons(ID) ON DELETE NO ACTION ON UPDATE NO ACTION
ALTER TABLE SUserInterface.GridViewDefinitions WITH NOCHECK
  ADD CONSTRAINT FK_GridViewDefinitions_EntityTypes FOREIGN KEY (EntityTypeID) REFERENCES SCore.EntityTypes(ID) ON DELETE NO ACTION ON UPDATE NO ACTION
ALTER TABLE SUserInterface.GridViewDefinitions WITH NOCHECK
  ADD CONSTRAINT FK_GridViewDefinitions_LanguageLabelId FOREIGN KEY (LanguageLabelId) REFERENCES SCore.LanguageLabels(ID) ON DELETE NO ACTION ON UPDATE NO ACTION
ALTER TABLE SUserInterface.GridViewDefinitions WITH NOCHECK
  ADD CONSTRAINT FK_GridViewDefinitions_MetricTypes FOREIGN KEY (MetricTypeID) REFERENCES SUserInterface.MetricTypes(ID) ON DELETE NO ACTION ON UPDATE NO ACTION
ALTER TABLE SUserInterface.GridViewDefinitions WITH NOCHECK
  ADD CONSTRAINT FK_GridViewDefinitions_RowStatus FOREIGN KEY (RowStatus) REFERENCES SCore.RowStatus(ID) ON DELETE NO ACTION ON UPDATE NO ACTION
GO

IF @@ERROR<>0 OR @@TRANCOUNT=0 BEGIN IF @@TRANCOUNT>0 ROLLBACK SET NOEXEC ON END

--
-- Creating constraints for [SCore].[EntityPropertyActions]
--
PRINT(N'Creating constraints for [SCore].[EntityPropertyActions]')
GO
ALTER TABLE SCore.EntityPropertyActions WITH NOCHECK
  ADD CONSTRAINT FK_EntityPropertyActions_EntityProperties FOREIGN KEY (EntityPropertyID) REFERENCES SCore.EntityProperties(ID) ON DELETE NO ACTION ON UPDATE NO ACTION
GO

IF @@ERROR<>0 OR @@TRANCOUNT=0 BEGIN IF @@TRANCOUNT>0 ROLLBACK SET NOEXEC ON END

--
-- Creating constraints for [SCore].[EntityPropertyDependants]
--
PRINT(N'Creating constraints for [SCore].[EntityPropertyDependants]')
GO
ALTER TABLE SCore.EntityPropertyDependants WITH NOCHECK
  ADD CONSTRAINT FK_EntityPropertyDependants_EntityProperties FOREIGN KEY (ParentEntityPropertyID) REFERENCES SCore.EntityProperties(ID) ON DELETE NO ACTION ON UPDATE NO ACTION
GO

IF @@ERROR<>0 OR @@TRANCOUNT=0 BEGIN IF @@TRANCOUNT>0 ROLLBACK SET NOEXEC ON END

--
-- Creating constraints for [SCore].[EntityQueryParameters]
--
PRINT(N'Creating constraints for [SCore].[EntityQueryParameters]')
GO
ALTER TABLE SCore.EntityQueryParameters WITH NOCHECK
  ADD CONSTRAINT FK_EntityQueryParameters_EntityProperties FOREIGN KEY (MappedEntityPropertyID) REFERENCES SCore.EntityProperties(ID) ON DELETE NO ACTION ON UPDATE NO ACTION
GO

IF @@ERROR<>0 OR @@TRANCOUNT=0 BEGIN IF @@TRANCOUNT>0 ROLLBACK SET NOEXEC ON END

--
-- Creating constraints for [SCore].[MergeDocumentItemIncludes]
--
PRINT(N'Creating constraints for [SCore].[MergeDocumentItemIncludes]')
GO
ALTER TABLE SCore.MergeDocumentItemIncludes WITH NOCHECK
  ADD CONSTRAINT FK_MergeDocumentItemIncludes_EntityProperties FOREIGN KEY (SourceDocumentEntityPropertyId) REFERENCES SCore.EntityProperties(ID) ON DELETE NO ACTION ON UPDATE NO ACTION
GO

IF @@ERROR<>0 OR @@TRANCOUNT=0 BEGIN IF @@TRANCOUNT>0 ROLLBACK SET NOEXEC ON END

--
-- Creating constraints for [SCore].[RecordHistory]
--
PRINT(N'Creating constraints for [SCore].[RecordHistory]')
GO
ALTER TABLE SCore.RecordHistory WITH NOCHECK
  ADD CONSTRAINT FK_RecordHistory_EntityPropertyID FOREIGN KEY (EntityPropertyID) REFERENCES SCore.EntityProperties(ID) ON DELETE CASCADE ON UPDATE NO ACTION
GO

IF @@ERROR<>0 OR @@TRANCOUNT=0 BEGIN IF @@TRANCOUNT>0 ROLLBACK SET NOEXEC ON END

--
-- Creating constraints for [SCore].[SynchronisationErrors]
--
PRINT(N'Creating constraints for [SCore].[SynchronisationErrors]')
GO
ALTER TABLE SCore.SynchronisationErrors WITH NOCHECK
  ADD CONSTRAINT FK_SychronisationErrors_EntityPropertyID FOREIGN KEY (EntityPropertyID) REFERENCES SCore.EntityProperties(ID) ON DELETE CASCADE ON UPDATE NO ACTION
GO

IF @@ERROR<>0 OR @@TRANCOUNT=0 BEGIN IF @@TRANCOUNT>0 ROLLBACK SET NOEXEC ON END

--
-- Creating constraints for [SCore].[EntityPropertyGroups]
--
PRINT(N'Creating constraints for [SCore].[EntityPropertyGroups]')
GO
ALTER TABLE SCore.EntityPropertyGroups WITH NOCHECK
  ADD CONSTRAINT FK_EntityPropertyGroups_LanguageLabels FOREIGN KEY (LanguageLabelID) REFERENCES SCore.LanguageLabels(ID) ON DELETE NO ACTION ON UPDATE NO ACTION
GO

IF @@ERROR<>0 OR @@TRANCOUNT=0 BEGIN IF @@TRANCOUNT>0 ROLLBACK SET NOEXEC ON END

--
-- Creating constraints for [SCore].[EntityTypes]
--
PRINT(N'Creating constraints for [SCore].[EntityTypes]')
GO
ALTER TABLE SCore.EntityTypes WITH NOCHECK
  ADD CONSTRAINT FK_EntityTypes_LanguageLabels FOREIGN KEY (LanguageLabelID) REFERENCES SCore.LanguageLabels(ID) ON DELETE NO ACTION ON UPDATE NO ACTION
GO

IF @@ERROR<>0 OR @@TRANCOUNT=0 BEGIN IF @@TRANCOUNT>0 ROLLBACK SET NOEXEC ON END

--
-- Creating constraints for [SUserInterface].[ActionMenuItems]
--
PRINT(N'Creating constraints for [SUserInterface].[ActionMenuItems]')
GO
ALTER TABLE SUserInterface.ActionMenuItems WITH NOCHECK
  ADD CONSTRAINT FK_ActionMenuItems_LanguageLabels FOREIGN KEY (LanguageLabelId) REFERENCES SCore.LanguageLabels(ID) ON DELETE NO ACTION ON UPDATE NO ACTION
GO

IF @@ERROR<>0 OR @@TRANCOUNT=0 BEGIN IF @@TRANCOUNT>0 ROLLBACK SET NOEXEC ON END

--
-- Creating constraints for [SUserInterface].[GridDefinitions]
--
PRINT(N'Creating constraints for [SUserInterface].[GridDefinitions]')
GO
ALTER TABLE SUserInterface.GridDefinitions WITH NOCHECK
  ADD CONSTRAINT FK_GridDefinitions_LanguageLabelId FOREIGN KEY (LanguageLabelId) REFERENCES SCore.LanguageLabels(ID) ON DELETE NO ACTION ON UPDATE NO ACTION
GO

IF @@ERROR<>0 OR @@TRANCOUNT=0 BEGIN IF @@TRANCOUNT>0 ROLLBACK SET NOEXEC ON END

--
-- Creating constraints for [SUserInterface].[GridViewActions]
--
PRINT(N'Creating constraints for [SUserInterface].[GridViewActions]')
GO
ALTER TABLE SUserInterface.GridViewActions WITH NOCHECK
  ADD CONSTRAINT FK_GridViewActions_LanguageLabelId FOREIGN KEY (LanguageLabelId) REFERENCES SCore.LanguageLabels(ID) ON DELETE NO ACTION ON UPDATE NO ACTION
GO

IF @@ERROR<>0 OR @@TRANCOUNT=0 BEGIN IF @@TRANCOUNT>0 ROLLBACK SET NOEXEC ON END

--
-- Creating constraints for [SUserInterface].[GridViewWidgetQueries]
--
PRINT(N'Creating constraints for [SUserInterface].[GridViewWidgetQueries]')
GO
ALTER TABLE SUserInterface.GridViewWidgetQueries WITH NOCHECK
  ADD CONSTRAINT FK_GridViewWidgetQueries_LanguageLabels FOREIGN KEY (LanguageLabelID) REFERENCES SCore.LanguageLabels(ID) ON DELETE NO ACTION ON UPDATE NO ACTION
GO

IF @@ERROR<>0 OR @@TRANCOUNT=0 BEGIN IF @@TRANCOUNT>0 ROLLBACK SET NOEXEC ON END

--
-- Creating constraints for [SUserInterface].[MainMenuItems]
--
PRINT(N'Creating constraints for [SUserInterface].[MainMenuItems]')
GO
ALTER TABLE SUserInterface.MainMenuItems WITH NOCHECK
  ADD CONSTRAINT FK_MainMenuItems_LanguageLabelId FOREIGN KEY (LanguageLabelId) REFERENCES SCore.LanguageLabels(ID) ON DELETE NO ACTION ON UPDATE NO ACTION
GO

IF @@ERROR<>0 OR @@TRANCOUNT=0 BEGIN IF @@TRANCOUNT>0 ROLLBACK SET NOEXEC ON END

--
-- Enabling DML triggers for [SCore].[EntityProperties]
--
PRINT(N'Enabling DML triggers for [SCore].[EntityProperties]')
GO
ENABLE TRIGGER ALL ON SCore.EntityProperties
GO

IF @@ERROR<>0 OR @@TRANCOUNT=0 BEGIN IF @@TRANCOUNT>0 ROLLBACK SET NOEXEC ON END

--
-- Enabling DML triggers for [SCore].[LanguageLabels]
--
PRINT(N'Enabling DML triggers for [SCore].[LanguageLabels]')
GO
ENABLE TRIGGER ALL ON SCore.LanguageLabels
GO

IF @@ERROR<>0 OR @@TRANCOUNT=0 BEGIN IF @@TRANCOUNT>0 ROLLBACK SET NOEXEC ON END

--
-- Enabling DML triggers for [SCore].[LanguageLabelTranslations]
--
PRINT(N'Enabling DML triggers for [SCore].[LanguageLabelTranslations]')
GO
ENABLE TRIGGER ALL ON SCore.LanguageLabelTranslations
GO

IF @@ERROR<>0 OR @@TRANCOUNT=0 BEGIN IF @@TRANCOUNT>0 ROLLBACK SET NOEXEC ON END


--
-- Commit Transaction
--
PRINT(N'Commit Transaction')
GO
IF @@TRANCOUNT>0 COMMIT TRANSACTION
SET NOEXEC OFF
GO