--
-- Script was generated by Devart dbForge Data Compare for SQL Server, Version 5.5.3.0
-- Product Home Page: http://www.devart.com/dbforge/sql/datacompare
-- Script date 02/03/2026 14:25:51
-- Source server version: 16.00.1000
-- Source connection string: Data Source=SOC-SQLDEVBRE01\GENERAL;Initial Catalog=CymBuild_Dev;Integrated Security=True;User ID=ESGL\stephen.brett
-- Target server version: 16.00.1000
-- Target connection string: Data Source=SOC-SQLDEVBRE01\GENERAL;Initial Catalog=CymBuild_Dev;Integrated Security=True;User ID=ESGL\stephen.brett
-- Run this script against Cymbuild_QA to synchronize it with CymBuild_Dev
-- Please backup your target database before running this script
--



SET LANGUAGE 'British English'
SET DATEFORMAT ymd
SET ARITHABORT, ANSI_PADDING, ANSI_WARNINGS, CONCAT_NULL_YIELDS_NULL, QUOTED_IDENTIFIER, ANSI_NULLS, NOCOUNT, XACT_ABORT ON
SET NUMERIC_ROUNDABORT, IMPLICIT_TRANSACTIONS OFF
GO


--
-- Start Transaction
--
PRINT(N'Start Transaction')
GO
BEGIN TRANSACTION

--
-- Disabling DML triggers for [SCore].[EntityProperties]
--
PRINT(N'Disabling DML triggers for [SCore].[EntityProperties]')
GO
DISABLE TRIGGER ALL ON SCore.EntityProperties
GO

IF @@ERROR<>0 OR @@TRANCOUNT=0 BEGIN IF @@TRANCOUNT>0 ROLLBACK SET NOEXEC ON END

--
-- Disabling DML triggers for [SCore].[EntityQueries]
--
PRINT(N'Disabling DML triggers for [SCore].[EntityQueries]')
GO
DISABLE TRIGGER ALL ON SCore.EntityQueries
GO

IF @@ERROR<>0 OR @@TRANCOUNT=0 BEGIN IF @@TRANCOUNT>0 ROLLBACK SET NOEXEC ON END

--
-- Disabling DML triggers for [SCore].[EntityQueryParameters]
--
PRINT(N'Disabling DML triggers for [SCore].[EntityQueryParameters]')
GO
DISABLE TRIGGER ALL ON SCore.EntityQueryParameters
GO

IF @@ERROR<>0 OR @@TRANCOUNT=0 BEGIN IF @@TRANCOUNT>0 ROLLBACK SET NOEXEC ON END

--
-- Disabling DML triggers for [SCore].[LanguageLabels]
--
PRINT(N'Disabling DML triggers for [SCore].[LanguageLabels]')
GO
DISABLE TRIGGER ALL ON SCore.LanguageLabels
GO

IF @@ERROR<>0 OR @@TRANCOUNT=0 BEGIN IF @@TRANCOUNT>0 ROLLBACK SET NOEXEC ON END

--
-- Disabling DML triggers for [SCore].[LanguageLabelTranslations]
--
PRINT(N'Disabling DML triggers for [SCore].[LanguageLabelTranslations]')
GO
DISABLE TRIGGER ALL ON SCore.LanguageLabelTranslations
GO

IF @@ERROR<>0 OR @@TRANCOUNT=0 BEGIN IF @@TRANCOUNT>0 ROLLBACK SET NOEXEC ON END

--
-- Disabling DML triggers for [SUserInterface].[DropDownListDefinitions]
--
PRINT(N'Disabling DML triggers for [SUserInterface].[DropDownListDefinitions]')
GO
DISABLE TRIGGER ALL ON SUserInterface.DropDownListDefinitions
GO

IF @@ERROR<>0 OR @@TRANCOUNT=0 BEGIN IF @@TRANCOUNT>0 ROLLBACK SET NOEXEC ON END

--
-- Disabling DML triggers for [SUserInterface].[GridViewActions]
--
PRINT(N'Disabling DML triggers for [SUserInterface].[GridViewActions]')
GO
DISABLE TRIGGER ALL ON SUserInterface.GridViewActions
GO

IF @@ERROR<>0 OR @@TRANCOUNT=0 BEGIN IF @@TRANCOUNT>0 ROLLBACK SET NOEXEC ON END

--
-- Dropping constraints from [SCore].[EntityProperties]
--
PRINT(N'Dropping constraints from [SCore].[EntityProperties]')
GO
ALTER TABLE SCore.EntityProperties
  DROP CONSTRAINT IF EXISTS FK_EntityProperties_DropDownListDefinitions
ALTER TABLE SCore.EntityProperties
  DROP CONSTRAINT IF EXISTS FK_EntityProperties_EntityDataTypes
ALTER TABLE SCore.EntityProperties
  DROP CONSTRAINT IF EXISTS FK_EntityProperties_EntityHoBTs
ALTER TABLE SCore.EntityProperties
  DROP CONSTRAINT IF EXISTS FK_EntityProperties_EntityPropertyGroupID
ALTER TABLE SCore.EntityProperties
  DROP CONSTRAINT IF EXISTS FK_EntityProperties_LanguageLabels
ALTER TABLE SCore.EntityProperties
  DROP CONSTRAINT IF EXISTS FK_EntityProperties_RowStatus
GO

IF @@ERROR<>0 OR @@TRANCOUNT=0 BEGIN IF @@TRANCOUNT>0 ROLLBACK SET NOEXEC ON END

--
-- Dropping constraints from [SCore].[EntityQueries]
--
PRINT(N'Dropping constraints from [SCore].[EntityQueries]')
GO
ALTER TABLE SCore.EntityQueries
  DROP CONSTRAINT IF EXISTS FK_EntityQueries_EntityHoBTs
ALTER TABLE SCore.EntityQueries
  DROP CONSTRAINT IF EXISTS FK_EntityQueries_EntityTypes
ALTER TABLE SCore.EntityQueries
  DROP CONSTRAINT IF EXISTS FK_EntityQueries_RowStatus
GO

IF @@ERROR<>0 OR @@TRANCOUNT=0 BEGIN IF @@TRANCOUNT>0 ROLLBACK SET NOEXEC ON END

--
-- Dropping constraints from [SCore].[EntityQueryParameters]
--
PRINT(N'Dropping constraints from [SCore].[EntityQueryParameters]')
GO
ALTER TABLE SCore.EntityQueryParameters
  DROP CONSTRAINT IF EXISTS FK_EntityQueryParameters_EntityDataTypes
ALTER TABLE SCore.EntityQueryParameters
  DROP CONSTRAINT IF EXISTS FK_EntityQueryParameters_EntityProperties
ALTER TABLE SCore.EntityQueryParameters
  DROP CONSTRAINT IF EXISTS FK_EntityQueryParameters_EntityQueries
ALTER TABLE SCore.EntityQueryParameters
  DROP CONSTRAINT IF EXISTS FK_EntityQueryParameters_RowStatus
GO

IF @@ERROR<>0 OR @@TRANCOUNT=0 BEGIN IF @@TRANCOUNT>0 ROLLBACK SET NOEXEC ON END

--
-- Dropping constraints from [SCore].[LanguageLabels]
--
PRINT(N'Dropping constraints from [SCore].[LanguageLabels]')
GO
ALTER TABLE SCore.LanguageLabels
  DROP CONSTRAINT IF EXISTS FK_LanguageLabels_RowStatus
GO

IF @@ERROR<>0 OR @@TRANCOUNT=0 BEGIN IF @@TRANCOUNT>0 ROLLBACK SET NOEXEC ON END

--
-- Dropping constraints from [SCore].[LanguageLabelTranslations]
--
PRINT(N'Dropping constraints from [SCore].[LanguageLabelTranslations]')
GO
ALTER TABLE SCore.LanguageLabelTranslations
  DROP CONSTRAINT IF EXISTS FK_LanguageLabelTranslations_LanguageLabels
ALTER TABLE SCore.LanguageLabelTranslations
  DROP CONSTRAINT IF EXISTS FK_LanguageLabelTranslations_Languages
ALTER TABLE SCore.LanguageLabelTranslations
  DROP CONSTRAINT IF EXISTS FK_LanguageLabelTranslations_RowStatus
GO

IF @@ERROR<>0 OR @@TRANCOUNT=0 BEGIN IF @@TRANCOUNT>0 ROLLBACK SET NOEXEC ON END

--
-- Dropping constraints from [SUserInterface].[DropDownListDefinitions]
--
PRINT(N'Dropping constraints from [SUserInterface].[DropDownListDefinitions]')
GO
ALTER TABLE SUserInterface.DropDownListDefinitions
  DROP CONSTRAINT IF EXISTS FK_DropDownListDefinitions_EntityTypes
ALTER TABLE SUserInterface.DropDownListDefinitions
  DROP CONSTRAINT IF EXISTS FK_DropDownListDefinitions_RowStatus
GO

IF @@ERROR<>0 OR @@TRANCOUNT=0 BEGIN IF @@TRANCOUNT>0 ROLLBACK SET NOEXEC ON END

--
-- Dropping constraints from [SUserInterface].[GridDefinitions]
--
PRINT(N'Dropping constraints from [SUserInterface].[GridDefinitions]')
GO
ALTER TABLE SUserInterface.GridDefinitions
  DROP CONSTRAINT IF EXISTS FK_GridDefinitions_LanguageLabelId
ALTER TABLE SUserInterface.GridDefinitions
  DROP CONSTRAINT IF EXISTS FK_GridDefinitions_RowStatus
GO

IF @@ERROR<>0 OR @@TRANCOUNT=0 BEGIN IF @@TRANCOUNT>0 ROLLBACK SET NOEXEC ON END

--
-- Dropping constraints from [SUserInterface].[GridViewActions]
--
PRINT(N'Dropping constraints from [SUserInterface].[GridViewActions]')
GO
ALTER TABLE SUserInterface.GridViewActions
  DROP CONSTRAINT IF EXISTS FK_GridViewActions_EntityQueries
ALTER TABLE SUserInterface.GridViewActions
  DROP CONSTRAINT IF EXISTS FK_GridViewActions_GridViewDefinition
ALTER TABLE SUserInterface.GridViewActions
  DROP CONSTRAINT IF EXISTS FK_GridViewActions_LanguageLabelId
ALTER TABLE SUserInterface.GridViewActions
  DROP CONSTRAINT IF EXISTS FK_GridViewActions_RowStatus
GO

IF @@ERROR<>0 OR @@TRANCOUNT=0 BEGIN IF @@TRANCOUNT>0 ROLLBACK SET NOEXEC ON END

--
-- Dropping constraints from [SUserInterface].[GridViewColumnDefinitions]
--
PRINT(N'Dropping constraints from [SUserInterface].[GridViewColumnDefinitions]')
GO
ALTER TABLE SUserInterface.GridViewColumnDefinitions
  DROP CONSTRAINT IF EXISTS FK_GridViewColumnDefinition_GridViewDefinition
ALTER TABLE SUserInterface.GridViewColumnDefinitions
  DROP CONSTRAINT IF EXISTS FK_GridViewColumnDefinitions_LanguageLabelId
ALTER TABLE SUserInterface.GridViewColumnDefinitions
  DROP CONSTRAINT IF EXISTS FK_GridViewColumnDefinitions_RowStatus
GO

IF @@ERROR<>0 OR @@TRANCOUNT=0 BEGIN IF @@TRANCOUNT>0 ROLLBACK SET NOEXEC ON END

--
-- Dropping constraints from [SUserInterface].[GridViewDefinitions]
--
PRINT(N'Dropping constraints from [SUserInterface].[GridViewDefinitions]')
GO
ALTER TABLE SUserInterface.GridViewDefinitions
  DROP CONSTRAINT IF EXISTS FK_GridViewDefinition_GridDefinition
ALTER TABLE SUserInterface.GridViewDefinitions
  DROP CONSTRAINT IF EXISTS FK_GridViewDefinitions_DrawerIconId
ALTER TABLE SUserInterface.GridViewDefinitions
  DROP CONSTRAINT IF EXISTS FK_GridViewDefinitions_EntityTypes
ALTER TABLE SUserInterface.GridViewDefinitions
  DROP CONSTRAINT IF EXISTS FK_GridViewDefinitions_LanguageLabelId
ALTER TABLE SUserInterface.GridViewDefinitions
  DROP CONSTRAINT IF EXISTS FK_GridViewDefinitions_MetricTypes
ALTER TABLE SUserInterface.GridViewDefinitions
  DROP CONSTRAINT IF EXISTS FK_GridViewDefinitions_RowStatus
GO

IF @@ERROR<>0 OR @@TRANCOUNT=0 BEGIN IF @@TRANCOUNT>0 ROLLBACK SET NOEXEC ON END

--
-- Dropping constraints from [SCore].[EntityPropertyActions]
--
PRINT(N'Dropping constraints from [SCore].[EntityPropertyActions]')
GO
ALTER TABLE SCore.EntityPropertyActions
  DROP CONSTRAINT IF EXISTS FK_EntityPropertyActions_EntityProperties
GO

IF @@ERROR<>0 OR @@TRANCOUNT=0 BEGIN IF @@TRANCOUNT>0 ROLLBACK SET NOEXEC ON END

--
-- Dropping constraints from [SCore].[EntityPropertyDependants]
--
PRINT(N'Dropping constraints from [SCore].[EntityPropertyDependants]')
GO
ALTER TABLE SCore.EntityPropertyDependants
  DROP CONSTRAINT IF EXISTS FK_EntityPropertyDependants_EntityProperties
GO

IF @@ERROR<>0 OR @@TRANCOUNT=0 BEGIN IF @@TRANCOUNT>0 ROLLBACK SET NOEXEC ON END

--
-- Dropping constraints from [SCore].[MergeDocumentItemIncludes]
--
PRINT(N'Dropping constraints from [SCore].[MergeDocumentItemIncludes]')
GO
ALTER TABLE SCore.MergeDocumentItemIncludes
  DROP CONSTRAINT IF EXISTS FK_MergeDocumentItemIncludes_EntityProperties
GO

IF @@ERROR<>0 OR @@TRANCOUNT=0 BEGIN IF @@TRANCOUNT>0 ROLLBACK SET NOEXEC ON END

--
-- Dropping constraints from [SCore].[RecordHistory]
--
PRINT(N'Dropping constraints from [SCore].[RecordHistory]')
GO
ALTER TABLE SCore.RecordHistory
  DROP CONSTRAINT IF EXISTS FK_RecordHistory_EntityPropertyID
GO

IF @@ERROR<>0 OR @@TRANCOUNT=0 BEGIN IF @@TRANCOUNT>0 ROLLBACK SET NOEXEC ON END

--
-- Dropping constraints from [SCore].[SynchronisationErrors]
--
PRINT(N'Dropping constraints from [SCore].[SynchronisationErrors]')
GO
ALTER TABLE SCore.SynchronisationErrors
  DROP CONSTRAINT IF EXISTS FK_SychronisationErrors_EntityPropertyID
GO

IF @@ERROR<>0 OR @@TRANCOUNT=0 BEGIN IF @@TRANCOUNT>0 ROLLBACK SET NOEXEC ON END

--
-- Dropping constraints from [SUserInterface].[ActionMenuItems]
--
PRINT(N'Dropping constraints from [SUserInterface].[ActionMenuItems]')
GO
ALTER TABLE SUserInterface.ActionMenuItems
  DROP CONSTRAINT IF EXISTS FK_ActionMenuItems_EntityQueries
GO

IF @@ERROR<>0 OR @@TRANCOUNT=0 BEGIN IF @@TRANCOUNT>0 ROLLBACK SET NOEXEC ON END

--
-- Dropping constraints from [SUserInterface].[GridViewWidgetQueries]
--
PRINT(N'Dropping constraints from [SUserInterface].[GridViewWidgetQueries]')
GO
ALTER TABLE SUserInterface.GridViewWidgetQueries
  DROP CONSTRAINT IF EXISTS FK_GridViewWidgetQueries_EntityQueries
GO

IF @@ERROR<>0 OR @@TRANCOUNT=0 BEGIN IF @@TRANCOUNT>0 ROLLBACK SET NOEXEC ON END

--
-- Dropping constraints from [SCore].[EntityPropertyGroups]
--
PRINT(N'Dropping constraints from [SCore].[EntityPropertyGroups]')
GO
ALTER TABLE SCore.EntityPropertyGroups
  DROP CONSTRAINT IF EXISTS FK_EntityPropertyGroups_LanguageLabels
GO

IF @@ERROR<>0 OR @@TRANCOUNT=0 BEGIN IF @@TRANCOUNT>0 ROLLBACK SET NOEXEC ON END

--
-- Dropping constraints from [SCore].[EntityTypes]
--
PRINT(N'Dropping constraints from [SCore].[EntityTypes]')
GO
ALTER TABLE SCore.EntityTypes
  DROP CONSTRAINT IF EXISTS FK_EntityTypes_LanguageLabels
GO

IF @@ERROR<>0 OR @@TRANCOUNT=0 BEGIN IF @@TRANCOUNT>0 ROLLBACK SET NOEXEC ON END

--
-- Dropping constraints from [SUserInterface].[MainMenuItems]
--
PRINT(N'Dropping constraints from [SUserInterface].[MainMenuItems]')
GO
ALTER TABLE SUserInterface.MainMenuItems
  DROP CONSTRAINT IF EXISTS FK_MainMenuItems_LanguageLabelId
GO

IF @@ERROR<>0 OR @@TRANCOUNT=0 BEGIN IF @@TRANCOUNT>0 ROLLBACK SET NOEXEC ON END

--
-- Updating data of table SCore.EntityProperties
--
PRINT(N'Updating data of table SCore.EntityProperties')
GO
UPDATE SCore.EntityProperties SET IsImmutable = 0 WHERE ID = 481
UPDATE SCore.EntityProperties SET IsImmutable = 0 WHERE ID = 482
UPDATE SCore.EntityProperties SET IsHidden = 0, DropDownListDefinitionID = 112 WHERE ID = 1662

--
-- Inserting data into table SCore.EntityProperties
--
PRINT(N'Inserting data into table SCore.EntityProperties')
GO
GO

IF @@ERROR<>0 OR @@TRANCOUNT=0 BEGIN IF @@TRANCOUNT>0 ROLLBACK SET NOEXEC ON END
SET IDENTITY_INSERT SCore.EntityProperties ON
GO

IF @@ERROR<>0 OR @@TRANCOUNT=0 BEGIN IF @@TRANCOUNT>0 ROLLBACK SET NOEXEC ON END
INSERT SCore.EntityProperties(ID, RowStatus, Guid, Name, LanguageLabelID, EntityHoBTID, EntityDataTypeID, IsReadOnly, IsImmutable, IsUppercase, IsHidden, IsCompulsory, MaxLength, Precision, Scale, DoNotTrackChanges, EntityPropertyGroupID, SortOrder, GroupSortOrder, IsObjectLabel, DropDownListDefinitionID, IsParentRelationship, IsLongitude, IsLatitude, IsIncludedInformation, FixedDefaultValue, SqlDefaultValueStatement, AllowBulkChange, IsVirtual, ShowOnMobile, IsAlwaysVisibleInGroup, IsAlwaysVisibleInGroup_Mobile) VALUES (2588, 1, 'f5495d20-1e48-4e46-950e-6ff4e92bb097', N'Batched', 3778, 33, 4, 0, 0, 0, 1, 0, 0, 0, 0, 0, -1, 0, 0, 0, -1, 0, 0, 0, 0, N'', N'', 0, 0, 0, 0, 0)
GO
SET IDENTITY_INSERT SCore.EntityProperties OFF
GO

IF @@ERROR<>0 OR @@TRANCOUNT=0 BEGIN IF @@TRANCOUNT>0 ROLLBACK SET NOEXEC ON END

--
-- Reseed identity on SCore.EntityProperties
--
PRINT(N'Reseed identity on SCore.EntityProperties')
GO
DBCC CHECKIDENT('SCore.EntityProperties', RESEED, 2588)
GO

IF @@ERROR<>0 OR @@TRANCOUNT=0 BEGIN IF @@TRANCOUNT>0 ROLLBACK SET NOEXEC ON END

--
-- Updating data of table SCore.EntityQueries
--
PRINT(N'Updating data of table SCore.EntityQueries')
GO
UPDATE SCore.EntityQueries SET Statement = N'SELECT	root_hobt.ID,
		root_hobt.RowStatus,
		root_hobt.RowVersion,
		root_hobt.Guid,
		tt.Guid	 AS TransactionTypeID,
		a.Guid	 AS AccountID,
		j.Guid	 AS JobID,
		root_hobt.Number,
		root_hobt.SageTransactionReference,
		root_hobt.Date,
		root_hobt.PurchaseOrderNumber,
		root_hobt.LegacyId,
		root_hobt.CreatedDateTimeUTC,
		root_hobt.Batched,
		ou.Guid AS OrganisationalUnitID,
		cu.Guid AS CreatedByUserID,
		i.Guid AS SurveyorUserID,
		ct.Guid AS CreditTermsId
FROM	SFin.Transactions	  AS root_hobt
JOIN	SFin.TransactionTypes AS tt ON (tt.ID = root_hobt.TransactionTypeID)
JOIN	SCrm.Accounts		  AS a ON (a.ID	  = root_hobt.AccountID)
JOIN	SJob.Jobs			  AS j ON (j.ID	  = root_hobt.JobID)
JOIN	SCore.OrganisationalUnits AS ou ON (ou.ID = root_hobt.OrganisationalUnitID)
JOIN	SCore.Identities cu ON (cu.ID = root_hobt.CreatedByUserID)
JOIN	SCore.Identities i ON (i.ID = root_hobt.SurveyorUserID)
JOIN	SFin.CreditTerms ct ON (ct.ID = root_hobt.CreditTermsId)' WHERE ID = 96
UPDATE SCore.EntityQueries SET Statement = N'EXEC SFin.TransactionsUpsert @AccountGuid = @AccountGuid,
							 @JobGuid = @JobGuid,
							 @TransactionTypeGuid = @TransactionTypeGuid,
							 @Date = @Date,
							 @PurchaseOrderNumber = @PurchaseOrderNumber,
							 @SageTransactionReference = @SageTransactionReference,
							 @OrganisationalUnitGuid = @OrganisationalUnitGuid,
							 @CreatedByUserGuid = @CreatedByUserGuid,
							 @SurveyorGuid = @SurveyorGuid,
							 @CreditTermsGuid = @CreditTermsGuid,
							 @Guid = @Guid,
                                                         @Batched = @Batched' WHERE ID = 98
UPDATE SCore.EntityQueries SET Statement = N'SELECT 
	root_hobt.AutomationRunGuid,
	root_hobt.BlockedReason,
	root_hobt.CreatedDateTimeUTC,
	root_hobt.ExpectedDate,
	root_hobt.Guid,
	root_hobt.ID,
	root_hobt.InvoiceBatchGuid,
	[58ABEA42-8199-4DC5-87A8-C71687406B76].Guid AS InvoicePaymentStatusID,
	root_hobt.InvoicingType,
	root_hobt.IsAutomated,
	root_hobt.IsZeroValuePlaceholder,
	[DDDABD42-C753-48FA-800F-A73C88FCADCD].Guid AS JobId,
	root_hobt.LegacyId,
	root_hobt.LegacySystemID,
	root_hobt.ManualStatus,
	root_hobt.Notes,
	root_hobt.ReconciliationReason,
	root_hobt.ReconciliationRequired,
	[8C1F4236-36A8-44ED-AF70-C43F56840943].Guid AS RequesterUserId,
	root_hobt.RowStatus,
	root_hobt.RowVersion,
	root_hobt.SourceGuid,
	root_hobt.SourceIntId,
	root_hobt.SourceType,
	[158D0B3F-378F-45C6-B8A6-1480EA1880B3].Guid As FinanceAccountGuid
FROM SFin.InvoiceRequests AS root_hobt 
JOIN SCore.Identities AS [8C1F4236-36A8-44ED-AF70-C43F56840943] ON ([8C1F4236-36A8-44ED-AF70-C43F56840943].ID = root_hobt.RequesterUserId) 
 JOIN SJob.Jobs AS [DDDABD42-C753-48FA-800F-A73C88FCADCD] ON ([DDDABD42-C753-48FA-800F-A73C88FCADCD].ID = root_hobt.JobId) 
 JOIN SCrm.Accounts AS [158D0B3F-378F-45C6-B8A6-1480EA1880B3] ON ([158D0B3F-378F-45C6-B8A6-1480EA1880B3].ID = [DDDABD42-C753-48FA-800F-A73C88FCADCD].FinanceAccountID) 
 JOIN SFin.InvoicePaymentStatus AS [58ABEA42-8199-4DC5-87A8-C71687406B76] ON ([58ABEA42-8199-4DC5-87A8-C71687406B76].ID = root_hobt.InvoicePaymentStatusID)

' WHERE ID = 258
UPDATE SCore.EntityQueries SET Statement = N'EXEC [SFin].[InvoiceRequestUpsert]  
	@JobGuid = @JobGuid, 
	@RequesterUserGuid = @RequesterUserGuid, 
	@Notes = @Notes, 
	@Guid = @Guid, 
	@InvoicingType = @InvoicingType, 
	@ExpectedDate = @ExpectedDate, 
	@ManualStatus = @ManualStatus, 
	@PaymentStatusGuid = @PaymentStatusGuid' WHERE ID = 259

--
-- Inserting data into table SCore.EntityQueries
--
PRINT(N'Inserting data into table SCore.EntityQueries')
GO
SET IDENTITY_INSERT SCore.EntityQueries ON
GO

IF @@ERROR<>0 OR @@TRANCOUNT=0 BEGIN IF @@TRANCOUNT>0 ROLLBACK SET NOEXEC ON END
INSERT SCore.EntityQueries(ID, RowStatus, Guid, Name, Statement, EntityTypeID, EntityHoBTID, IsDefaultCreate, IsDefaultRead, IsDefaultUpdate, IsDefaultDelete, IsScalarExecute, IsDefaultValidation, UsesProcessGuid, IsDefaultDataPills, IsProgressData, IsMergeDocumentQuery, SchemaName, ObjectName, IsManualStatement) VALUES (384, 1, '52826da8-2b42-4122-8e5b-57754008c9bb', N'[SFin].[FinanceMemosDelete]', N'EXEC [SFin].[FinanceMemosDelete] @Guid = @Guid', 91, 84, 0, 0, 0, 1, 0, 0, 0, 0, 0, 0, N'', N'', 1)
INSERT SCore.EntityQueries(ID, RowStatus, Guid, Name, Statement, EntityTypeID, EntityHoBTID, IsDefaultCreate, IsDefaultRead, IsDefaultUpdate, IsDefaultDelete, IsScalarExecute, IsDefaultValidation, UsesProcessGuid, IsDefaultDataPills, IsProgressData, IsMergeDocumentQuery, SchemaName, ObjectName, IsManualStatement) VALUES (385, 1, 'd9343718-6689-4f13-bb03-e12e718e19ea', N'[SFin].[TransactionBatchDelete]', N'EXEC [SFin].[TransactionBatchDelete] @Guid = @Guid', 37, 33, 0, 0, 0, 1, 0, 0, 0, 0, 0, 0, N'', N'', 1)
INSERT SCore.EntityQueries(ID, RowStatus, Guid, Name, Statement, EntityTypeID, EntityHoBTID, IsDefaultCreate, IsDefaultRead, IsDefaultUpdate, IsDefaultDelete, IsScalarExecute, IsDefaultValidation, UsesProcessGuid, IsDefaultDataPills, IsProgressData, IsMergeDocumentQuery, SchemaName, ObjectName, IsManualStatement) VALUES (386, 1, 'fe634a22-54bf-4f99-a76f-5d36eac44a1a', N'[SFin].[TransactionUnbatch]', N'EXEC [SFin].[TransactionUnbatch] @Guid = @Guid', 37, 33, 0, 0, 0, 0, 0, 0, 0, 0, 0, 0, N'', N'', 1)
INSERT SCore.EntityQueries(ID, RowStatus, Guid, Name, Statement, EntityTypeID, EntityHoBTID, IsDefaultCreate, IsDefaultRead, IsDefaultUpdate, IsDefaultDelete, IsScalarExecute, IsDefaultValidation, UsesProcessGuid, IsDefaultDataPills, IsProgressData, IsMergeDocumentQuery, SchemaName, ObjectName, IsManualStatement) VALUES (387, 1, '57514bf9-2818-45f5-979d-e5a8afa1a2a2', N'Transactions Datapills', N'SELECT * FROM [SFin].[tvf_Transactions_DataPills] (@Guid, @Batched) root_hobt', 37, 33, 0, 0, 0, 0, 0, 0, 0, 1, 0, 0, N'', N'', 1)
GO
SET IDENTITY_INSERT SCore.EntityQueries OFF
GO

IF @@ERROR<>0 OR @@TRANCOUNT=0 BEGIN IF @@TRANCOUNT>0 ROLLBACK SET NOEXEC ON END

--
-- Reseed identity on SCore.EntityQueries
--
PRINT(N'Reseed identity on SCore.EntityQueries')
GO
DBCC CHECKIDENT('SCore.EntityQueries', RESEED, 387)
GO

IF @@ERROR<>0 OR @@TRANCOUNT=0 BEGIN IF @@TRANCOUNT>0 ROLLBACK SET NOEXEC ON END

--
-- Inserting data into table SCore.EntityQueryParameters
--
PRINT(N'Inserting data into table SCore.EntityQueryParameters')
GO
SET IDENTITY_INSERT SCore.EntityQueryParameters ON
GO

IF @@ERROR<>0 OR @@TRANCOUNT=0 BEGIN IF @@TRANCOUNT>0 ROLLBACK SET NOEXEC ON END
INSERT SCore.EntityQueryParameters(ID, RowStatus, Guid, Name, EntityQueryID, EntityDataTypeID, MappedEntityPropertyID, DefaultValue, IsInput, IsOutput, IsReturnColumn) VALUES (1585, 1, '22600989-769b-4a6d-87ee-36de901e8fcb', N'@Guid', 384, 6, 1165, N'', 1, 0, 0)
INSERT SCore.EntityQueryParameters(ID, RowStatus, Guid, Name, EntityQueryID, EntityDataTypeID, MappedEntityPropertyID, DefaultValue, IsInput, IsOutput, IsReturnColumn) VALUES (1586, 1, '5d523a41-aa5e-40f9-b29f-d03bb1e401f9', N'@Batched', 98, 4, 2588, N'', 1, 0, 0)
INSERT SCore.EntityQueryParameters(ID, RowStatus, Guid, Name, EntityQueryID, EntityDataTypeID, MappedEntityPropertyID, DefaultValue, IsInput, IsOutput, IsReturnColumn) VALUES (1587, 1, '93722374-911a-4ac5-a2ae-eda915d82ade', N'@Guid', 385, 6, 483, N'', 1, 0, 0)
INSERT SCore.EntityQueryParameters(ID, RowStatus, Guid, Name, EntityQueryID, EntityDataTypeID, MappedEntityPropertyID, DefaultValue, IsInput, IsOutput, IsReturnColumn) VALUES (1588, 1, '8d6a1a5b-6776-46ae-adc6-10e7dce1babd', N'@Guid', 386, 6, 483, N'', 1, 0, 0)
INSERT SCore.EntityQueryParameters(ID, RowStatus, Guid, Name, EntityQueryID, EntityDataTypeID, MappedEntityPropertyID, DefaultValue, IsInput, IsOutput, IsReturnColumn) VALUES (1589, 1, 'a23b1260-d20e-492c-b00f-e67728c200e3', N'@Guid', 387, 6, 483, N'', 1, 0, 0)
INSERT SCore.EntityQueryParameters(ID, RowStatus, Guid, Name, EntityQueryID, EntityDataTypeID, MappedEntityPropertyID, DefaultValue, IsInput, IsOutput, IsReturnColumn) VALUES (1590, 1, 'f13ada85-ca10-4115-b21f-50589c782d95', N'@Batched', 387, 4, 2588, N'', 1, 0, 0)
GO
SET IDENTITY_INSERT SCore.EntityQueryParameters OFF
GO

IF @@ERROR<>0 OR @@TRANCOUNT=0 BEGIN IF @@TRANCOUNT>0 ROLLBACK SET NOEXEC ON END

--
-- Reseed identity on SCore.EntityQueryParameters
--
PRINT(N'Reseed identity on SCore.EntityQueryParameters')
GO
DBCC CHECKIDENT('SCore.EntityQueryParameters', RESEED, 1590)
GO

IF @@ERROR<>0 OR @@TRANCOUNT=0 BEGIN IF @@TRANCOUNT>0 ROLLBACK SET NOEXEC ON END

--
-- Inserting data into table SCore.LanguageLabels
--
PRINT(N'Inserting data into table SCore.LanguageLabels')
GO
SET IDENTITY_INSERT SCore.LanguageLabels ON
GO

IF @@ERROR<>0 OR @@TRANCOUNT=0 BEGIN IF @@TRANCOUNT>0 ROLLBACK SET NOEXEC ON END
INSERT SCore.LanguageLabels(ID, RowStatus, Guid, Name) VALUES (3778, 1, '4fd7c240-e4ea-4647-9ad0-245a5047e453', N'[SFin].[Transactions].[Batched]')
INSERT SCore.LanguageLabels(ID, RowStatus, Guid, Name) VALUES (3779, 1, 'e1391930-c4e6-4815-befb-96da6eb06ea3', N'BATCHEDTRANSACTIONS_grid')
INSERT SCore.LanguageLabels(ID, RowStatus, Guid, Name) VALUES (3780, 1, '95e6be48-7608-4bdf-a1ea-aecc7efab03e', N'[SFin].[TransactionBatchDelete]')
INSERT SCore.LanguageLabels(ID, RowStatus, Guid, Name) VALUES (3781, 1, '9da0ecbd-9479-4e3f-8ab6-7a15303355db', N'[SFin].[TransactionUnbatch]')
GO
SET IDENTITY_INSERT SCore.LanguageLabels OFF
GO

IF @@ERROR<>0 OR @@TRANCOUNT=0 BEGIN IF @@TRANCOUNT>0 ROLLBACK SET NOEXEC ON END

--
-- Reseed identity on SCore.LanguageLabels
--
PRINT(N'Reseed identity on SCore.LanguageLabels')
GO
DBCC CHECKIDENT('SCore.LanguageLabels', RESEED, 3781)
GO

IF @@ERROR<>0 OR @@TRANCOUNT=0 BEGIN IF @@TRANCOUNT>0 ROLLBACK SET NOEXEC ON END

--
-- Updating data of table SCore.LanguageLabelTranslations
--
PRINT(N'Updating data of table SCore.LanguageLabelTranslations')
GO
UPDATE SCore.LanguageLabelTranslations SET Text = N'Consultant', TextPlural = N'Consultant' WHERE ID = 2358
UPDATE SCore.LanguageLabelTranslations SET Text = N'Invoice Request → Create Invoice (Batch)', TextPlural = N'Invoice Request → Create Invoice (Batch)' WHERE ID = 2446
UPDATE SCore.LanguageLabelTranslations SET Text = N'Gross', TextPlural = N'Gross' WHERE ID = 3584
UPDATE SCore.LanguageLabelTranslations SET Text = N'Net', TextPlural = N'Net' WHERE ID = 3590

--
-- Inserting data into table SCore.LanguageLabelTranslations
--
PRINT(N'Inserting data into table SCore.LanguageLabelTranslations')
GO
SET IDENTITY_INSERT SCore.LanguageLabelTranslations ON
GO

IF @@ERROR<>0 OR @@TRANCOUNT=0 BEGIN IF @@TRANCOUNT>0 ROLLBACK SET NOEXEC ON END
INSERT SCore.LanguageLabelTranslations(ID, RowStatus, Guid, Text, TextPlural, LanguageLabelID, LanguageID, HelpText) VALUES (3889, 1, '102d93ef-334c-43b7-a7f2-8049e6ddcfbc', N'Batched', N'Batched', 3778, 1, N'')
INSERT SCore.LanguageLabelTranslations(ID, RowStatus, Guid, Text, TextPlural, LanguageLabelID, LanguageID, HelpText) VALUES (3890, 1, '556ad2eb-7fc6-4fcc-9556-a74920751d41', N'Transactions (Batched)', N'Transactions (Batched)', 3779, 1, N'')
INSERT SCore.LanguageLabelTranslations(ID, RowStatus, Guid, Text, TextPlural, LanguageLabelID, LanguageID, HelpText) VALUES (3891, 1, '20e2c7b6-6cc6-4698-ba3a-d4e24c2d08f5', N'Batch Delete', N'Batch Delete', 3780, 1, N'')
INSERT SCore.LanguageLabelTranslations(ID, RowStatus, Guid, Text, TextPlural, LanguageLabelID, LanguageID, HelpText) VALUES (3892, 1, 'ea5bc8a0-c131-4d29-8f7a-bc7723a4fa91', N'Unbatch Transaction(s)', N'Unbatch Transaction(s)', 3781, 1, N'')
GO
SET IDENTITY_INSERT SCore.LanguageLabelTranslations OFF
GO

IF @@ERROR<>0 OR @@TRANCOUNT=0 BEGIN IF @@TRANCOUNT>0 ROLLBACK SET NOEXEC ON END

--
-- Reseed identity on SCore.LanguageLabelTranslations
--
PRINT(N'Reseed identity on SCore.LanguageLabelTranslations')
GO
DBCC CHECKIDENT('SCore.LanguageLabelTranslations', RESEED, 3892)
GO

IF @@ERROR<>0 OR @@TRANCOUNT=0 BEGIN IF @@TRANCOUNT>0 ROLLBACK SET NOEXEC ON END

--
-- Inserting data into table SUserInterface.DropDownListDefinitions
--
PRINT(N'Inserting data into table SUserInterface.DropDownListDefinitions')
GO
SET IDENTITY_INSERT SUserInterface.DropDownListDefinitions ON
GO

IF @@ERROR<>0 OR @@TRANCOUNT=0 BEGIN IF @@TRANCOUNT>0 ROLLBACK SET NOEXEC ON END
INSERT SUserInterface.DropDownListDefinitions(ID, RowStatus, Guid, Code, NameColumn, ValueColumn, SqlQuery, DefaultSortColumnName, IsDefaultColumn, DetailPageUrl, IsDetailWindowed, EntityTypeId, InformationPageUrl, GroupColumn, ColourHexColumn, ExternalSearchPageUrl) VALUES (112, 1, '814f804b-d4c5-4e5a-b6c0-89b53effea2d', N'INVREQUSR', N'Name', N'Guid', N'SELECT 
    root_hobt.Guid,
    root_hobt.FullName AS Name
FROM SCore.Identities AS root_hobt
WHERE root_hobt.OriganisationalUnitId = (
    SELECT OriganisationalUnitId
    FROM SCore.Identities
    WHERE ID = [[UserId]]
)
AND root_hobt.IsActive = 1', N'', N'0', N'', 0, -1, N'', N'', N'', N'')
GO
SET IDENTITY_INSERT SUserInterface.DropDownListDefinitions OFF
GO

IF @@ERROR<>0 OR @@TRANCOUNT=0 BEGIN IF @@TRANCOUNT>0 ROLLBACK SET NOEXEC ON END

--
-- Reseed identity on SUserInterface.DropDownListDefinitions
--
PRINT(N'Reseed identity on SUserInterface.DropDownListDefinitions')
GO
DBCC CHECKIDENT('SUserInterface.DropDownListDefinitions', RESEED, 112)
GO

IF @@ERROR<>0 OR @@TRANCOUNT=0 BEGIN IF @@TRANCOUNT>0 ROLLBACK SET NOEXEC ON END

--
-- Inserting data into table SUserInterface.GridDefinitions
--
PRINT(N'Inserting data into table SUserInterface.GridDefinitions')
GO
SET IDENTITY_INSERT SUserInterface.GridDefinitions ON
GO

IF @@ERROR<>0 OR @@TRANCOUNT=0 BEGIN IF @@TRANCOUNT>0 ROLLBACK SET NOEXEC ON END
INSERT SUserInterface.GridDefinitions(ID, RowStatus, Guid, Code, PageUri, TabName, ShowAsTiles, LanguageLabelId) VALUES (126, 1, 'c42e78b1-d63e-4120-be58-b9518319765f', N'BATCHEDTRANSACTIONS', N'', N'', 0, 3779)
GO
SET IDENTITY_INSERT SUserInterface.GridDefinitions OFF
GO

IF @@ERROR<>0 OR @@TRANCOUNT=0 BEGIN IF @@TRANCOUNT>0 ROLLBACK SET NOEXEC ON END

--
-- Reseed identity on SUserInterface.GridDefinitions
--
PRINT(N'Reseed identity on SUserInterface.GridDefinitions')
GO
DBCC CHECKIDENT('SUserInterface.GridDefinitions', RESEED, 126)
GO

IF @@ERROR<>0 OR @@TRANCOUNT=0 BEGIN IF @@TRANCOUNT>0 ROLLBACK SET NOEXEC ON END

--
-- Inserting data into table SUserInterface.GridViewActions
--
PRINT(N'Inserting data into table SUserInterface.GridViewActions')
GO
SET IDENTITY_INSERT SUserInterface.GridViewActions ON
GO

IF @@ERROR<>0 OR @@TRANCOUNT=0 BEGIN IF @@TRANCOUNT>0 ROLLBACK SET NOEXEC ON END
INSERT SUserInterface.GridViewActions(ID, RowStatus, Guid, GridViewDefinitionId, LanguageLabelId, EntityQueryId) VALUES (3, 1, 'b24c7d32-c06d-4d13-af84-393c099bf800', 236, 3780, 385)
INSERT SUserInterface.GridViewActions(ID, RowStatus, Guid, GridViewDefinitionId, LanguageLabelId, EntityQueryId) VALUES (4, 1, 'c265f3c5-82c8-402c-b921-0dc155cf9e60', 236, 3781, 386)
GO
SET IDENTITY_INSERT SUserInterface.GridViewActions OFF
GO

IF @@ERROR<>0 OR @@TRANCOUNT=0 BEGIN IF @@TRANCOUNT>0 ROLLBACK SET NOEXEC ON END

--
-- Reseed identity on SUserInterface.GridViewActions
--
PRINT(N'Reseed identity on SUserInterface.GridViewActions')
GO
DBCC CHECKIDENT('SUserInterface.GridViewActions', RESEED, 4)
GO

IF @@ERROR<>0 OR @@TRANCOUNT=0 BEGIN IF @@TRANCOUNT>0 ROLLBACK SET NOEXEC ON END

--
-- Updating data of table SUserInterface.GridViewColumnDefinitions
--
PRINT(N'Updating data of table SUserInterface.GridViewColumnDefinitions')
GO
UPDATE SUserInterface.GridViewColumnDefinitions SET RowStatus = 254 WHERE ID = 1409
UPDATE SUserInterface.GridViewColumnDefinitions SET RowStatus = 254 WHERE ID = 1410
UPDATE SUserInterface.GridViewColumnDefinitions SET RowStatus = 254 WHERE ID = 1411
UPDATE SUserInterface.GridViewColumnDefinitions SET RowStatus = 254 WHERE ID = 1412
UPDATE SUserInterface.GridViewColumnDefinitions SET RowStatus = 254 WHERE ID = 1413
UPDATE SUserInterface.GridViewColumnDefinitions SET RowStatus = 254 WHERE ID = 1414
UPDATE SUserInterface.GridViewColumnDefinitions SET RowStatus = 254 WHERE ID = 1415
UPDATE SUserInterface.GridViewColumnDefinitions SET RowStatus = 254 WHERE ID = 1416
UPDATE SUserInterface.GridViewColumnDefinitions SET RowStatus = 254 WHERE ID = 1417
UPDATE SUserInterface.GridViewColumnDefinitions SET ColumnOrder = 6 WHERE ID = 1418
UPDATE SUserInterface.GridViewColumnDefinitions SET RowStatus = 254 WHERE ID = 1419
UPDATE SUserInterface.GridViewColumnDefinitions SET RowStatus = 254 WHERE ID = 1420
UPDATE SUserInterface.GridViewColumnDefinitions SET RowStatus = 254 WHERE ID = 1421
UPDATE SUserInterface.GridViewColumnDefinitions SET RowStatus = 254 WHERE ID = 1422
UPDATE SUserInterface.GridViewColumnDefinitions SET RowStatus = 254 WHERE ID = 1423
UPDATE SUserInterface.GridViewColumnDefinitions SET RowStatus = 254 WHERE ID = 1427

--
-- Inserting data into table SUserInterface.GridViewColumnDefinitions
--
PRINT(N'Inserting data into table SUserInterface.GridViewColumnDefinitions')
GO
SET IDENTITY_INSERT SUserInterface.GridViewColumnDefinitions ON
GO

IF @@ERROR<>0 OR @@TRANCOUNT=0 BEGIN IF @@TRANCOUNT>0 ROLLBACK SET NOEXEC ON END
INSERT SUserInterface.GridViewColumnDefinitions(ID, RowStatus, Guid, Name, ColumnOrder, GridViewDefinitionId, IsPrimaryKey, IsHidden, IsFiltered, IsCombo, IsLongitude, IsLatitude, DisplayFormat, Width, LanguageLabelId, TopHeaderCategory, TopHeaderCategoryOrder) VALUES (1599, 1, '3fd42c83-3eb5-4d39-8c3b-2f72ce9735ff', N'ID', 999, 236, 1, 1, 1, 0, 0, 0, N'', N'', 1627, N'', 0)
INSERT SUserInterface.GridViewColumnDefinitions(ID, RowStatus, Guid, Name, ColumnOrder, GridViewDefinitionId, IsPrimaryKey, IsHidden, IsFiltered, IsCombo, IsLongitude, IsLatitude, DisplayFormat, Width, LanguageLabelId, TopHeaderCategory, TopHeaderCategoryOrder) VALUES (1600, 1, '4336a8ef-2bab-4c2a-9ae9-be777d5a3226', N'Guid', 0, 236, 0, 1, 0, 0, 0, 0, N'', N'', 1689, N'', 0)
INSERT SUserInterface.GridViewColumnDefinitions(ID, RowStatus, Guid, Name, ColumnOrder, GridViewDefinitionId, IsPrimaryKey, IsHidden, IsFiltered, IsCombo, IsLongitude, IsLatitude, DisplayFormat, Width, LanguageLabelId, TopHeaderCategory, TopHeaderCategoryOrder) VALUES (1601, 1, 'ed98ab80-d306-4235-a38a-5def1e0cc58f', N'Date', 0, 236, 0, 0, 1, 0, 0, 0, N'', N'', 1655, N'', 0)
INSERT SUserInterface.GridViewColumnDefinitions(ID, RowStatus, Guid, Name, ColumnOrder, GridViewDefinitionId, IsPrimaryKey, IsHidden, IsFiltered, IsCombo, IsLongitude, IsLatitude, DisplayFormat, Width, LanguageLabelId, TopHeaderCategory, TopHeaderCategoryOrder) VALUES (1602, 1, '732eb8c2-baa6-4cfb-bcc3-0bec08598b78', N'Number', 0, 236, 0, 0, 1, 0, 0, 0, N'', N'', 1627, N'', 0)
INSERT SUserInterface.GridViewColumnDefinitions(ID, RowStatus, Guid, Name, ColumnOrder, GridViewDefinitionId, IsPrimaryKey, IsHidden, IsFiltered, IsCombo, IsLongitude, IsLatitude, DisplayFormat, Width, LanguageLabelId, TopHeaderCategory, TopHeaderCategoryOrder) VALUES (1603, 1, '8d9233bb-8c70-49db-abfd-bfe8a7c2bc87', N'TransactionType', 0, 236, 0, 0, 1, 1, 0, 0, N'', N'', 1780, N'', 0)
INSERT SUserInterface.GridViewColumnDefinitions(ID, RowStatus, Guid, Name, ColumnOrder, GridViewDefinitionId, IsPrimaryKey, IsHidden, IsFiltered, IsCombo, IsLongitude, IsLatitude, DisplayFormat, Width, LanguageLabelId, TopHeaderCategory, TopHeaderCategoryOrder) VALUES (1604, 1, '3ff27d28-a59d-4b64-b2e6-a1c0a0959b5a', N'Account', 0, 236, 0, 0, 1, 0, 0, 0, N'', N'', 2742, N'', 0)
INSERT SUserInterface.GridViewColumnDefinitions(ID, RowStatus, Guid, Name, ColumnOrder, GridViewDefinitionId, IsPrimaryKey, IsHidden, IsFiltered, IsCombo, IsLongitude, IsLatitude, DisplayFormat, Width, LanguageLabelId, TopHeaderCategory, TopHeaderCategoryOrder) VALUES (1605, 1, '9cf75600-a996-411c-a974-a89984cad54b', N'Gross', 4, 236, 0, 0, 1, 0, 0, 0, N'', N'', 1685, N'', 0)
INSERT SUserInterface.GridViewColumnDefinitions(ID, RowStatus, Guid, Name, ColumnOrder, GridViewDefinitionId, IsPrimaryKey, IsHidden, IsFiltered, IsCombo, IsLongitude, IsLatitude, DisplayFormat, Width, LanguageLabelId, TopHeaderCategory, TopHeaderCategoryOrder) VALUES (1606, 1, '722068a4-8e86-434a-8aa3-47b567aaab53', N'Net', 5, 236, 0, 0, 0, 0, 0, 0, N'', N'100px', 2745, N'', 0)
INSERT SUserInterface.GridViewColumnDefinitions(ID, RowStatus, Guid, Name, ColumnOrder, GridViewDefinitionId, IsPrimaryKey, IsHidden, IsFiltered, IsCombo, IsLongitude, IsLatitude, DisplayFormat, Width, LanguageLabelId, TopHeaderCategory, TopHeaderCategoryOrder) VALUES (1607, 1, '4e221983-7551-4b68-8c50-8e178ea80886', N'Vat', 6, 236, 0, 0, 0, 0, 0, 0, N'', N'100px', 2746, N'', 0)
INSERT SUserInterface.GridViewColumnDefinitions(ID, RowStatus, Guid, Name, ColumnOrder, GridViewDefinitionId, IsPrimaryKey, IsHidden, IsFiltered, IsCombo, IsLongitude, IsLatitude, DisplayFormat, Width, LanguageLabelId, TopHeaderCategory, TopHeaderCategoryOrder) VALUES (1608, 1, '6aee9449-98ad-45e8-a329-6fe9724bf198', N'Outstanding', 7, 236, 0, 0, 1, 0, 0, 0, N'', N'', 1729, N'', 0)
INSERT SUserInterface.GridViewColumnDefinitions(ID, RowStatus, Guid, Name, ColumnOrder, GridViewDefinitionId, IsPrimaryKey, IsHidden, IsFiltered, IsCombo, IsLongitude, IsLatitude, DisplayFormat, Width, LanguageLabelId, TopHeaderCategory, TopHeaderCategoryOrder) VALUES (1609, 1, '07097456-f640-4e81-9b48-5ed122b4ff4a', N'SageTransactionReference', 8, 236, 0, 0, 1, 0, 0, 0, N'', N'150px', 1758, N'', 0)
INSERT SUserInterface.GridViewColumnDefinitions(ID, RowStatus, Guid, Name, ColumnOrder, GridViewDefinitionId, IsPrimaryKey, IsHidden, IsFiltered, IsCombo, IsLongitude, IsLatitude, DisplayFormat, Width, LanguageLabelId, TopHeaderCategory, TopHeaderCategoryOrder) VALUES (1610, 1, '1ba9ddf6-1667-42a2-8a05-fe201a3c31d0', N'Surveyor', 9, 236, 0, 0, 1, 1, 0, 0, N'', N'200px', 1772, N'', 0)
INSERT SUserInterface.GridViewColumnDefinitions(ID, RowStatus, Guid, Name, ColumnOrder, GridViewDefinitionId, IsPrimaryKey, IsHidden, IsFiltered, IsCombo, IsLongitude, IsLatitude, DisplayFormat, Width, LanguageLabelId, TopHeaderCategory, TopHeaderCategoryOrder) VALUES (1611, 1, 'd6eac227-3588-4a9b-a90f-bdccd244e47e', N'Date', 0, 215, 0, 0, 1, 0, 0, 0, N'', N'', 1655, N'', 0)
INSERT SUserInterface.GridViewColumnDefinitions(ID, RowStatus, Guid, Name, ColumnOrder, GridViewDefinitionId, IsPrimaryKey, IsHidden, IsFiltered, IsCombo, IsLongitude, IsLatitude, DisplayFormat, Width, LanguageLabelId, TopHeaderCategory, TopHeaderCategoryOrder) VALUES (1612, 1, '1fbba1f8-08ca-482c-932c-0cf96662211f', N'Number', 1, 215, 0, 0, 1, 0, 0, 0, N'', N'100px', 1627, N'', 0)
INSERT SUserInterface.GridViewColumnDefinitions(ID, RowStatus, Guid, Name, ColumnOrder, GridViewDefinitionId, IsPrimaryKey, IsHidden, IsFiltered, IsCombo, IsLongitude, IsLatitude, DisplayFormat, Width, LanguageLabelId, TopHeaderCategory, TopHeaderCategoryOrder) VALUES (1613, 1, '9f9c18cc-1d92-4b11-b1d5-755353f9af98', N'TransactionType', 3, 215, 0, 0, 1, 1, 0, 0, N'', N'120px', 1780, N'', 0)
INSERT SUserInterface.GridViewColumnDefinitions(ID, RowStatus, Guid, Name, ColumnOrder, GridViewDefinitionId, IsPrimaryKey, IsHidden, IsFiltered, IsCombo, IsLongitude, IsLatitude, DisplayFormat, Width, LanguageLabelId, TopHeaderCategory, TopHeaderCategoryOrder) VALUES (1614, 1, '10a410f2-0986-4c23-af6f-cde758c32ac8', N'Account', 4, 215, 0, 0, 1, 0, 0, 0, N'', N'200px', 2742, N'', 0)
INSERT SUserInterface.GridViewColumnDefinitions(ID, RowStatus, Guid, Name, ColumnOrder, GridViewDefinitionId, IsPrimaryKey, IsHidden, IsFiltered, IsCombo, IsLongitude, IsLatitude, DisplayFormat, Width, LanguageLabelId, TopHeaderCategory, TopHeaderCategoryOrder) VALUES (1615, 1, 'd5d0a14f-1cad-4c08-8e1a-1aef98519a6f', N'Gross', 5, 215, 0, 0, 1, 0, 0, 0, N'N2', N'150px', 1685, N'', 0)
INSERT SUserInterface.GridViewColumnDefinitions(ID, RowStatus, Guid, Name, ColumnOrder, GridViewDefinitionId, IsPrimaryKey, IsHidden, IsFiltered, IsCombo, IsLongitude, IsLatitude, DisplayFormat, Width, LanguageLabelId, TopHeaderCategory, TopHeaderCategoryOrder) VALUES (1616, 1, '00940677-316b-477a-8450-39fb1b29e060', N'Vat', 7, 215, 0, 0, 0, 0, 0, 0, N'', N'100px', 2746, N'', 0)
INSERT SUserInterface.GridViewColumnDefinitions(ID, RowStatus, Guid, Name, ColumnOrder, GridViewDefinitionId, IsPrimaryKey, IsHidden, IsFiltered, IsCombo, IsLongitude, IsLatitude, DisplayFormat, Width, LanguageLabelId, TopHeaderCategory, TopHeaderCategoryOrder) VALUES (1617, 1, '7769f55d-e657-4067-98ee-aa36e6a6b3ec', N'Outstanding', 8, 215, 0, 0, 0, 0, 0, 0, N'N2', N'120px', 1729, N'', 0)
INSERT SUserInterface.GridViewColumnDefinitions(ID, RowStatus, Guid, Name, ColumnOrder, GridViewDefinitionId, IsPrimaryKey, IsHidden, IsFiltered, IsCombo, IsLongitude, IsLatitude, DisplayFormat, Width, LanguageLabelId, TopHeaderCategory, TopHeaderCategoryOrder) VALUES (1618, 1, '9a70210d-0d69-4a52-8e2b-bf578c86dca6', N'SageTransactionReference', 9, 215, 0, 0, 1, 0, 0, 0, N'', N'150px', 1758, N'', 0)
INSERT SUserInterface.GridViewColumnDefinitions(ID, RowStatus, Guid, Name, ColumnOrder, GridViewDefinitionId, IsPrimaryKey, IsHidden, IsFiltered, IsCombo, IsLongitude, IsLatitude, DisplayFormat, Width, LanguageLabelId, TopHeaderCategory, TopHeaderCategoryOrder) VALUES (1619, 1, '4ea86e3a-f677-4df6-b542-f4974056dadc', N'Surveyor', 10, 215, 0, 0, 1, 1, 0, 0, N'', N'200px', 1772, N'', 0)
GO
SET IDENTITY_INSERT SUserInterface.GridViewColumnDefinitions OFF
GO

IF @@ERROR<>0 OR @@TRANCOUNT=0 BEGIN IF @@TRANCOUNT>0 ROLLBACK SET NOEXEC ON END

--
-- Reseed identity on SUserInterface.GridViewColumnDefinitions
--
PRINT(N'Reseed identity on SUserInterface.GridViewColumnDefinitions')
GO
DBCC CHECKIDENT('SUserInterface.GridViewColumnDefinitions', RESEED, 1619)
GO

IF @@ERROR<>0 OR @@TRANCOUNT=0 BEGIN IF @@TRANCOUNT>0 ROLLBACK SET NOEXEC ON END

--
-- Updating data of table SUserInterface.GridViewDefinitions
--
PRINT(N'Updating data of table SUserInterface.GridViewDefinitions')
GO
UPDATE SUserInterface.GridViewDefinitions SET SqlQuery = N'SELECT * FROM [SFin].[tvf_AllTransactions] ([[UserId]]) root_hobt  WHERE root_hobt.Batched = 0', IsDetailWindowed = 1 WHERE ID = 34
UPDATE SUserInterface.GridViewDefinitions SET DetailPageUri = N'TransactionDetail', SqlQuery = N'SELECT
 *
FROM
      [SFin].[tvf_AutomatedInvoicing]([[UserId]]) root_hobt' WHERE ID = 215

--
-- Inserting data into table SUserInterface.GridViewDefinitions
--
PRINT(N'Inserting data into table SUserInterface.GridViewDefinitions')
GO
SET IDENTITY_INSERT SUserInterface.GridViewDefinitions ON
GO

IF @@ERROR<>0 OR @@TRANCOUNT=0 BEGIN IF @@TRANCOUNT>0 ROLLBACK SET NOEXEC ON END
INSERT SUserInterface.GridViewDefinitions(ID, RowStatus, Guid, Code, GridDefinitionId, DetailPageUri, SqlQuery, DefaultSortColumnName, SecurableCode, DisplayOrder, DisplayGroupName, MetricSqlQuery, ShowMetric, IsDetailWindowed, EntityTypeID, MetricTypeID, MetricMin, MetricMax, MetricMinorUnit, MetricMajorUnit, MetricStartAngle, MetricEndAngle, MetricReversed, MetricRange1Min, MetricRange1Max, MetricRange1ColourHex, MetricRange2Min, MetricRange2Max, MetricRange2ColourHex, IsDefaultSortDescending, AllowNew, AllowExcelExport, AllowPdfExport, AllowCsvExport, LanguageLabelId, DrawerIconId, GridViewTypeId, AllowBulkChange, ShowOnMobile, TreeListFirstOrderBy, TreeListSecondOrderBy, TreeListThirdOrderBy, TreeListOrderBy, TreeListGroupBy, ShowOnDashboard, FilteredListCreatedOnColumn, FilteredListRedStatusIndicatorTxt, FilteredListOrangeStatusIndicatorTxt, FilteredListGreenStatusIndicatorTxt, FilteredListGroupBy) VALUES (236, 1, 'e58e2bf4-c4b9-47d5-94bf-710f9ecc9ed4', N'BATCHEDTRANSACTIONS', 126, N'TransactionDetail', N'SELECT * FROM [SFin].[tvf_AllTransactions] ([[UserId]]) root_hobt WHERE root_hobt.Batched = 1', N'ID', N'', 0, N'', N'', 0, 1, 37, -1, 0, 0, 0, 0, 0, 0, 0, 0, 0, N'', 0, 0, N'', 1, 1, 0, 0, 0, 3779, -1, 2, 0, 0, N'', N'', N'', N'', N'', 0, N'', N'', N'', N'', N'')
GO
SET IDENTITY_INSERT SUserInterface.GridViewDefinitions OFF
GO

IF @@ERROR<>0 OR @@TRANCOUNT=0 BEGIN IF @@TRANCOUNT>0 ROLLBACK SET NOEXEC ON END

--
-- Reseed identity on SUserInterface.GridViewDefinitions
--
PRINT(N'Reseed identity on SUserInterface.GridViewDefinitions')
GO
DBCC CHECKIDENT('SUserInterface.GridViewDefinitions', RESEED, 236)
GO

IF @@ERROR<>0 OR @@TRANCOUNT=0 BEGIN IF @@TRANCOUNT>0 ROLLBACK SET NOEXEC ON END

--
-- Creating constraints for [SCore].[EntityProperties]
--
PRINT(N'Creating constraints for [SCore].[EntityProperties]')
GO
ALTER TABLE SCore.EntityProperties WITH NOCHECK
  ADD CONSTRAINT FK_EntityProperties_DropDownListDefinitions FOREIGN KEY (DropDownListDefinitionID) REFERENCES SUserInterface.DropDownListDefinitions(ID) ON DELETE NO ACTION ON UPDATE NO ACTION
ALTER TABLE SCore.EntityProperties WITH NOCHECK
  ADD CONSTRAINT FK_EntityProperties_EntityDataTypes FOREIGN KEY (EntityDataTypeID) REFERENCES SCore.EntityDataTypes(ID) ON DELETE NO ACTION ON UPDATE NO ACTION
ALTER TABLE SCore.EntityProperties WITH NOCHECK
  ADD CONSTRAINT FK_EntityProperties_EntityHoBTs FOREIGN KEY (EntityHoBTID) REFERENCES SCore.EntityHobts(ID) ON DELETE CASCADE ON UPDATE NO ACTION
ALTER TABLE SCore.EntityProperties WITH NOCHECK
  ADD CONSTRAINT FK_EntityProperties_EntityPropertyGroupID FOREIGN KEY (EntityPropertyGroupID) REFERENCES SCore.EntityPropertyGroups(ID) ON DELETE NO ACTION ON UPDATE NO ACTION
ALTER TABLE SCore.EntityProperties WITH NOCHECK
  ADD CONSTRAINT FK_EntityProperties_LanguageLabels FOREIGN KEY (LanguageLabelID) REFERENCES SCore.LanguageLabels(ID) ON DELETE NO ACTION ON UPDATE NO ACTION
ALTER TABLE SCore.EntityProperties WITH NOCHECK
  ADD CONSTRAINT FK_EntityProperties_RowStatus FOREIGN KEY (RowStatus) REFERENCES SCore.RowStatus(ID) ON DELETE NO ACTION ON UPDATE NO ACTION
GO

IF @@ERROR<>0 OR @@TRANCOUNT=0 BEGIN IF @@TRANCOUNT>0 ROLLBACK SET NOEXEC ON END

--
-- Creating constraints for [SCore].[EntityQueries]
--
PRINT(N'Creating constraints for [SCore].[EntityQueries]')
GO
ALTER TABLE SCore.EntityQueries WITH NOCHECK
  ADD CONSTRAINT FK_EntityQueries_EntityHoBTs FOREIGN KEY (EntityHoBTID) REFERENCES SCore.EntityHobts(ID) ON DELETE NO ACTION ON UPDATE NO ACTION
ALTER TABLE SCore.EntityQueries WITH NOCHECK
  ADD CONSTRAINT FK_EntityQueries_EntityTypes FOREIGN KEY (EntityTypeID) REFERENCES SCore.EntityTypes(ID) ON DELETE CASCADE ON UPDATE NO ACTION
ALTER TABLE SCore.EntityQueries WITH NOCHECK
  ADD CONSTRAINT FK_EntityQueries_RowStatus FOREIGN KEY (RowStatus) REFERENCES SCore.RowStatus(ID) ON DELETE NO ACTION ON UPDATE NO ACTION
GO

IF @@ERROR<>0 OR @@TRANCOUNT=0 BEGIN IF @@TRANCOUNT>0 ROLLBACK SET NOEXEC ON END

--
-- Creating constraints for [SCore].[EntityQueryParameters]
--
PRINT(N'Creating constraints for [SCore].[EntityQueryParameters]')
GO
ALTER TABLE SCore.EntityQueryParameters WITH NOCHECK
  ADD CONSTRAINT FK_EntityQueryParameters_EntityDataTypes FOREIGN KEY (EntityDataTypeID) REFERENCES SCore.EntityDataTypes(ID) ON DELETE NO ACTION ON UPDATE NO ACTION
ALTER TABLE SCore.EntityQueryParameters WITH NOCHECK
  ADD CONSTRAINT FK_EntityQueryParameters_EntityProperties FOREIGN KEY (MappedEntityPropertyID) REFERENCES SCore.EntityProperties(ID) ON DELETE NO ACTION ON UPDATE NO ACTION
ALTER TABLE SCore.EntityQueryParameters WITH NOCHECK
  ADD CONSTRAINT FK_EntityQueryParameters_EntityQueries FOREIGN KEY (EntityQueryID) REFERENCES SCore.EntityQueries(ID) ON DELETE CASCADE ON UPDATE NO ACTION
ALTER TABLE SCore.EntityQueryParameters WITH NOCHECK
  ADD CONSTRAINT FK_EntityQueryParameters_RowStatus FOREIGN KEY (RowStatus) REFERENCES SCore.RowStatus(ID) ON DELETE NO ACTION ON UPDATE NO ACTION
GO

IF @@ERROR<>0 OR @@TRANCOUNT=0 BEGIN IF @@TRANCOUNT>0 ROLLBACK SET NOEXEC ON END

--
-- Creating constraints for [SCore].[LanguageLabels]
--
PRINT(N'Creating constraints for [SCore].[LanguageLabels]')
GO
ALTER TABLE SCore.LanguageLabels WITH NOCHECK
  ADD CONSTRAINT FK_LanguageLabels_RowStatus FOREIGN KEY (RowStatus) REFERENCES SCore.RowStatus(ID) ON DELETE NO ACTION ON UPDATE NO ACTION
GO

IF @@ERROR<>0 OR @@TRANCOUNT=0 BEGIN IF @@TRANCOUNT>0 ROLLBACK SET NOEXEC ON END

--
-- Creating constraints for [SCore].[LanguageLabelTranslations]
--
PRINT(N'Creating constraints for [SCore].[LanguageLabelTranslations]')
GO
ALTER TABLE SCore.LanguageLabelTranslations WITH NOCHECK
  ADD CONSTRAINT FK_LanguageLabelTranslations_LanguageLabels FOREIGN KEY (LanguageLabelID) REFERENCES SCore.LanguageLabels(ID) ON DELETE NO ACTION ON UPDATE NO ACTION
ALTER TABLE SCore.LanguageLabelTranslations WITH NOCHECK
  ADD CONSTRAINT FK_LanguageLabelTranslations_Languages FOREIGN KEY (LanguageID) REFERENCES SCore.Languages(ID) ON DELETE NO ACTION ON UPDATE NO ACTION
ALTER TABLE SCore.LanguageLabelTranslations WITH NOCHECK
  ADD CONSTRAINT FK_LanguageLabelTranslations_RowStatus FOREIGN KEY (RowStatus) REFERENCES SCore.RowStatus(ID) ON DELETE NO ACTION ON UPDATE NO ACTION
GO

IF @@ERROR<>0 OR @@TRANCOUNT=0 BEGIN IF @@TRANCOUNT>0 ROLLBACK SET NOEXEC ON END

--
-- Creating constraints for [SUserInterface].[DropDownListDefinitions]
--
PRINT(N'Creating constraints for [SUserInterface].[DropDownListDefinitions]')
GO
ALTER TABLE SUserInterface.DropDownListDefinitions WITH NOCHECK
  ADD CONSTRAINT FK_DropDownListDefinitions_EntityTypes FOREIGN KEY (EntityTypeId) REFERENCES SCore.EntityTypes(ID) ON DELETE NO ACTION ON UPDATE NO ACTION
ALTER TABLE SUserInterface.DropDownListDefinitions WITH NOCHECK
  ADD CONSTRAINT FK_DropDownListDefinitions_RowStatus FOREIGN KEY (RowStatus) REFERENCES SCore.RowStatus(ID) ON DELETE NO ACTION ON UPDATE NO ACTION
GO

IF @@ERROR<>0 OR @@TRANCOUNT=0 BEGIN IF @@TRANCOUNT>0 ROLLBACK SET NOEXEC ON END

--
-- Creating constraints for [SUserInterface].[GridDefinitions]
--
PRINT(N'Creating constraints for [SUserInterface].[GridDefinitions]')
GO
ALTER TABLE SUserInterface.GridDefinitions WITH NOCHECK
  ADD CONSTRAINT FK_GridDefinitions_LanguageLabelId FOREIGN KEY (LanguageLabelId) REFERENCES SCore.LanguageLabels(ID) ON DELETE NO ACTION ON UPDATE NO ACTION
ALTER TABLE SUserInterface.GridDefinitions WITH NOCHECK
  ADD CONSTRAINT FK_GridDefinitions_RowStatus FOREIGN KEY (RowStatus) REFERENCES SCore.RowStatus(ID) ON DELETE NO ACTION ON UPDATE NO ACTION
GO

IF @@ERROR<>0 OR @@TRANCOUNT=0 BEGIN IF @@TRANCOUNT>0 ROLLBACK SET NOEXEC ON END

--
-- Creating constraints for [SUserInterface].[GridViewActions]
--
PRINT(N'Creating constraints for [SUserInterface].[GridViewActions]')
GO
ALTER TABLE SUserInterface.GridViewActions WITH NOCHECK
  ADD CONSTRAINT FK_GridViewActions_EntityQueries FOREIGN KEY (EntityQueryId) REFERENCES SCore.EntityQueries(ID) ON DELETE NO ACTION ON UPDATE NO ACTION
ALTER TABLE SUserInterface.GridViewActions WITH NOCHECK
  ADD CONSTRAINT FK_GridViewActions_GridViewDefinition FOREIGN KEY (GridViewDefinitionId) REFERENCES SUserInterface.GridViewDefinitions(ID) ON DELETE CASCADE ON UPDATE NO ACTION
ALTER TABLE SUserInterface.GridViewActions WITH NOCHECK
  ADD CONSTRAINT FK_GridViewActions_LanguageLabelId FOREIGN KEY (LanguageLabelId) REFERENCES SCore.LanguageLabels(ID) ON DELETE NO ACTION ON UPDATE NO ACTION
ALTER TABLE SUserInterface.GridViewActions WITH NOCHECK
  ADD CONSTRAINT FK_GridViewActions_RowStatus FOREIGN KEY (RowStatus) REFERENCES SCore.RowStatus(ID) ON DELETE NO ACTION ON UPDATE NO ACTION
GO

IF @@ERROR<>0 OR @@TRANCOUNT=0 BEGIN IF @@TRANCOUNT>0 ROLLBACK SET NOEXEC ON END

--
-- Creating constraints for [SUserInterface].[GridViewColumnDefinitions]
--
PRINT(N'Creating constraints for [SUserInterface].[GridViewColumnDefinitions]')
GO
ALTER TABLE SUserInterface.GridViewColumnDefinitions WITH NOCHECK
  ADD CONSTRAINT FK_GridViewColumnDefinition_GridViewDefinition FOREIGN KEY (GridViewDefinitionId) REFERENCES SUserInterface.GridViewDefinitions(ID) ON DELETE CASCADE ON UPDATE NO ACTION
ALTER TABLE SUserInterface.GridViewColumnDefinitions WITH NOCHECK
  ADD CONSTRAINT FK_GridViewColumnDefinitions_LanguageLabelId FOREIGN KEY (LanguageLabelId) REFERENCES SCore.LanguageLabels(ID) ON DELETE NO ACTION ON UPDATE NO ACTION
ALTER TABLE SUserInterface.GridViewColumnDefinitions WITH NOCHECK
  ADD CONSTRAINT FK_GridViewColumnDefinitions_RowStatus FOREIGN KEY (RowStatus) REFERENCES SCore.RowStatus(ID) ON DELETE NO ACTION ON UPDATE NO ACTION
GO

IF @@ERROR<>0 OR @@TRANCOUNT=0 BEGIN IF @@TRANCOUNT>0 ROLLBACK SET NOEXEC ON END

--
-- Creating constraints for [SUserInterface].[GridViewDefinitions]
--
PRINT(N'Creating constraints for [SUserInterface].[GridViewDefinitions]')
GO
ALTER TABLE SUserInterface.GridViewDefinitions WITH NOCHECK
  ADD CONSTRAINT FK_GridViewDefinition_GridDefinition FOREIGN KEY (GridDefinitionId) REFERENCES SUserInterface.GridDefinitions(ID) ON DELETE CASCADE ON UPDATE NO ACTION
ALTER TABLE SUserInterface.GridViewDefinitions WITH NOCHECK
  ADD CONSTRAINT FK_GridViewDefinitions_DrawerIconId FOREIGN KEY (DrawerIconId) REFERENCES SUserInterface.Icons(ID) ON DELETE NO ACTION ON UPDATE NO ACTION
ALTER TABLE SUserInterface.GridViewDefinitions WITH NOCHECK
  ADD CONSTRAINT FK_GridViewDefinitions_EntityTypes FOREIGN KEY (EntityTypeID) REFERENCES SCore.EntityTypes(ID) ON DELETE NO ACTION ON UPDATE NO ACTION
ALTER TABLE SUserInterface.GridViewDefinitions WITH NOCHECK
  ADD CONSTRAINT FK_GridViewDefinitions_LanguageLabelId FOREIGN KEY (LanguageLabelId) REFERENCES SCore.LanguageLabels(ID) ON DELETE NO ACTION ON UPDATE NO ACTION
ALTER TABLE SUserInterface.GridViewDefinitions WITH NOCHECK
  ADD CONSTRAINT FK_GridViewDefinitions_MetricTypes FOREIGN KEY (MetricTypeID) REFERENCES SUserInterface.MetricTypes(ID) ON DELETE NO ACTION ON UPDATE NO ACTION
ALTER TABLE SUserInterface.GridViewDefinitions WITH NOCHECK
  ADD CONSTRAINT FK_GridViewDefinitions_RowStatus FOREIGN KEY (RowStatus) REFERENCES SCore.RowStatus(ID) ON DELETE NO ACTION ON UPDATE NO ACTION
GO

IF @@ERROR<>0 OR @@TRANCOUNT=0 BEGIN IF @@TRANCOUNT>0 ROLLBACK SET NOEXEC ON END

--
-- Creating constraints for [SCore].[EntityPropertyActions]
--
PRINT(N'Creating constraints for [SCore].[EntityPropertyActions]')
GO
ALTER TABLE SCore.EntityPropertyActions WITH NOCHECK
  ADD CONSTRAINT FK_EntityPropertyActions_EntityProperties FOREIGN KEY (EntityPropertyID) REFERENCES SCore.EntityProperties(ID) ON DELETE NO ACTION ON UPDATE NO ACTION
GO

IF @@ERROR<>0 OR @@TRANCOUNT=0 BEGIN IF @@TRANCOUNT>0 ROLLBACK SET NOEXEC ON END

--
-- Creating constraints for [SCore].[EntityPropertyDependants]
--
PRINT(N'Creating constraints for [SCore].[EntityPropertyDependants]')
GO
ALTER TABLE SCore.EntityPropertyDependants WITH NOCHECK
  ADD CONSTRAINT FK_EntityPropertyDependants_EntityProperties FOREIGN KEY (ParentEntityPropertyID) REFERENCES SCore.EntityProperties(ID) ON DELETE NO ACTION ON UPDATE NO ACTION
GO

IF @@ERROR<>0 OR @@TRANCOUNT=0 BEGIN IF @@TRANCOUNT>0 ROLLBACK SET NOEXEC ON END

--
-- Creating constraints for [SCore].[MergeDocumentItemIncludes]
--
PRINT(N'Creating constraints for [SCore].[MergeDocumentItemIncludes]')
GO
ALTER TABLE SCore.MergeDocumentItemIncludes WITH NOCHECK
  ADD CONSTRAINT FK_MergeDocumentItemIncludes_EntityProperties FOREIGN KEY (SourceDocumentEntityPropertyId) REFERENCES SCore.EntityProperties(ID) ON DELETE NO ACTION ON UPDATE NO ACTION
GO

IF @@ERROR<>0 OR @@TRANCOUNT=0 BEGIN IF @@TRANCOUNT>0 ROLLBACK SET NOEXEC ON END

--
-- Creating constraints for [SCore].[RecordHistory]
--
PRINT(N'Creating constraints for [SCore].[RecordHistory]')
GO
ALTER TABLE SCore.RecordHistory WITH NOCHECK
  ADD CONSTRAINT FK_RecordHistory_EntityPropertyID FOREIGN KEY (EntityPropertyID) REFERENCES SCore.EntityProperties(ID) ON DELETE CASCADE ON UPDATE NO ACTION
GO

IF @@ERROR<>0 OR @@TRANCOUNT=0 BEGIN IF @@TRANCOUNT>0 ROLLBACK SET NOEXEC ON END

--
-- Creating constraints for [SCore].[SynchronisationErrors]
--
PRINT(N'Creating constraints for [SCore].[SynchronisationErrors]')
GO
ALTER TABLE SCore.SynchronisationErrors WITH NOCHECK
  ADD CONSTRAINT FK_SychronisationErrors_EntityPropertyID FOREIGN KEY (EntityPropertyID) REFERENCES SCore.EntityProperties(ID) ON DELETE CASCADE ON UPDATE NO ACTION
GO

IF @@ERROR<>0 OR @@TRANCOUNT=0 BEGIN IF @@TRANCOUNT>0 ROLLBACK SET NOEXEC ON END

--
-- Creating constraints for [SUserInterface].[ActionMenuItems]
--
PRINT(N'Creating constraints for [SUserInterface].[ActionMenuItems]')
GO
ALTER TABLE SUserInterface.ActionMenuItems WITH NOCHECK
  ADD CONSTRAINT FK_ActionMenuItems_EntityQueries FOREIGN KEY (EntityQueryId) REFERENCES SCore.EntityQueries(ID) ON DELETE NO ACTION ON UPDATE NO ACTION
GO

IF @@ERROR<>0 OR @@TRANCOUNT=0 BEGIN IF @@TRANCOUNT>0 ROLLBACK SET NOEXEC ON END

--
-- Creating constraints for [SUserInterface].[GridViewWidgetQueries]
--
PRINT(N'Creating constraints for [SUserInterface].[GridViewWidgetQueries]')
GO
ALTER TABLE SUserInterface.GridViewWidgetQueries WITH NOCHECK
  ADD CONSTRAINT FK_GridViewWidgetQueries_EntityQueries FOREIGN KEY (EntityQueryId) REFERENCES SCore.EntityQueries(ID) ON DELETE NO ACTION ON UPDATE NO ACTION
GO

IF @@ERROR<>0 OR @@TRANCOUNT=0 BEGIN IF @@TRANCOUNT>0 ROLLBACK SET NOEXEC ON END

--
-- Creating constraints for [SCore].[EntityPropertyGroups]
--
PRINT(N'Creating constraints for [SCore].[EntityPropertyGroups]')
GO
ALTER TABLE SCore.EntityPropertyGroups WITH NOCHECK
  ADD CONSTRAINT FK_EntityPropertyGroups_LanguageLabels FOREIGN KEY (LanguageLabelID) REFERENCES SCore.LanguageLabels(ID) ON DELETE NO ACTION ON UPDATE NO ACTION
GO

IF @@ERROR<>0 OR @@TRANCOUNT=0 BEGIN IF @@TRANCOUNT>0 ROLLBACK SET NOEXEC ON END

--
-- Creating constraints for [SCore].[EntityTypes]
--
PRINT(N'Creating constraints for [SCore].[EntityTypes]')
GO
ALTER TABLE SCore.EntityTypes WITH NOCHECK
  ADD CONSTRAINT FK_EntityTypes_LanguageLabels FOREIGN KEY (LanguageLabelID) REFERENCES SCore.LanguageLabels(ID) ON DELETE NO ACTION ON UPDATE NO ACTION
GO

IF @@ERROR<>0 OR @@TRANCOUNT=0 BEGIN IF @@TRANCOUNT>0 ROLLBACK SET NOEXEC ON END

--
-- Creating constraints for [SUserInterface].[MainMenuItems]
--
PRINT(N'Creating constraints for [SUserInterface].[MainMenuItems]')
GO
ALTER TABLE SUserInterface.MainMenuItems WITH NOCHECK
  ADD CONSTRAINT FK_MainMenuItems_LanguageLabelId FOREIGN KEY (LanguageLabelId) REFERENCES SCore.LanguageLabels(ID) ON DELETE NO ACTION ON UPDATE NO ACTION
GO

IF @@ERROR<>0 OR @@TRANCOUNT=0 BEGIN IF @@TRANCOUNT>0 ROLLBACK SET NOEXEC ON END

--
-- Enabling DML triggers for [SCore].[EntityProperties]
--
PRINT(N'Enabling DML triggers for [SCore].[EntityProperties]')
GO
ENABLE TRIGGER ALL ON SCore.EntityProperties
GO

IF @@ERROR<>0 OR @@TRANCOUNT=0 BEGIN IF @@TRANCOUNT>0 ROLLBACK SET NOEXEC ON END

--
-- Enabling DML triggers for [SCore].[EntityQueries]
--
PRINT(N'Enabling DML triggers for [SCore].[EntityQueries]')
GO
ENABLE TRIGGER ALL ON SCore.EntityQueries
GO

IF @@ERROR<>0 OR @@TRANCOUNT=0 BEGIN IF @@TRANCOUNT>0 ROLLBACK SET NOEXEC ON END

--
-- Enabling DML triggers for [SCore].[EntityQueryParameters]
--
PRINT(N'Enabling DML triggers for [SCore].[EntityQueryParameters]')
GO
ENABLE TRIGGER ALL ON SCore.EntityQueryParameters
GO

IF @@ERROR<>0 OR @@TRANCOUNT=0 BEGIN IF @@TRANCOUNT>0 ROLLBACK SET NOEXEC ON END

--
-- Enabling DML triggers for [SCore].[LanguageLabels]
--
PRINT(N'Enabling DML triggers for [SCore].[LanguageLabels]')
GO
ENABLE TRIGGER ALL ON SCore.LanguageLabels
GO

IF @@ERROR<>0 OR @@TRANCOUNT=0 BEGIN IF @@TRANCOUNT>0 ROLLBACK SET NOEXEC ON END

--
-- Enabling DML triggers for [SCore].[LanguageLabelTranslations]
--
PRINT(N'Enabling DML triggers for [SCore].[LanguageLabelTranslations]')
GO
ENABLE TRIGGER ALL ON SCore.LanguageLabelTranslations
GO

IF @@ERROR<>0 OR @@TRANCOUNT=0 BEGIN IF @@TRANCOUNT>0 ROLLBACK SET NOEXEC ON END

--
-- Enabling DML triggers for [SUserInterface].[DropDownListDefinitions]
--
PRINT(N'Enabling DML triggers for [SUserInterface].[DropDownListDefinitions]')
GO
ENABLE TRIGGER ALL ON SUserInterface.DropDownListDefinitions
GO

IF @@ERROR<>0 OR @@TRANCOUNT=0 BEGIN IF @@TRANCOUNT>0 ROLLBACK SET NOEXEC ON END

--
-- Enabling DML triggers for [SUserInterface].[GridViewActions]
--
PRINT(N'Enabling DML triggers for [SUserInterface].[GridViewActions]')
GO
ENABLE TRIGGER ALL ON SUserInterface.GridViewActions
GO

IF @@ERROR<>0 OR @@TRANCOUNT=0 BEGIN IF @@TRANCOUNT>0 ROLLBACK SET NOEXEC ON END


--
-- Commit Transaction
--
PRINT(N'Commit Transaction')
GO
IF @@TRANCOUNT>0 COMMIT TRANSACTION
SET NOEXEC OFF
GO

exec score.postdeploymentscript
go