--
-- Script was generated by Devart dbForge Data Compare for SQL Server, Version 5.5.3.0
-- Product Home Page: http://www.devart.com/dbforge/sql/datacompare
-- Script date 30/03/2026 15:33:10
-- Source server version: 16.00.1000
-- Source connection string: Data Source=SOC-SQLDEVBRE01\GENERAL;Initial Catalog=CymBuild_Dev;Integrated Security=True;User ID=ESGL\stephen.brett
-- Target server version: 16.00.1000
-- Target connection string: Data Source=SOC-SQLDEVBRE01\GENERAL;Initial Catalog=CymBuild_Dev;Integrated Security=True;User ID=ESGL\stephen.brett
-- Run this script against Cymbuild_QA to synchronize it with CymBuild_Dev
-- Please backup your target database before running this script
--



SET LANGUAGE 'British English'
SET DATEFORMAT ymd
SET ARITHABORT, ANSI_PADDING, ANSI_WARNINGS, CONCAT_NULL_YIELDS_NULL, QUOTED_IDENTIFIER, ANSI_NULLS, NOCOUNT, XACT_ABORT ON
SET NUMERIC_ROUNDABORT, IMPLICIT_TRANSACTIONS OFF
GO


--
-- Start Transaction
--
PRINT(N'Start Transaction')
GO
BEGIN TRANSACTION

--
-- Disabling DML triggers for [SCore].[EntityHobts]
--
PRINT(N'Disabling DML triggers for [SCore].[EntityHobts]')
GO
DISABLE TRIGGER ALL ON SCore.EntityHobts
GO

IF @@ERROR<>0 OR @@TRANCOUNT=0 BEGIN IF @@TRANCOUNT>0 ROLLBACK SET NOEXEC ON END

--
-- Disabling DML triggers for [SCore].[EntityProperties]
--
PRINT(N'Disabling DML triggers for [SCore].[EntityProperties]')
GO
DISABLE TRIGGER ALL ON SCore.EntityProperties
GO

IF @@ERROR<>0 OR @@TRANCOUNT=0 BEGIN IF @@TRANCOUNT>0 ROLLBACK SET NOEXEC ON END

--
-- Disabling DML triggers for [SCore].[EntityQueries]
--
PRINT(N'Disabling DML triggers for [SCore].[EntityQueries]')
GO
DISABLE TRIGGER ALL ON SCore.EntityQueries
GO

IF @@ERROR<>0 OR @@TRANCOUNT=0 BEGIN IF @@TRANCOUNT>0 ROLLBACK SET NOEXEC ON END

--
-- Disabling DML triggers for [SCore].[EntityQueryParameters]
--
PRINT(N'Disabling DML triggers for [SCore].[EntityQueryParameters]')
GO
DISABLE TRIGGER ALL ON SCore.EntityQueryParameters
GO

IF @@ERROR<>0 OR @@TRANCOUNT=0 BEGIN IF @@TRANCOUNT>0 ROLLBACK SET NOEXEC ON END

--
-- Disabling DML triggers for [SCore].[LanguageLabels]
--
PRINT(N'Disabling DML triggers for [SCore].[LanguageLabels]')
GO
DISABLE TRIGGER ALL ON SCore.LanguageLabels
GO

IF @@ERROR<>0 OR @@TRANCOUNT=0 BEGIN IF @@TRANCOUNT>0 ROLLBACK SET NOEXEC ON END

--
-- Disabling DML triggers for [SCore].[LanguageLabelTranslations]
--
PRINT(N'Disabling DML triggers for [SCore].[LanguageLabelTranslations]')
GO
DISABLE TRIGGER ALL ON SCore.LanguageLabelTranslations
GO

IF @@ERROR<>0 OR @@TRANCOUNT=0 BEGIN IF @@TRANCOUNT>0 ROLLBACK SET NOEXEC ON END

--
-- Disabling DML triggers for [SUserInterface].[DropDownListDefinitions]
--
PRINT(N'Disabling DML triggers for [SUserInterface].[DropDownListDefinitions]')
GO
DISABLE TRIGGER ALL ON SUserInterface.DropDownListDefinitions
GO

IF @@ERROR<>0 OR @@TRANCOUNT=0 BEGIN IF @@TRANCOUNT>0 ROLLBACK SET NOEXEC ON END

--
-- Disabling DML triggers for [SUserInterface].[Icons]
--
PRINT(N'Disabling DML triggers for [SUserInterface].[Icons]')
GO
DISABLE TRIGGER ALL ON SUserInterface.Icons
GO

IF @@ERROR<>0 OR @@TRANCOUNT=0 BEGIN IF @@TRANCOUNT>0 ROLLBACK SET NOEXEC ON END

--
-- Dropping constraints from [SCore].[EntityHobts]
--
PRINT(N'Dropping constraints from [SCore].[EntityHobts]')
GO
ALTER TABLE SCore.EntityHobts
  DROP CONSTRAINT IF EXISTS FK_EntityHoBTs_EntityTypes
ALTER TABLE SCore.EntityHobts
  DROP CONSTRAINT IF EXISTS FK_EntityHobts_RowStatus
GO

IF @@ERROR<>0 OR @@TRANCOUNT=0 BEGIN IF @@TRANCOUNT>0 ROLLBACK SET NOEXEC ON END

--
-- Dropping constraints from [SCore].[EntityProperties]
--
PRINT(N'Dropping constraints from [SCore].[EntityProperties]')
GO
ALTER TABLE SCore.EntityProperties
  DROP CONSTRAINT IF EXISTS FK_EntityProperties_DropDownListDefinitions
ALTER TABLE SCore.EntityProperties
  DROP CONSTRAINT IF EXISTS FK_EntityProperties_EntityDataTypes
ALTER TABLE SCore.EntityProperties
  DROP CONSTRAINT IF EXISTS FK_EntityProperties_EntityHoBTs
ALTER TABLE SCore.EntityProperties
  DROP CONSTRAINT IF EXISTS FK_EntityProperties_EntityPropertyGroupID
ALTER TABLE SCore.EntityProperties
  DROP CONSTRAINT IF EXISTS FK_EntityProperties_LanguageLabels
ALTER TABLE SCore.EntityProperties
  DROP CONSTRAINT IF EXISTS FK_EntityProperties_RowStatus
GO

IF @@ERROR<>0 OR @@TRANCOUNT=0 BEGIN IF @@TRANCOUNT>0 ROLLBACK SET NOEXEC ON END

--
-- Dropping constraints from [SCore].[EntityQueries]
--
PRINT(N'Dropping constraints from [SCore].[EntityQueries]')
GO
ALTER TABLE SCore.EntityQueries
  DROP CONSTRAINT IF EXISTS FK_EntityQueries_EntityHoBTs
ALTER TABLE SCore.EntityQueries
  DROP CONSTRAINT IF EXISTS FK_EntityQueries_EntityTypes
ALTER TABLE SCore.EntityQueries
  DROP CONSTRAINT IF EXISTS FK_EntityQueries_RowStatus
GO

IF @@ERROR<>0 OR @@TRANCOUNT=0 BEGIN IF @@TRANCOUNT>0 ROLLBACK SET NOEXEC ON END

--
-- Dropping constraints from [SCore].[EntityQueryParameters]
--
PRINT(N'Dropping constraints from [SCore].[EntityQueryParameters]')
GO
ALTER TABLE SCore.EntityQueryParameters
  DROP CONSTRAINT IF EXISTS FK_EntityQueryParameters_EntityDataTypes
ALTER TABLE SCore.EntityQueryParameters
  DROP CONSTRAINT IF EXISTS FK_EntityQueryParameters_EntityProperties
ALTER TABLE SCore.EntityQueryParameters
  DROP CONSTRAINT IF EXISTS FK_EntityQueryParameters_EntityQueries
ALTER TABLE SCore.EntityQueryParameters
  DROP CONSTRAINT IF EXISTS FK_EntityQueryParameters_RowStatus
GO

IF @@ERROR<>0 OR @@TRANCOUNT=0 BEGIN IF @@TRANCOUNT>0 ROLLBACK SET NOEXEC ON END

--
-- Dropping constraints from [SCore].[EntityTypes]
--
PRINT(N'Dropping constraints from [SCore].[EntityTypes]')
GO
ALTER TABLE SCore.EntityTypes
  DROP CONSTRAINT IF EXISTS FK_EntityTypes_IconId
ALTER TABLE SCore.EntityTypes
  DROP CONSTRAINT IF EXISTS FK_EntityTypes_LanguageLabels
ALTER TABLE SCore.EntityTypes
  DROP CONSTRAINT IF EXISTS FK_EntityTypes_RowStatus
GO

IF @@ERROR<>0 OR @@TRANCOUNT=0 BEGIN IF @@TRANCOUNT>0 ROLLBACK SET NOEXEC ON END

--
-- Dropping constraints from [SCore].[LanguageLabels]
--
PRINT(N'Dropping constraints from [SCore].[LanguageLabels]')
GO
ALTER TABLE SCore.LanguageLabels
  DROP CONSTRAINT IF EXISTS FK_LanguageLabels_RowStatus
GO

IF @@ERROR<>0 OR @@TRANCOUNT=0 BEGIN IF @@TRANCOUNT>0 ROLLBACK SET NOEXEC ON END

--
-- Dropping constraints from [SCore].[LanguageLabelTranslations]
--
PRINT(N'Dropping constraints from [SCore].[LanguageLabelTranslations]')
GO
ALTER TABLE SCore.LanguageLabelTranslations
  DROP CONSTRAINT IF EXISTS FK_LanguageLabelTranslations_LanguageLabels
ALTER TABLE SCore.LanguageLabelTranslations
  DROP CONSTRAINT IF EXISTS FK_LanguageLabelTranslations_Languages
ALTER TABLE SCore.LanguageLabelTranslations
  DROP CONSTRAINT IF EXISTS FK_LanguageLabelTranslations_RowStatus
GO

IF @@ERROR<>0 OR @@TRANCOUNT=0 BEGIN IF @@TRANCOUNT>0 ROLLBACK SET NOEXEC ON END

--
-- Dropping constraints from [SUserInterface].[DropDownListDefinitions]
--
PRINT(N'Dropping constraints from [SUserInterface].[DropDownListDefinitions]')
GO
ALTER TABLE SUserInterface.DropDownListDefinitions
  DROP CONSTRAINT IF EXISTS FK_DropDownListDefinitions_EntityTypes
ALTER TABLE SUserInterface.DropDownListDefinitions
  DROP CONSTRAINT IF EXISTS FK_DropDownListDefinitions_RowStatus
GO

IF @@ERROR<>0 OR @@TRANCOUNT=0 BEGIN IF @@TRANCOUNT>0 ROLLBACK SET NOEXEC ON END

--
-- Dropping constraints from [SUserInterface].[GridViewColumnDefinitions]
--
PRINT(N'Dropping constraints from [SUserInterface].[GridViewColumnDefinitions]')
GO
ALTER TABLE SUserInterface.GridViewColumnDefinitions
  DROP CONSTRAINT IF EXISTS FK_GridViewColumnDefinition_GridViewDefinition
ALTER TABLE SUserInterface.GridViewColumnDefinitions
  DROP CONSTRAINT IF EXISTS FK_GridViewColumnDefinitions_LanguageLabelId
ALTER TABLE SUserInterface.GridViewColumnDefinitions
  DROP CONSTRAINT IF EXISTS FK_GridViewColumnDefinitions_RowStatus
GO

IF @@ERROR<>0 OR @@TRANCOUNT=0 BEGIN IF @@TRANCOUNT>0 ROLLBACK SET NOEXEC ON END

--
-- Dropping constraints from [SUserInterface].[GridViewDefinitions]
--
PRINT(N'Dropping constraints from [SUserInterface].[GridViewDefinitions]')
GO
ALTER TABLE SUserInterface.GridViewDefinitions
  DROP CONSTRAINT IF EXISTS FK_GridViewDefinition_GridDefinition
ALTER TABLE SUserInterface.GridViewDefinitions
  DROP CONSTRAINT IF EXISTS FK_GridViewDefinitions_DrawerIconId
ALTER TABLE SUserInterface.GridViewDefinitions
  DROP CONSTRAINT IF EXISTS FK_GridViewDefinitions_EntityTypes
ALTER TABLE SUserInterface.GridViewDefinitions
  DROP CONSTRAINT IF EXISTS FK_GridViewDefinitions_LanguageLabelId
ALTER TABLE SUserInterface.GridViewDefinitions
  DROP CONSTRAINT IF EXISTS FK_GridViewDefinitions_MetricTypes
ALTER TABLE SUserInterface.GridViewDefinitions
  DROP CONSTRAINT IF EXISTS FK_GridViewDefinitions_RowStatus
GO

IF @@ERROR<>0 OR @@TRANCOUNT=0 BEGIN IF @@TRANCOUNT>0 ROLLBACK SET NOEXEC ON END

--
-- Dropping constraints from [SUserInterface].[Icons]
--
PRINT(N'Dropping constraints from [SUserInterface].[Icons]')
GO
ALTER TABLE SUserInterface.Icons
  DROP CONSTRAINT IF EXISTS FK_Icons_RowStatus
GO

IF @@ERROR<>0 OR @@TRANCOUNT=0 BEGIN IF @@TRANCOUNT>0 ROLLBACK SET NOEXEC ON END

--
-- Dropping constraints from [SCore].[Workflow]
--
PRINT(N'Dropping constraints from [SCore].[Workflow]')
GO
ALTER TABLE SCore.Workflow
  DROP CONSTRAINT IF EXISTS FK_Workflow_EntityHoBTs
GO

IF @@ERROR<>0 OR @@TRANCOUNT=0 BEGIN IF @@TRANCOUNT>0 ROLLBACK SET NOEXEC ON END

--
-- Dropping constraints from [SCore].[EntityPropertyActions]
--
PRINT(N'Dropping constraints from [SCore].[EntityPropertyActions]')
GO
ALTER TABLE SCore.EntityPropertyActions
  DROP CONSTRAINT IF EXISTS FK_EntityPropertyActions_EntityProperties
GO

IF @@ERROR<>0 OR @@TRANCOUNT=0 BEGIN IF @@TRANCOUNT>0 ROLLBACK SET NOEXEC ON END

--
-- Dropping constraints from [SCore].[EntityPropertyDependants]
--
PRINT(N'Dropping constraints from [SCore].[EntityPropertyDependants]')
GO
ALTER TABLE SCore.EntityPropertyDependants
  DROP CONSTRAINT IF EXISTS FK_EntityPropertyDependants_EntityProperties
GO

IF @@ERROR<>0 OR @@TRANCOUNT=0 BEGIN IF @@TRANCOUNT>0 ROLLBACK SET NOEXEC ON END

--
-- Dropping constraints from [SCore].[MergeDocumentItemIncludes]
--
PRINT(N'Dropping constraints from [SCore].[MergeDocumentItemIncludes]')
GO
ALTER TABLE SCore.MergeDocumentItemIncludes
  DROP CONSTRAINT IF EXISTS FK_MergeDocumentItemIncludes_EntityProperties
GO

IF @@ERROR<>0 OR @@TRANCOUNT=0 BEGIN IF @@TRANCOUNT>0 ROLLBACK SET NOEXEC ON END

--
-- Dropping constraints from [SCore].[RecordHistory]
--
PRINT(N'Dropping constraints from [SCore].[RecordHistory]')
GO
ALTER TABLE SCore.RecordHistory
  DROP CONSTRAINT IF EXISTS FK_RecordHistory_EntityPropertyID
GO

IF @@ERROR<>0 OR @@TRANCOUNT=0 BEGIN IF @@TRANCOUNT>0 ROLLBACK SET NOEXEC ON END

--
-- Dropping constraints from [SCore].[SynchronisationErrors]
--
PRINT(N'Dropping constraints from [SCore].[SynchronisationErrors]')
GO
ALTER TABLE SCore.SynchronisationErrors
  DROP CONSTRAINT IF EXISTS FK_SychronisationErrors_EntityPropertyID
GO

IF @@ERROR<>0 OR @@TRANCOUNT=0 BEGIN IF @@TRANCOUNT>0 ROLLBACK SET NOEXEC ON END

--
-- Dropping constraints from [SUserInterface].[ActionMenuItems]
--
PRINT(N'Dropping constraints from [SUserInterface].[ActionMenuItems]')
GO
ALTER TABLE SUserInterface.ActionMenuItems
  DROP CONSTRAINT IF EXISTS FK_ActionMenuItems_EntityQueries
GO

IF @@ERROR<>0 OR @@TRANCOUNT=0 BEGIN IF @@TRANCOUNT>0 ROLLBACK SET NOEXEC ON END

--
-- Dropping constraints from [SUserInterface].[GridViewActions]
--
PRINT(N'Dropping constraints from [SUserInterface].[GridViewActions]')
GO
ALTER TABLE SUserInterface.GridViewActions
  DROP CONSTRAINT IF EXISTS FK_GridViewActions_EntityQueries
GO

IF @@ERROR<>0 OR @@TRANCOUNT=0 BEGIN IF @@TRANCOUNT>0 ROLLBACK SET NOEXEC ON END

--
-- Dropping constraints from [SUserInterface].[GridViewWidgetQueries]
--
PRINT(N'Dropping constraints from [SUserInterface].[GridViewWidgetQueries]')
GO
ALTER TABLE SUserInterface.GridViewWidgetQueries
  DROP CONSTRAINT IF EXISTS FK_GridViewWidgetQueries_EntityQueries
GO

IF @@ERROR<>0 OR @@TRANCOUNT=0 BEGIN IF @@TRANCOUNT>0 ROLLBACK SET NOEXEC ON END

--
-- Dropping constraints from [SCore].[DataObjects]
--
PRINT(N'Dropping constraints from [SCore].[DataObjects]')
GO
ALTER TABLE SCore.DataObjects
  DROP CONSTRAINT IF EXISTS FK_DataObjects_EntityTypes
GO

IF @@ERROR<>0 OR @@TRANCOUNT=0 BEGIN IF @@TRANCOUNT>0 ROLLBACK SET NOEXEC ON END

--
-- Dropping constraints from [SCore].[EntityPropertyGroups]
--
PRINT(N'Dropping constraints from [SCore].[EntityPropertyGroups]')
GO
ALTER TABLE SCore.EntityPropertyGroups
  DROP CONSTRAINT IF EXISTS FK_EntityPropertyGroups_EntityTypes
GO

IF @@ERROR<>0 OR @@TRANCOUNT=0 BEGIN IF @@TRANCOUNT>0 ROLLBACK SET NOEXEC ON END

--
-- Dropping constraints from [SCore].[MergeDocumentItems]
--
PRINT(N'Dropping constraints from [SCore].[MergeDocumentItems]')
GO
ALTER TABLE SCore.MergeDocumentItems
  DROP CONSTRAINT IF EXISTS FK_MergeDocumentItems_EntityTypes
GO

IF @@ERROR<>0 OR @@TRANCOUNT=0 BEGIN IF @@TRANCOUNT>0 ROLLBACK SET NOEXEC ON END

--
-- Dropping constraints from [SCore].[MergeDocuments]
--
PRINT(N'Dropping constraints from [SCore].[MergeDocuments]')
GO
ALTER TABLE SCore.MergeDocuments
  DROP CONSTRAINT IF EXISTS FK_MergeDocuments_EntityTypes
GO

IF @@ERROR<>0 OR @@TRANCOUNT=0 BEGIN IF @@TRANCOUNT>0 ROLLBACK SET NOEXEC ON END

--
-- Dropping constraints from [SCore].[MergeDocumentTables]
--
PRINT(N'Dropping constraints from [SCore].[MergeDocumentTables]')
GO
ALTER TABLE SCore.MergeDocumentTables
  DROP CONSTRAINT IF EXISTS FK_MergeDocumentTables_EntityTypes
GO

IF @@ERROR<>0 OR @@TRANCOUNT=0 BEGIN IF @@TRANCOUNT>0 ROLLBACK SET NOEXEC ON END

--
-- Dropping constraints from [SCore].[RecentItems]
--
PRINT(N'Dropping constraints from [SCore].[RecentItems]')
GO
ALTER TABLE SCore.RecentItems
  DROP CONSTRAINT IF EXISTS FK_RecentItems_EntityTypes
GO

IF @@ERROR<>0 OR @@TRANCOUNT=0 BEGIN IF @@TRANCOUNT>0 ROLLBACK SET NOEXEC ON END

--
-- Dropping constraints from [SCore].[SharepointEntityStructure]
--
PRINT(N'Dropping constraints from [SCore].[SharepointEntityStructure]')
GO
ALTER TABLE SCore.SharepointEntityStructure
  DROP CONSTRAINT IF EXISTS FK_SharepointEntityStructure_EntityTypes
GO

IF @@ERROR<>0 OR @@TRANCOUNT=0 BEGIN IF @@TRANCOUNT>0 ROLLBACK SET NOEXEC ON END

--
-- Dropping constraints from [SUserInterface].[WidgetDashboards]
--
PRINT(N'Dropping constraints from [SUserInterface].[WidgetDashboards]')
GO
ALTER TABLE SUserInterface.WidgetDashboards
  DROP CONSTRAINT IF EXISTS FK_WidgetDashboards_EntityTypes
GO

IF @@ERROR<>0 OR @@TRANCOUNT=0 BEGIN IF @@TRANCOUNT>0 ROLLBACK SET NOEXEC ON END

--
-- Dropping constraints from [SUserInterface].[GridDefinitions]
--
PRINT(N'Dropping constraints from [SUserInterface].[GridDefinitions]')
GO
ALTER TABLE SUserInterface.GridDefinitions
  DROP CONSTRAINT IF EXISTS FK_GridDefinitions_LanguageLabelId
GO

IF @@ERROR<>0 OR @@TRANCOUNT=0 BEGIN IF @@TRANCOUNT>0 ROLLBACK SET NOEXEC ON END

--
-- Dropping constraints from [SUserInterface].[MainMenuItems]
--
PRINT(N'Dropping constraints from [SUserInterface].[MainMenuItems]')
GO
ALTER TABLE SUserInterface.MainMenuItems
  DROP CONSTRAINT IF EXISTS FK_MainMenuItems_LanguageLabelId
GO

IF @@ERROR<>0 OR @@TRANCOUNT=0 BEGIN IF @@TRANCOUNT>0 ROLLBACK SET NOEXEC ON END

--
-- Inserting data into table SCore.EntityHobts
--
PRINT(N'Inserting data into table SCore.EntityHobts')
GO
SET IDENTITY_INSERT SCore.EntityHobts ON
GO

IF @@ERROR<>0 OR @@TRANCOUNT=0 BEGIN IF @@TRANCOUNT>0 ROLLBACK SET NOEXEC ON END
INSERT SCore.EntityHobts(ID, RowStatus, Guid, SchemaName, ObjectName, EntityTypeID, ObjectType, IsMainHoBT, IsReadOnlyOffline) VALUES (170, 1, '2248f9aa-93c7-411d-a63c-0081fab945ab', N'SFin', N'TransactionBatchTransitions', 215, 'U', 1, 0)
GO
SET IDENTITY_INSERT SCore.EntityHobts OFF
GO

IF @@ERROR<>0 OR @@TRANCOUNT=0 BEGIN IF @@TRANCOUNT>0 ROLLBACK SET NOEXEC ON END

--
-- Reseed identity on SCore.EntityHobts
--
PRINT(N'Reseed identity on SCore.EntityHobts')
GO
DBCC CHECKIDENT('SCore.EntityHobts', RESEED, 170)
GO

IF @@ERROR<>0 OR @@TRANCOUNT=0 BEGIN IF @@TRANCOUNT>0 ROLLBACK SET NOEXEC ON END

--
-- Inserting data into table SCore.EntityProperties
--
PRINT(N'Inserting data into table SCore.EntityProperties')
GO
SET IDENTITY_INSERT SCore.EntityProperties ON
GO

IF @@ERROR<>0 OR @@TRANCOUNT=0 BEGIN IF @@TRANCOUNT>0 ROLLBACK SET NOEXEC ON END
INSERT SCore.EntityProperties(ID, RowStatus, Guid, Name, LanguageLabelID, EntityHoBTID, EntityDataTypeID, IsReadOnly, IsImmutable, IsUppercase, IsHidden, IsCompulsory, MaxLength, Precision, Scale, DoNotTrackChanges, EntityPropertyGroupID, SortOrder, GroupSortOrder, IsObjectLabel, DropDownListDefinitionID, IsParentRelationship, IsLongitude, IsLatitude, IsIncludedInformation, FixedDefaultValue, SqlDefaultValueStatement, AllowBulkChange, IsVirtual, ShowOnMobile, IsAlwaysVisibleInGroup, IsAlwaysVisibleInGroup_Mobile) VALUES (2607, 1, '7c3e6611-698a-4cc4-b3fe-6ac0e2df9134', N'BypassReadOnlyForAutomationReenable', 3800, 155, 4, 0, 0, 0, 1, 0, 0, 0, 0, 0, -1, 0, 0, 0, -1, 0, 0, 0, 0, N'', N'', 0, 1, 0, 0, 0)
INSERT SCore.EntityProperties(ID, RowStatus, Guid, Name, LanguageLabelID, EntityHoBTID, EntityDataTypeID, IsReadOnly, IsImmutable, IsUppercase, IsHidden, IsCompulsory, MaxLength, Precision, Scale, DoNotTrackChanges, EntityPropertyGroupID, SortOrder, GroupSortOrder, IsObjectLabel, DropDownListDefinitionID, IsParentRelationship, IsLongitude, IsLatitude, IsIncludedInformation, FixedDefaultValue, SqlDefaultValueStatement, AllowBulkChange, IsVirtual, ShowOnMobile, IsAlwaysVisibleInGroup, IsAlwaysVisibleInGroup_Mobile) VALUES (2608, 1, '403cc040-51f2-44c3-b3ea-e6d646136219', N'Guid', 3825, 170, 6, 1, 0, 0, 1, 0, 16, 0, 0, 1, -1, 0, 0, 0, -1, 0, 0, 0, 0, N'', N'', 0, 0, 0, 0, 0)
INSERT SCore.EntityProperties(ID, RowStatus, Guid, Name, LanguageLabelID, EntityHoBTID, EntityDataTypeID, IsReadOnly, IsImmutable, IsUppercase, IsHidden, IsCompulsory, MaxLength, Precision, Scale, DoNotTrackChanges, EntityPropertyGroupID, SortOrder, GroupSortOrder, IsObjectLabel, DropDownListDefinitionID, IsParentRelationship, IsLongitude, IsLatitude, IsIncludedInformation, FixedDefaultValue, SqlDefaultValueStatement, AllowBulkChange, IsVirtual, ShowOnMobile, IsAlwaysVisibleInGroup, IsAlwaysVisibleInGroup_Mobile) VALUES (2609, 1, '817d857a-ad1b-4ec4-9501-755014a6c980', N'TransactionID', 3826, 170, 3, 0, 0, 0, 0, 0, 8, 19, 0, 0, -1, 0, 0, 0, -1, 0, 0, 0, 0, N'', N'', 0, 0, 0, 0, 0)
INSERT SCore.EntityProperties(ID, RowStatus, Guid, Name, LanguageLabelID, EntityHoBTID, EntityDataTypeID, IsReadOnly, IsImmutable, IsUppercase, IsHidden, IsCompulsory, MaxLength, Precision, Scale, DoNotTrackChanges, EntityPropertyGroupID, SortOrder, GroupSortOrder, IsObjectLabel, DropDownListDefinitionID, IsParentRelationship, IsLongitude, IsLatitude, IsIncludedInformation, FixedDefaultValue, SqlDefaultValueStatement, AllowBulkChange, IsVirtual, ShowOnMobile, IsAlwaysVisibleInGroup, IsAlwaysVisibleInGroup_Mobile) VALUES (2610, 1, 'e9c61e66-d904-43e9-b7a0-737463f57877', N'RowStatus', 3827, 170, 8, 0, 0, 0, 1, 0, 1, 3, 0, 0, -1, 0, 0, 0, -1, 0, 0, 0, 0, N'', N'', 0, 0, 0, 0, 0)
INSERT SCore.EntityProperties(ID, RowStatus, Guid, Name, LanguageLabelID, EntityHoBTID, EntityDataTypeID, IsReadOnly, IsImmutable, IsUppercase, IsHidden, IsCompulsory, MaxLength, Precision, Scale, DoNotTrackChanges, EntityPropertyGroupID, SortOrder, GroupSortOrder, IsObjectLabel, DropDownListDefinitionID, IsParentRelationship, IsLongitude, IsLatitude, IsIncludedInformation, FixedDefaultValue, SqlDefaultValueStatement, AllowBulkChange, IsVirtual, ShowOnMobile, IsAlwaysVisibleInGroup, IsAlwaysVisibleInGroup_Mobile) VALUES (2611, 1, '3f8ea523-14b9-49db-8190-f46016b26a09', N'CreatedByUserId', 3828, 170, 2, 0, 0, 0, 0, 0, 4, 10, 0, 0, -1, 0, 0, 0, -1, 0, 0, 0, 0, N'', N'', 0, 0, 0, 0, 0)
INSERT SCore.EntityProperties(ID, RowStatus, Guid, Name, LanguageLabelID, EntityHoBTID, EntityDataTypeID, IsReadOnly, IsImmutable, IsUppercase, IsHidden, IsCompulsory, MaxLength, Precision, Scale, DoNotTrackChanges, EntityPropertyGroupID, SortOrder, GroupSortOrder, IsObjectLabel, DropDownListDefinitionID, IsParentRelationship, IsLongitude, IsLatitude, IsIncludedInformation, FixedDefaultValue, SqlDefaultValueStatement, AllowBulkChange, IsVirtual, ShowOnMobile, IsAlwaysVisibleInGroup, IsAlwaysVisibleInGroup_Mobile) VALUES (2612, 1, 'cb357807-1dd0-4ee2-a01d-81c9e746902f', N'RowVersion', 3829, 170, 9, 1, 0, 0, 1, 0, 8, 0, 0, 1, -1, 0, 0, 0, -1, 0, 0, 0, 0, N'', N'', 0, 0, 0, 0, 0)
INSERT SCore.EntityProperties(ID, RowStatus, Guid, Name, LanguageLabelID, EntityHoBTID, EntityDataTypeID, IsReadOnly, IsImmutable, IsUppercase, IsHidden, IsCompulsory, MaxLength, Precision, Scale, DoNotTrackChanges, EntityPropertyGroupID, SortOrder, GroupSortOrder, IsObjectLabel, DropDownListDefinitionID, IsParentRelationship, IsLongitude, IsLatitude, IsIncludedInformation, FixedDefaultValue, SqlDefaultValueStatement, AllowBulkChange, IsVirtual, ShowOnMobile, IsAlwaysVisibleInGroup, IsAlwaysVisibleInGroup_Mobile) VALUES (2613, 1, '718ff985-d00f-4a8a-932b-848016575833', N'OldBatched', 3830, 170, 4, 0, 0, 0, 0, 0, 1, 1, 0, 0, -1, 0, 0, 0, -1, 0, 0, 0, 0, N'', N'', 0, 0, 0, 0, 0)
INSERT SCore.EntityProperties(ID, RowStatus, Guid, Name, LanguageLabelID, EntityHoBTID, EntityDataTypeID, IsReadOnly, IsImmutable, IsUppercase, IsHidden, IsCompulsory, MaxLength, Precision, Scale, DoNotTrackChanges, EntityPropertyGroupID, SortOrder, GroupSortOrder, IsObjectLabel, DropDownListDefinitionID, IsParentRelationship, IsLongitude, IsLatitude, IsIncludedInformation, FixedDefaultValue, SqlDefaultValueStatement, AllowBulkChange, IsVirtual, ShowOnMobile, IsAlwaysVisibleInGroup, IsAlwaysVisibleInGroup_Mobile) VALUES (2614, 1, '65edf636-97fc-4492-a34d-6cc0209b95d0', N'IsImported', 3831, 170, 4, 0, 0, 0, 0, 0, 1, 1, 0, 0, -1, 0, 0, 0, -1, 0, 0, 0, 0, N'', N'', 0, 0, 0, 0, 0)
INSERT SCore.EntityProperties(ID, RowStatus, Guid, Name, LanguageLabelID, EntityHoBTID, EntityDataTypeID, IsReadOnly, IsImmutable, IsUppercase, IsHidden, IsCompulsory, MaxLength, Precision, Scale, DoNotTrackChanges, EntityPropertyGroupID, SortOrder, GroupSortOrder, IsObjectLabel, DropDownListDefinitionID, IsParentRelationship, IsLongitude, IsLatitude, IsIncludedInformation, FixedDefaultValue, SqlDefaultValueStatement, AllowBulkChange, IsVirtual, ShowOnMobile, IsAlwaysVisibleInGroup, IsAlwaysVisibleInGroup_Mobile) VALUES (2615, 1, '5171ff4b-c25b-411c-bd7e-471dfc5fd1db', N'DateTimeUTC', 3832, 170, 10, 0, 0, 0, 0, 0, 8, 27, 7, 0, -1, 0, 0, 0, -1, 0, 0, 0, 0, N'', N'', 0, 0, 0, 0, 0)
INSERT SCore.EntityProperties(ID, RowStatus, Guid, Name, LanguageLabelID, EntityHoBTID, EntityDataTypeID, IsReadOnly, IsImmutable, IsUppercase, IsHidden, IsCompulsory, MaxLength, Precision, Scale, DoNotTrackChanges, EntityPropertyGroupID, SortOrder, GroupSortOrder, IsObjectLabel, DropDownListDefinitionID, IsParentRelationship, IsLongitude, IsLatitude, IsIncludedInformation, FixedDefaultValue, SqlDefaultValueStatement, AllowBulkChange, IsVirtual, ShowOnMobile, IsAlwaysVisibleInGroup, IsAlwaysVisibleInGroup_Mobile) VALUES (2616, 1, '14fe2f00-a1a8-4039-b456-057c0646f26b', N'TransactionGuid', 3833, 170, 6, 0, 0, 0, 0, 0, 16, 0, 0, 0, -1, 0, 0, 0, -1, 0, 0, 0, 0, N'', N'', 0, 0, 0, 0, 0)
INSERT SCore.EntityProperties(ID, RowStatus, Guid, Name, LanguageLabelID, EntityHoBTID, EntityDataTypeID, IsReadOnly, IsImmutable, IsUppercase, IsHidden, IsCompulsory, MaxLength, Precision, Scale, DoNotTrackChanges, EntityPropertyGroupID, SortOrder, GroupSortOrder, IsObjectLabel, DropDownListDefinitionID, IsParentRelationship, IsLongitude, IsLatitude, IsIncludedInformation, FixedDefaultValue, SqlDefaultValueStatement, AllowBulkChange, IsVirtual, ShowOnMobile, IsAlwaysVisibleInGroup, IsAlwaysVisibleInGroup_Mobile) VALUES (2617, 1, '2c182a33-f82d-4eb4-8833-e0b5cc29fff3', N'SourceTransactionRowVersion', 3834, 170, -1, 0, 0, 0, 0, 0, 8, 0, 0, 0, -1, 0, 0, 0, -1, 0, 0, 0, 0, N'', N'', 0, 0, 0, 0, 0)
INSERT SCore.EntityProperties(ID, RowStatus, Guid, Name, LanguageLabelID, EntityHoBTID, EntityDataTypeID, IsReadOnly, IsImmutable, IsUppercase, IsHidden, IsCompulsory, MaxLength, Precision, Scale, DoNotTrackChanges, EntityPropertyGroupID, SortOrder, GroupSortOrder, IsObjectLabel, DropDownListDefinitionID, IsParentRelationship, IsLongitude, IsLatitude, IsIncludedInformation, FixedDefaultValue, SqlDefaultValueStatement, AllowBulkChange, IsVirtual, ShowOnMobile, IsAlwaysVisibleInGroup, IsAlwaysVisibleInGroup_Mobile) VALUES (2618, 1, 'e82df475-73b8-42db-8286-d6da889052dd', N'ID', 3835, 170, 3, 1, 0, 0, 1, 0, 8, 19, 0, 1, -1, 0, 0, 0, -1, 0, 0, 0, 0, N'', N'', 0, 0, 0, 0, 0)
INSERT SCore.EntityProperties(ID, RowStatus, Guid, Name, LanguageLabelID, EntityHoBTID, EntityDataTypeID, IsReadOnly, IsImmutable, IsUppercase, IsHidden, IsCompulsory, MaxLength, Precision, Scale, DoNotTrackChanges, EntityPropertyGroupID, SortOrder, GroupSortOrder, IsObjectLabel, DropDownListDefinitionID, IsParentRelationship, IsLongitude, IsLatitude, IsIncludedInformation, FixedDefaultValue, SqlDefaultValueStatement, AllowBulkChange, IsVirtual, ShowOnMobile, IsAlwaysVisibleInGroup, IsAlwaysVisibleInGroup_Mobile) VALUES (2619, 1, '990cc640-c8ea-46a6-818d-4aeb136b2a45', N'SurveyorUserId', 3836, 170, 2, 0, 0, 0, 0, 0, 4, 10, 0, 0, -1, 0, 0, 0, -1, 0, 0, 0, 0, N'', N'', 0, 0, 0, 0, 0)
INSERT SCore.EntityProperties(ID, RowStatus, Guid, Name, LanguageLabelID, EntityHoBTID, EntityDataTypeID, IsReadOnly, IsImmutable, IsUppercase, IsHidden, IsCompulsory, MaxLength, Precision, Scale, DoNotTrackChanges, EntityPropertyGroupID, SortOrder, GroupSortOrder, IsObjectLabel, DropDownListDefinitionID, IsParentRelationship, IsLongitude, IsLatitude, IsIncludedInformation, FixedDefaultValue, SqlDefaultValueStatement, AllowBulkChange, IsVirtual, ShowOnMobile, IsAlwaysVisibleInGroup, IsAlwaysVisibleInGroup_Mobile) VALUES (2620, 1, '3a0ade50-892b-4f8f-963f-0cab0a9559d2', N'NewBatched', 3837, 170, 4, 0, 0, 0, 0, 0, 1, 1, 0, 0, -1, 0, 0, 0, -1, 0, 0, 0, 0, N'', N'', 0, 0, 0, 0, 0)
INSERT SCore.EntityProperties(ID, RowStatus, Guid, Name, LanguageLabelID, EntityHoBTID, EntityDataTypeID, IsReadOnly, IsImmutable, IsUppercase, IsHidden, IsCompulsory, MaxLength, Precision, Scale, DoNotTrackChanges, EntityPropertyGroupID, SortOrder, GroupSortOrder, IsObjectLabel, DropDownListDefinitionID, IsParentRelationship, IsLongitude, IsLatitude, IsIncludedInformation, FixedDefaultValue, SqlDefaultValueStatement, AllowBulkChange, IsVirtual, ShowOnMobile, IsAlwaysVisibleInGroup, IsAlwaysVisibleInGroup_Mobile) VALUES (2621, 1, 'f20d0df5-d919-490d-aefa-c5a29c23353d', N'Comment', 3838, 170, 5, 0, 0, 0, 0, 0, -1, 0, 0, 0, -1, 0, 0, 0, -1, 0, 0, 0, 0, N'', N'', 0, 0, 0, 0, 0)
GO
SET IDENTITY_INSERT SCore.EntityProperties OFF
GO

IF @@ERROR<>0 OR @@TRANCOUNT=0 BEGIN IF @@TRANCOUNT>0 ROLLBACK SET NOEXEC ON END

--
-- Reseed identity on SCore.EntityProperties
--
PRINT(N'Reseed identity on SCore.EntityProperties')
GO
DBCC CHECKIDENT('SCore.EntityProperties', RESEED, 2621)
GO

IF @@ERROR<>0 OR @@TRANCOUNT=0 BEGIN IF @@TRANCOUNT>0 ROLLBACK SET NOEXEC ON END

--
-- Updating data of table SCore.EntityQueries
--
PRINT(N'Updating data of table SCore.EntityQueries')
GO
UPDATE SCore.EntityQueries SET Statement = N'SELECT
        root_hobt.ID,
        root_hobt.RowStatus,
        root_hobt.RowVersion,
        root_hobt.Guid,
        root_hobt.AgreedFee,
        root_hobt.RibaStage1Fee,
        root_hobt.RibaStage2Fee,
        root_hobt.RibaStage3Fee,
        root_hobt.RibaStage4Fee,
        root_hobt.RibaStage5Fee,
        root_hobt.RibaStage6Fee,
        root_hobt.RibaStage7Fee,
        root_hobt.PreConstructionStageFee,
        root_hobt.ConstructionStageFee,
        root_hobt.ArchiveBoxReference,
        root_hobt.ArchiveReferenceLink,
        root_hobt.CreatedOn,
        root_hobt.ExternalReference,
        root_hobt.IsSubjectToNDA,
        root_hobt.JobCancelled,
        root_hobt.JobCompleted,
        root_hobt.JobDescription,
        root_hobt.JobStarted,
		root_hobt.DeadDate,
        root_hobt.Number,
        root_hobt.VersionID,
        root_hobt.IsCompleteForReview,
        root_hobt.ReviewedDateTimeUTC,
        root_hobt.LegacyID,
        root_hobt.AppFormReceived,
        root_hobt.FeeCap,
        root_hobt.JobDormant,
        root_hobt.CurrentRibaStageId,
        root_hobt.JobTypeID,
        root_hobt.SurveyorID,
        root_hobt.CreatedByUserID,
        root_hobt.ClientAccountID,
        root_hobt.ClientAddressID,
        root_hobt.ClientContactID,
        root_hobt.AgentAccountID,
        root_hobt.AgentAddressID,
        root_hobt.AgentContactID,
        root_hobt.FinanceAccountID,
        root_hobt.FinanceAddressID,
        root_hobt.FinanceContactID,
        root_hobt.OrganisationalUnitID,
        root_hobt.QuoteItemID,
        root_hobt.UprnID,
        root_hobt.ValueOfWorkID,
        root_hobt.ReviewedByUserID,
        root_hobt.ContractID,
        root_hobt.PurchaseOrderNumber,
        root_hobt.ProjectId,
        root_hobt.ValueOfWork,
        root_hobt.ClientAppointmentReceived,
	root_hobt.AppointedFromStageId,
        root_hobt.BillingInstruction,
        root_hobt.CannotBeInvoiced,
	root_hobt.CannotBeInvoicedReason,
        root_hobt.AgentContractID,
        root_hobt.CompletedForReviewDate,
        root_hobt.SectorId,
        root_hobt.MarketId,
        root_hobt.ManualInvoicingEnabled,
        root_hobt.InvoiceProcessingMode
FROM
        SJob.Jobs_Read AS root_hobt' WHERE ID = 30
UPDATE SCore.EntityQueries SET Statement = N'SELECT	root_hobt.ID,
		root_hobt.RowStatus,
		root_hobt.RowVersion,
		root_hobt.Guid,
		tt.Guid	 AS TransactionTypeID,
		a.Guid	 AS AccountID,
		j.Guid	 AS JobID,
		root_hobt.Number,
		root_hobt.SageTransactionReference,
		root_hobt.Date,
		root_hobt.PurchaseOrderNumber,
		root_hobt.LegacyId,
		root_hobt.CreatedDateTimeUTC,
		root_hobt.Batched,
		ou.Guid AS OrganisationalUnitID,
		cu.Guid AS CreatedByUserID,
		i.Guid AS SurveyorUserID,
		ct.Guid AS CreditTermsId
FROM	SFin.Transactions	  AS root_hobt
JOIN	SFin.TransactionTypes AS tt ON (tt.ID = root_hobt.TransactionTypeID)
JOIN	SCrm.Accounts		  AS a ON (a.ID	  = root_hobt.AccountID)
JOIN	SJob.Jobs			  AS j ON (j.ID	  = root_hobt.JobID)
JOIN	SCore.OrganisationalUnits AS ou ON (ou.ID = root_hobt.OrganisationalUnitID)
JOIN	SCore.Identities cu ON (cu.ID = root_hobt.CreatedByUserID)
JOIN	SCore.Identities i ON (i.ID = root_hobt.SurveyorUserID)
JOIN	SFin.CreditTerms ct ON (ct.ID = root_hobt.CreditTermsId)' WHERE ID = 96
UPDATE SCore.EntityQueries SET Statement = N'EXEC SFin.TransactionsUpsert @AccountGuid = @AccountGuid,
							 @JobGuid = @JobGuid,
							 @TransactionTypeGuid = @TransactionTypeGuid,
							 @Date = @Date,
							 @PurchaseOrderNumber = @PurchaseOrderNumber,
							 @SageTransactionReference = @SageTransactionReference,
							 @OrganisationalUnitGuid = @OrganisationalUnitGuid,
							 @CreatedByUserGuid = @CreatedByUserGuid,
							 @SurveyorGuid = @SurveyorGuid,
							 @CreditTermsGuid = @CreditTermsGuid,
							 @Guid = @Guid,
                                                         @Batched = @Batched' WHERE ID = 98
UPDATE SCore.EntityQueries SET Statement = N'SELECT
		root_hobt.ID,
		root_hobt.RowStatus,
		root_hobt.RowVersion,
		root_hobt.Guid,
		t.Guid AS TransactionID,
		m.Guid AS MilestoneID,
		a.Guid AS ActivityID,
		riba.Guid AS RIBAStageId,
		jps.Guid AS JobPaymentStageId,
		root_hobt.Net,
		root_hobt.Vat,
		root_hobt.Gross,
		root_hobt.VatRate,
		root_hobt.Description,
		root_hobt.LegacyId
		
FROM
		SFin.TransactionDetails root_hobt
JOIN
		SFin.Transactions t ON (t.ID = root_hobt.TransactionID)
JOIN
		SJob.Milestones m ON (m.ID = root_hobt.MilestoneID)
JOIN
		SJob.Activities a ON (a.ID = root_hobt.ActivityID)
JOIN	
		SJob.JobPaymentStages jps ON jps.ID = root_hobt.JobPaymentStageId
JOIN
		SJob.RibaStages riba ON (riba.ID = root_hobt.RIBAStageId)' WHERE ID = 188
UPDATE SCore.EntityQueries SET Statement = N'EXEC [SFin].[TransactionDetailsUpsert]  
	@TransactionGuid = @TransactionGuid, 
	@MilestoneGuid = @MilestoneGuid, 
	@ActivityGuid = @ActivityGuid, 
	@Net = @Net, 
	@Vat = @Vat, 
	@Gross = @Gross, 
	@VatRate = @VatRate, 
	@Description = @Description, 
	@JobPaymentStageGuid = @JobPaymentStageGuid, 
	@Guid = @Guid, 
	@RIBAStageGuid = @RIBAStageGuid' WHERE ID = 189
UPDATE SCore.EntityQueries SET Statement = N'SELECT	
		root_hobt.ID,
		root_hobt.RowStatus,
		root_hobt.RowVersion,
		root_hobt.Guid,
		j.Guid AS JobID,
		i.Guid AS CreatedByUserID,
		root_hobt.CreatedDateTime,
		root_hobt.RibaStage0Change,
		root_hobt.RibaStage1Change,
		root_hobt.RibaStage2Change,
		root_hobt.RibaStage3Change,
		root_hobt.RibaStage4Change,
		root_hobt.RibaStage5Change,
		root_hobt.RibaStage6Change,
		root_hobt.RibaStage7Change,
		root_hobt.Reason,
		-- VISIT CHANGES
        root_hobt.RibaStage0VisitChange,
        root_hobt.RibaStage1VisitChange,
		root_hobt.RibaStage2VisitChange,
		root_hobt.RibaStage3VisitChange,
		root_hobt.RibaStage4VisitChange,
		root_hobt.RibaStage5VisitChange,
		root_hobt.RibaStage6VisitChange,
		root_hobt.RibaStage7VisitChange,
		--MEETING CHANGES
        root_hobt.RibaStage0MeetingChange,
        root_hobt.RibaStage1MeetingChange,
		root_hobt.RibaStage2MeetingChange,
		root_hobt.RibaStage3MeetingChange,
		root_hobt.RibaStage4MeetingChange,
		root_hobt.RibaStage5MeetingChange,
		root_hobt.RibaStage6MeetingChange,
		root_hobt.RibaStage7MeetingChange,
		root_hobt.PreConstructionStageChange,
		root_hobt.ConstructionStageChange,
		-- PRE + CONSTRUCTION CHANGES
		root_hobt.PreConstructionStageMeetingChange,
		root_hobt.PreConstructionStageVisitChange,
		root_hobt.ConstructionStageMeetingChange,
		root_hobt.ConstructionStageVisitChange,
		root_hobt.FeeCapChange
FROM	SJob.FeeAmendment root_hobt
JOIN	SJob.Jobs j ON (j.ID = root_hobt.JobID)
JOIN	SCore.Identities i ON (i.ID = root_hobt.CreatedByUserID)' WHERE ID = 192
UPDATE SCore.EntityQueries SET Statement = N'EXEC SJob.FeeAmendmentsUpsert @JobGuid = @JobGuid,			-- uniqueidentifier
							  @RibaStage0Change = @RibaStage0Change, -- decimal(9, 2)
							  @RibaStage1Change = @RibaStage1Change, -- decimal(9, 2)
							  @RibaStage2Change = @RibaStage2Change, -- decimal(9, 2)
							  @RibaStage3Change = @RibaStage3Change, -- decimal(9, 2)
							  @RibaStage4Change = @RibaStage4Change, -- decimal(9, 2)
							  @RibaStage5Change = @RibaStage5Change, -- decimal(9, 2)
							  @RibaStage6Change = @RibaStage6Change, -- decimal(9, 2)
							  @RibaStage7Change = @RibaStage7Change, -- decimal(9, 2)
                                                          
                                                           -- Visits
                                                          @RibaStage0VisitChange = @RibaStage0VisitChange, -- decimal(9, 2)
							  @RibaStage1VisitChange = @RibaStage1VisitChange, -- decimal(9, 2)
							  @RibaStage2VisitChange = @RibaStage2VisitChange, -- decimal(9, 2)
							  @RibaStage3VisitChange = @RibaStage3VisitChange, -- decimal(9, 2)
							  @RibaStage4VisitChange = @RibaStage4VisitChange, -- decimal(9, 2)
							  @RibaStage5VisitChange = @RibaStage5VisitChange, -- decimal(9, 2)
							  @RibaStage6VisitChange = @RibaStage6VisitChange, -- decimal(9, 2)
							  @RibaStage7VisitChange = @RibaStage7VisitChange, -- decimal(9, 2)

                                                           -- Meetings
                                                          @RibaStage0MeetingChange = @RibaStage0MeetingChange, -- decimal(9, 2)
							  @RibaStage1MeetingChange = @RibaStage1MeetingChange, -- decimal(9, 2)
							  @RibaStage2MeetingChange = @RibaStage2MeetingChange, -- decimal(9, 2)
							  @RibaStage3MeetingChange = @RibaStage3MeetingChange, -- decimal(9, 2)
							  @RibaStage4MeetingChange = @RibaStage4MeetingChange, -- decimal(9, 2)
							  @RibaStage5MeetingChange = @RibaStage5MeetingChange, -- decimal(9, 2)
							  @RibaStage6MeetingChange = @RibaStage6MeetingChange, -- decimal(9, 2)
							  @RibaStage7MeetingChange = @RibaStage7MeetingChange, -- decimal(9, 2)

							  @PreConstructionStageChange = @PreConstructionStageChange,
							  @ConstructionStageChange = @ConstructionStageChange,

                                                           -- construction + preconstruction
                                                            @PreConstructionStageMeetingChange = @PreConstructionStageMeetingChange,
			                                    @PreConstructionStageVisitChange = @PreConstructionStageVisitChange,
			                                   @ConstructionStageMeetingChange = @ConstructionStageMeetingChange,
			                                   @ConstructionStageVisitChange =  @ConstructionStageVisitChange,
							  @FeeCapChange = @FeeCapChange,		-- decimal(9, 2)
							  @Guid = @Guid,				-- uniqueidentifier
                                                          @Reason = @Reason' WHERE ID = 193
UPDATE SCore.EntityQueries SET Statement = N'SELECT	root_hobt.ID,
		root_hobt.Label,
		root_hobt.Class,
		root_hobt.SortOrder 
FROM	[SJob].[Activities_DataPills](@SurveyorGuid, @BillableHours, @JobGuid, @RibaStageGuid, @IsAdditionalWork, @Guid, @ActivityTypeGuid) root_hobt' WHERE ID = 257
UPDATE SCore.EntityQueries SET Statement = N'SELECT 
	root_hobt.AutomationRunGuid,
	root_hobt.BlockedReason,
	root_hobt.CreatedDateTimeUTC,
	root_hobt.ExpectedDate,
	root_hobt.Guid,
	root_hobt.ID,
	root_hobt.InvoiceBatchGuid,
	[58ABEA42-8199-4DC5-87A8-C71687406B76].Guid AS InvoicePaymentStatusID,
	root_hobt.InvoicingType,
	root_hobt.IsAutomated,
	root_hobt.IsZeroValuePlaceholder,
	[DDDABD42-C753-48FA-800F-A73C88FCADCD].Guid AS JobId,
	root_hobt.LegacyId,
	root_hobt.LegacySystemID,
	root_hobt.ManualStatus,
	root_hobt.Notes,
	root_hobt.ReconciliationReason,
	root_hobt.ReconciliationRequired,
	[8C1F4236-36A8-44ED-AF70-C43F56840943].Guid AS RequesterUserId,
	root_hobt.RowStatus,
	root_hobt.RowVersion,
	root_hobt.SourceGuid,
	root_hobt.SourceIntId,
	root_hobt.SourceType,
	[158D0B3F-378F-45C6-B8A6-1480EA1880B3].Guid As FinanceAccountGuid
FROM SFin.InvoiceRequests AS root_hobt 
JOIN SCore.Identities AS [8C1F4236-36A8-44ED-AF70-C43F56840943] ON ([8C1F4236-36A8-44ED-AF70-C43F56840943].ID = root_hobt.RequesterUserId) 
 JOIN SJob.Jobs AS [DDDABD42-C753-48FA-800F-A73C88FCADCD] ON ([DDDABD42-C753-48FA-800F-A73C88FCADCD].ID = root_hobt.JobId) 
 JOIN SCrm.Accounts AS [158D0B3F-378F-45C6-B8A6-1480EA1880B3] ON ([158D0B3F-378F-45C6-B8A6-1480EA1880B3].ID = [DDDABD42-C753-48FA-800F-A73C88FCADCD].FinanceAccountID) 
 JOIN SFin.InvoicePaymentStatus AS [58ABEA42-8199-4DC5-87A8-C71687406B76] ON ([58ABEA42-8199-4DC5-87A8-C71687406B76].ID = root_hobt.InvoicePaymentStatusID)

' WHERE ID = 258
UPDATE SCore.EntityQueries SET Statement = N'EXEC [SFin].[InvoiceRequestUpsert]  
	@JobGuid = @JobGuid, 
	@RequesterUserGuid = @RequesterUserGuid, 
	@Notes = @Notes, 
	@Guid = @Guid, 
	@InvoicingType = @InvoicingType, 
	@ExpectedDate = @ExpectedDate, 
	@ManualStatus = @ManualStatus, 
	@PaymentStatusGuid = @PaymentStatusGuid' WHERE ID = 259
UPDATE SCore.EntityQueries SET Statement = N'SELECT 
 [DF573724-6B25-4B0E-BCDA-061280F64A77].Guid AS ActivityId,
 root_hobt.Guid,
 root_hobt.ID,
 [395D9343-C3C2-4DD1-A20C-A254BA403724].Guid AS InvoiceRequestId,
 [96FB0CCD-A7BF-45F8-A3A6-23D70E4620F4].Guid AS MilestoneId,
 root_hobt.Net,
 root_hobt.RowStatus,
 root_hobt.RowVersion,
 root_hobt.ShortDescription,
 RibaStages.Guid AS RIBAStageId
FROM SFin.InvoiceRequestItems AS root_hobt 
JOIN SFin.InvoiceRequests AS [395D9343-C3C2-4DD1-A20C-A254BA403724] ON ([395D9343-C3C2-4DD1-A20C-A254BA403724].ID = root_hobt.InvoiceRequestId) 
 JOIN SJob.Milestones AS [96FB0CCD-A7BF-45F8-A3A6-23D70E4620F4] ON ([96FB0CCD-A7BF-45F8-A3A6-23D70E4620F4].ID = root_hobt.MilestoneId) 
 JOIN SJob.Activities AS [DF573724-6B25-4B0E-BCDA-061280F64A77] ON ([DF573724-6B25-4B0E-BCDA-061280F64A77].ID = root_hobt.ActivityId) 
 JOIN SJob.RibaStages AS RibaStages ON (root_hobt.RIBAStageId = RibaStages.ID)' WHERE ID = 260
UPDATE SCore.EntityQueries SET Statement = N'EXEC [SFin].[InvoiceRequestItemsUpsert]  
	@InvoiceRequestGuid = @InvoiceRequestGuid, 
	@MilestoneGuid = @MilestoneGuid, 
	@ActivityGuid = @ActivityGuid, 
	@Net = @Net, 
	@Guid = @Guid, 
	@ShortDescription = @ShortDescription, 
	@RIBAStageGuid = @RIBAStageGuid' WHERE ID = 261
UPDATE SCore.EntityQueries SET Statement = N'SELECT * FROM [SFin].[tvf_InvoiceSchedulesValidate]
				(
					@Guid,							
					@TriggerGuid,					
					@OnActivityCompletion,			
					@OnMilestoneCompletion,			
					@OnActivityAndMilestonCompletion,
					@RibaOnCompletion,				
					@RibaOnPartCompletion,
                                        @BypassReadOnlyForAutomationReenable
				)', SchemaName = N'SFin', ObjectName = N'tvf_InvoiceSchedulesValidate' WHERE ID = 366
UPDATE SCore.EntityQueries SET Statement = N'SELECT 
		root_hobt.ID,
		root_hobt.Guid,
		root_hobt.PeriodNumber,
		root_hobt.Amount,
		root_hobt.OnDayOfMonth,
		root_hobt.Description,
		root_hobt.RowStatus,
		root_hobt.RowVersion,
		invsc.Guid AS InvoiceScheduleId
FROM   [SFin].[InvoiceScheduleMonthConfiguration] AS root_hobt
JOIN   [SFin].[InvoiceSchedules] AS invsc ON (invsc.ID = root_hobt.InvoiceScheduleId)' WHERE ID = 368
UPDATE SCore.EntityQueries SET Statement = N'EXEC [SFin].[InvoiceScheduleMonthConfigurationDelete]  
	@Guid = @Guid' WHERE ID = 388

--
-- Inserting data into table SCore.EntityQueryParameters
--
PRINT(N'Inserting data into table SCore.EntityQueryParameters')
GO
SET IDENTITY_INSERT SCore.EntityQueryParameters ON
GO

IF @@ERROR<>0 OR @@TRANCOUNT=0 BEGIN IF @@TRANCOUNT>0 ROLLBACK SET NOEXEC ON END
INSERT SCore.EntityQueryParameters(ID, RowStatus, Guid, Name, EntityQueryID, EntityDataTypeID, MappedEntityPropertyID, DefaultValue, IsInput, IsOutput, IsReturnColumn) VALUES (1602, 1, '8a357fe8-245d-4927-a038-c0a655d17983', N'@BypassReadOnlyForAutomationReenable', 366, 4, 2607, N'0', 1, 0, 0)
GO
SET IDENTITY_INSERT SCore.EntityQueryParameters OFF
GO

IF @@ERROR<>0 OR @@TRANCOUNT=0 BEGIN IF @@TRANCOUNT>0 ROLLBACK SET NOEXEC ON END

--
-- Reseed identity on SCore.EntityQueryParameters
--
PRINT(N'Reseed identity on SCore.EntityQueryParameters')
GO
DBCC CHECKIDENT('SCore.EntityQueryParameters', RESEED, 1602)
GO

IF @@ERROR<>0 OR @@TRANCOUNT=0 BEGIN IF @@TRANCOUNT>0 ROLLBACK SET NOEXEC ON END

--
-- Inserting data into table SCore.EntityTypes
--
PRINT(N'Inserting data into table SCore.EntityTypes')
GO
SET IDENTITY_INSERT SCore.EntityTypes ON
GO

IF @@ERROR<>0 OR @@TRANCOUNT=0 BEGIN IF @@TRANCOUNT>0 ROLLBACK SET NOEXEC ON END
INSERT SCore.EntityTypes(ID, RowStatus, Guid, Name, IsReadOnlyOffline, IsRequiredSystemData, HasDocuments, LanguageLabelID, DoNotTrackChanges, IsRootEntity, DetailPageUrl, IconId, IsMetaData) VALUES (215, 1, 'cf0519ea-3fdc-403a-a941-71c583fc5df8', N'Transaction Batch Transitions', 0, 0, 0, 3824, 0, 0, N'', -1, 0)
GO
SET IDENTITY_INSERT SCore.EntityTypes OFF
GO

IF @@ERROR<>0 OR @@TRANCOUNT=0 BEGIN IF @@TRANCOUNT>0 ROLLBACK SET NOEXEC ON END

--
-- Reseed identity on SCore.EntityTypes
--
PRINT(N'Reseed identity on SCore.EntityTypes')
GO
DBCC CHECKIDENT('SCore.EntityTypes', RESEED, 215)
GO

IF @@ERROR<>0 OR @@TRANCOUNT=0 BEGIN IF @@TRANCOUNT>0 ROLLBACK SET NOEXEC ON END

--
-- Inserting data into table SCore.LanguageLabels
--
PRINT(N'Inserting data into table SCore.LanguageLabels')
GO
SET IDENTITY_INSERT SCore.LanguageLabels ON
GO

IF @@ERROR<>0 OR @@TRANCOUNT=0 BEGIN IF @@TRANCOUNT>0 ROLLBACK SET NOEXEC ON END
INSERT SCore.LanguageLabels(ID, RowStatus, Guid, Name) VALUES (3822, 1, '51347825-341c-4d39-8b98-726f480dc8e3', N'[SUserInterface].[tvf_Icons]')
INSERT SCore.LanguageLabels(ID, RowStatus, Guid, Name) VALUES (3823, 1, 'ac6462f2-edd5-4136-963f-52ae2e61497f', N'[SUserInterface].[tvf_Icons].[Name]')
INSERT SCore.LanguageLabels(ID, RowStatus, Guid, Name) VALUES (3824, 1, '3ea71b84-11c0-4a1d-a91d-d9d60b1cd044', N'Transaction Batch Transitions')
INSERT SCore.LanguageLabels(ID, RowStatus, Guid, Name) VALUES (3825, 1, 'd256cea8-196b-4793-886b-d90b89cccc22', N'[SFin].[TransactionBatchTransitions].[Guid]')
INSERT SCore.LanguageLabels(ID, RowStatus, Guid, Name) VALUES (3826, 1, 'fc957464-c503-4b1e-8097-5376d28ba186', N'[SFin].[TransactionBatchTransitions].[TransactionID]')
INSERT SCore.LanguageLabels(ID, RowStatus, Guid, Name) VALUES (3827, 1, 'fcb4fe53-6e62-4bc0-be84-af4e18e7fe5a', N'[SFin].[TransactionBatchTransitions].[RowStatus]')
INSERT SCore.LanguageLabels(ID, RowStatus, Guid, Name) VALUES (3828, 1, '67578f1c-a58b-451c-842e-7251cc3b5d13', N'[SFin].[TransactionBatchTransitions].[CreatedByUserId]')
INSERT SCore.LanguageLabels(ID, RowStatus, Guid, Name) VALUES (3829, 1, '2617afd8-8df1-4d42-b2f8-e67c569c3b10', N'[SFin].[TransactionBatchTransitions].[RowVersion]')
INSERT SCore.LanguageLabels(ID, RowStatus, Guid, Name) VALUES (3830, 1, '12e55e4d-20ed-4c0d-8532-40d798a4c6ce', N'[SFin].[TransactionBatchTransitions].[OldBatched]')
INSERT SCore.LanguageLabels(ID, RowStatus, Guid, Name) VALUES (3831, 1, 'eafbe7be-dd58-4325-900c-6b44866f0a37', N'[SFin].[TransactionBatchTransitions].[IsImported]')
INSERT SCore.LanguageLabels(ID, RowStatus, Guid, Name) VALUES (3832, 1, '6158130b-c6c2-49b6-8444-28c5e9acec46', N'[SFin].[TransactionBatchTransitions].[DateTimeUTC]')
INSERT SCore.LanguageLabels(ID, RowStatus, Guid, Name) VALUES (3833, 1, '67b98c8c-c28b-4751-bf35-65043b0c360b', N'[SFin].[TransactionBatchTransitions].[TransactionGuid]')
INSERT SCore.LanguageLabels(ID, RowStatus, Guid, Name) VALUES (3834, 1, 'fb6ad170-5373-4c2c-8340-460359965aca', N'[SFin].[TransactionBatchTransitions].[SourceTransactionRowVersion]')
INSERT SCore.LanguageLabels(ID, RowStatus, Guid, Name) VALUES (3835, 1, 'dd2dd98f-d717-42dd-bd5f-07ddaec32b19', N'[SFin].[TransactionBatchTransitions].[ID]')
INSERT SCore.LanguageLabels(ID, RowStatus, Guid, Name) VALUES (3836, 1, '79189768-a732-456c-a751-3cc1407afd8f', N'[SFin].[TransactionBatchTransitions].[SurveyorUserId]')
INSERT SCore.LanguageLabels(ID, RowStatus, Guid, Name) VALUES (3837, 1, '234e3a31-b76e-429d-aa16-7664a7f56ff4', N'[SFin].[TransactionBatchTransitions].[NewBatched]')
INSERT SCore.LanguageLabels(ID, RowStatus, Guid, Name) VALUES (3838, 1, '439df7c8-41b9-450b-9dc9-601c7224cf10', N'[SFin].[TransactionBatchTransitions].[Comment]')
GO
SET IDENTITY_INSERT SCore.LanguageLabels OFF
GO

IF @@ERROR<>0 OR @@TRANCOUNT=0 BEGIN IF @@TRANCOUNT>0 ROLLBACK SET NOEXEC ON END

--
-- Reseed identity on SCore.LanguageLabels
--
PRINT(N'Reseed identity on SCore.LanguageLabels')
GO
DBCC CHECKIDENT('SCore.LanguageLabels', RESEED, 3838)
GO

IF @@ERROR<>0 OR @@TRANCOUNT=0 BEGIN IF @@TRANCOUNT>0 ROLLBACK SET NOEXEC ON END

--
-- Updating data of table SCore.LanguageLabelTranslations
--
PRINT(N'Updating data of table SCore.LanguageLabelTranslations')
GO
UPDATE SCore.LanguageLabelTranslations SET TextPlural = N'Authorisation' WHERE ID = 3591

--
-- Inserting data into table SCore.LanguageLabelTranslations
--
PRINT(N'Inserting data into table SCore.LanguageLabelTranslations')
GO
SET IDENTITY_INSERT SCore.LanguageLabelTranslations ON
GO

IF @@ERROR<>0 OR @@TRANCOUNT=0 BEGIN IF @@TRANCOUNT>0 ROLLBACK SET NOEXEC ON END
INSERT SCore.LanguageLabelTranslations(ID, RowStatus, Guid, Text, TextPlural, LanguageLabelID, LanguageID, HelpText) VALUES (3933, 1, '39ab2b66-fd65-4799-a3cb-835b75fab6ae', N'Icons', N'Icons', 3822, 1, N'')
INSERT SCore.LanguageLabelTranslations(ID, RowStatus, Guid, Text, TextPlural, LanguageLabelID, LanguageID, HelpText) VALUES (3934, 1, '2384afea-7aef-4487-a285-a09d87af4e02', N'Name', N'Name', 3823, 1, N'')
INSERT SCore.LanguageLabelTranslations(ID, RowStatus, Guid, Text, TextPlural, LanguageLabelID, LanguageID, HelpText) VALUES (3935, 1, '5032e2ce-573b-44ff-8ba5-5880d28a5c3c', N'Transaction Batch Transitions', N'', 3824, 1, N'')
INSERT SCore.LanguageLabelTranslations(ID, RowStatus, Guid, Text, TextPlural, LanguageLabelID, LanguageID, HelpText) VALUES (3936, 1, '773fe623-f3d5-45b9-b94d-e70e846bd6a6', N'Guid', N'', 3825, 1, N'')
INSERT SCore.LanguageLabelTranslations(ID, RowStatus, Guid, Text, TextPlural, LanguageLabelID, LanguageID, HelpText) VALUES (3937, 1, 'b732ddd1-7dcc-4a08-ba5f-5fe2d194fe97', N'Transaction I D', N'', 3826, 1, N'')
INSERT SCore.LanguageLabelTranslations(ID, RowStatus, Guid, Text, TextPlural, LanguageLabelID, LanguageID, HelpText) VALUES (3938, 1, 'd7974a20-7a6c-4427-b5c3-72199b77237f', N'Row Status', N'', 3827, 1, N'')
INSERT SCore.LanguageLabelTranslations(ID, RowStatus, Guid, Text, TextPlural, LanguageLabelID, LanguageID, HelpText) VALUES (3939, 1, '83199e7f-8663-4459-8206-5041b4ce2cdf', N'Created By User Id', N'', 3828, 1, N'')
INSERT SCore.LanguageLabelTranslations(ID, RowStatus, Guid, Text, TextPlural, LanguageLabelID, LanguageID, HelpText) VALUES (3940, 1, 'ada6aea2-2230-440e-bcc0-372105209cb6', N'Row Version', N'', 3829, 1, N'')
INSERT SCore.LanguageLabelTranslations(ID, RowStatus, Guid, Text, TextPlural, LanguageLabelID, LanguageID, HelpText) VALUES (3941, 1, 'ee57653b-e9f3-4c86-b62b-b3b2616e4acf', N'Old Batched', N'', 3830, 1, N'')
INSERT SCore.LanguageLabelTranslations(ID, RowStatus, Guid, Text, TextPlural, LanguageLabelID, LanguageID, HelpText) VALUES (3942, 1, '463d83b5-23c6-402e-b57c-3a4b41b94dda', N'Is Imported', N'', 3831, 1, N'')
INSERT SCore.LanguageLabelTranslations(ID, RowStatus, Guid, Text, TextPlural, LanguageLabelID, LanguageID, HelpText) VALUES (3943, 1, '103cf177-84b9-4c18-9ec0-580c3556f08f', N'Date Time U T C', N'', 3832, 1, N'')
INSERT SCore.LanguageLabelTranslations(ID, RowStatus, Guid, Text, TextPlural, LanguageLabelID, LanguageID, HelpText) VALUES (3944, 1, 'ff1e6d56-e2b6-4c66-9ff9-c1bfdeb6b617', N'Transaction Guid', N'', 3833, 1, N'')
INSERT SCore.LanguageLabelTranslations(ID, RowStatus, Guid, Text, TextPlural, LanguageLabelID, LanguageID, HelpText) VALUES (3945, 1, 'f72b7ad6-c244-4881-863f-24a6218cae63', N'Source Transaction Row Version', N'', 3834, 1, N'')
INSERT SCore.LanguageLabelTranslations(ID, RowStatus, Guid, Text, TextPlural, LanguageLabelID, LanguageID, HelpText) VALUES (3946, 1, 'ac765df1-f7c1-4676-887d-8e9c3ff109c4', N'I D', N'', 3835, 1, N'')
INSERT SCore.LanguageLabelTranslations(ID, RowStatus, Guid, Text, TextPlural, LanguageLabelID, LanguageID, HelpText) VALUES (3947, 1, 'fa0131cf-d7a7-4b34-afdd-e7dcbc003748', N'Surveyor User Id', N'', 3836, 1, N'')
INSERT SCore.LanguageLabelTranslations(ID, RowStatus, Guid, Text, TextPlural, LanguageLabelID, LanguageID, HelpText) VALUES (3948, 1, 'b7f701ae-5988-4382-8ae6-de89dcdc9912', N'New Batched', N'', 3837, 1, N'')
INSERT SCore.LanguageLabelTranslations(ID, RowStatus, Guid, Text, TextPlural, LanguageLabelID, LanguageID, HelpText) VALUES (3949, 1, 'a4fc8d19-de00-457c-9db4-423dc8488017', N'Comment', N'', 3838, 1, N'')
GO
SET IDENTITY_INSERT SCore.LanguageLabelTranslations OFF
GO

IF @@ERROR<>0 OR @@TRANCOUNT=0 BEGIN IF @@TRANCOUNT>0 ROLLBACK SET NOEXEC ON END

--
-- Reseed identity on SCore.LanguageLabelTranslations
--
PRINT(N'Reseed identity on SCore.LanguageLabelTranslations')
GO
DBCC CHECKIDENT('SCore.LanguageLabelTranslations', RESEED, 3949)
GO

IF @@ERROR<>0 OR @@TRANCOUNT=0 BEGIN IF @@TRANCOUNT>0 ROLLBACK SET NOEXEC ON END

--
-- Updating data of table SUserInterface.DropDownListDefinitions
--
PRINT(N'Updating data of table SUserInterface.DropDownListDefinitions')
GO
UPDATE SUserInterface.DropDownListDefinitions SET SqlQuery = N'SELECT 
    root_hobt.Guid,
    root_hobt.FullName AS Name
FROM SCore.Identities AS root_hobt
WHERE root_hobt.OriganisationalUnitId = (
    SELECT OriganisationalUnitId
    FROM SCore.Identities
    WHERE ID = [[UserId]]
)
AND root_hobt.IsActive = 1' WHERE ID = 112

--
-- Updating data of table SUserInterface.GridViewColumnDefinitions
--
PRINT(N'Updating data of table SUserInterface.GridViewColumnDefinitions')
GO
UPDATE SUserInterface.GridViewColumnDefinitions SET IsHidden = 1 WHERE ID = 1451

--
-- Inserting data into table SUserInterface.GridViewColumnDefinitions
--
PRINT(N'Inserting data into table SUserInterface.GridViewColumnDefinitions')
GO
SET IDENTITY_INSERT SUserInterface.GridViewColumnDefinitions ON
GO

IF @@ERROR<>0 OR @@TRANCOUNT=0 BEGIN IF @@TRANCOUNT>0 ROLLBACK SET NOEXEC ON END
INSERT SUserInterface.GridViewColumnDefinitions(ID, RowStatus, Guid, Name, ColumnOrder, GridViewDefinitionId, IsPrimaryKey, IsHidden, IsFiltered, IsCombo, IsLongitude, IsLatitude, DisplayFormat, Width, LanguageLabelId, TopHeaderCategory, TopHeaderCategoryOrder) VALUES (1664, 1, 'ea41b30a-a9d2-469b-a68c-c879d8cf1812', N'ID', 999, 244, 1, 1, 1, 0, 0, 0, N'', N'', 1627, N'', 0)
INSERT SUserInterface.GridViewColumnDefinitions(ID, RowStatus, Guid, Name, ColumnOrder, GridViewDefinitionId, IsPrimaryKey, IsHidden, IsFiltered, IsCombo, IsLongitude, IsLatitude, DisplayFormat, Width, LanguageLabelId, TopHeaderCategory, TopHeaderCategoryOrder) VALUES (1665, 1, 'f2cdcadf-8c27-4621-a03d-3921d88981ee', N'Guid', 0, 244, 0, 1, 0, 0, 0, 0, N'', N'', 1689, N'', 0)
INSERT SUserInterface.GridViewColumnDefinitions(ID, RowStatus, Guid, Name, ColumnOrder, GridViewDefinitionId, IsPrimaryKey, IsHidden, IsFiltered, IsCombo, IsLongitude, IsLatitude, DisplayFormat, Width, LanguageLabelId, TopHeaderCategory, TopHeaderCategoryOrder) VALUES (1666, 1, 'e0bdd186-7675-4187-a332-3047f44a4eeb', N'Name', 1, 244, 0, 0, 1, 0, 0, 0, N'', N'', 3823, N'', 0)
GO
SET IDENTITY_INSERT SUserInterface.GridViewColumnDefinitions OFF
GO

IF @@ERROR<>0 OR @@TRANCOUNT=0 BEGIN IF @@TRANCOUNT>0 ROLLBACK SET NOEXEC ON END

--
-- Reseed identity on SUserInterface.GridViewColumnDefinitions
--
PRINT(N'Reseed identity on SUserInterface.GridViewColumnDefinitions')
GO
DBCC CHECKIDENT('SUserInterface.GridViewColumnDefinitions', RESEED, 1666)
GO

IF @@ERROR<>0 OR @@TRANCOUNT=0 BEGIN IF @@TRANCOUNT>0 ROLLBACK SET NOEXEC ON END

--
-- Updating data of table SUserInterface.GridViewDefinitions
--
PRINT(N'Updating data of table SUserInterface.GridViewDefinitions')
GO
UPDATE SUserInterface.GridViewDefinitions SET SqlQuery = N'SELECT	ID,
		Guid,
		RowStatus,
		Number,
		RealNet AS Net,
		RealVat AS Vat,
		RealGross AS Gross,
		RealOutstanding AS Outstanding,
		Date,
		Type,
		Surveyor,
		SageTransactionReference,
		RealOutstanding,
		RealOutstandingWithVAT,
		FinanceAccount,
		TransactionStatus
FROM	SJob.tvf_JobTransactions([[UserId]], ''[[ParentGuid]]'') root_hobt' WHERE ID = 89
UPDATE SUserInterface.GridViewDefinitions SET SqlQuery = N'SELECT	root_hobt.ID,
		root_hobt.RowStatus,
		root_hobt.RowVersion,
		root_hobt.Guid,
		root_hobt.CreatedDateTime,
		root_hobt.TotalRibaStageChange,
		root_hobt.FeeCapChange,
		root_hobt.FullName,
               root_hobt.TotalMeetingChange,
               root_hobt.TotalVisitChange,
               root_hobt.Reason
FROM	SJob.tvf_FeeAmendments([[UserId]], ''[[ParentGuid]]'') root_hobt' WHERE ID = 114
UPDATE SUserInterface.GridViewDefinitions SET DrawerIconId = 28 WHERE ID = 187
UPDATE SUserInterface.GridViewDefinitions SET DrawerIconId = 88 WHERE ID = 192
UPDATE SUserInterface.GridViewDefinitions SET DrawerIconId = 89 WHERE ID = 193
UPDATE SUserInterface.GridViewDefinitions SET DrawerIconId = 91 WHERE ID = 209
UPDATE SUserInterface.GridViewDefinitions SET SqlQuery = N'SELECT * 
FROM [SCore].[WorkflowStatus] root_hobt
WHERE 
	(root_hobt.RowStatus NOT IN (0,254)) AND
	( NOT EXISTS --Exclude system generated statuses.
			(
				SELECT 1 
				FROM [SCore].[WorkflowStatus]
				WHERE 
					ShowInEnquiries = 0 AND
					ShowInQuotes = 0 AND
					ShowInJobs = 0 AND
					root_hobt.ID = ID
			)
	)' WHERE ID = 210
UPDATE SUserInterface.GridViewDefinitions SET SqlQuery = N'SELECT
 *
FROM
      [SFin].[tvf_AutomatedInvoicing]([[UserId]]) root_hobt' WHERE ID = 215
UPDATE SUserInterface.GridViewDefinitions SET DrawerIconId = 92 WHERE ID = 216
UPDATE SUserInterface.GridViewDefinitions SET DrawerIconId = 52 WHERE ID = 225
UPDATE SUserInterface.GridViewDefinitions SET DrawerIconId = 7 WHERE ID = 229
UPDATE SUserInterface.GridViewDefinitions SET DrawerIconId = 7 WHERE ID = 230
UPDATE SUserInterface.GridViewDefinitions SET DrawerIconId = 90 WHERE ID = 232
UPDATE SUserInterface.GridViewDefinitions SET DrawerIconId = 93 WHERE ID = 235
UPDATE SUserInterface.GridViewDefinitions SET SqlQuery = N'SELECT  * 
FROM [SSop].[tvf_ApprovedEnquiries] ([[UserId]]) root_hobt' WHERE ID = 237

--
-- Inserting data into table SUserInterface.GridViewDefinitions
--
PRINT(N'Inserting data into table SUserInterface.GridViewDefinitions')
GO
SET IDENTITY_INSERT SUserInterface.GridViewDefinitions ON
GO

IF @@ERROR<>0 OR @@TRANCOUNT=0 BEGIN IF @@TRANCOUNT>0 ROLLBACK SET NOEXEC ON END
INSERT SUserInterface.GridViewDefinitions(ID, RowStatus, Guid, Code, GridDefinitionId, DetailPageUri, SqlQuery, DefaultSortColumnName, SecurableCode, DisplayOrder, DisplayGroupName, MetricSqlQuery, ShowMetric, IsDetailWindowed, EntityTypeID, MetricTypeID, MetricMin, MetricMax, MetricMinorUnit, MetricMajorUnit, MetricStartAngle, MetricEndAngle, MetricReversed, MetricRange1Min, MetricRange1Max, MetricRange1ColourHex, MetricRange2Min, MetricRange2Max, MetricRange2ColourHex, IsDefaultSortDescending, AllowNew, AllowExcelExport, AllowPdfExport, AllowCsvExport, LanguageLabelId, DrawerIconId, GridViewTypeId, AllowBulkChange, ShowOnMobile, TreeListFirstOrderBy, TreeListSecondOrderBy, TreeListThirdOrderBy, TreeListOrderBy, TreeListGroupBy, ShowOnDashboard, FilteredListCreatedOnColumn, FilteredListRedStatusIndicatorTxt, FilteredListOrangeStatusIndicatorTxt, FilteredListGreenStatusIndicatorTxt, FilteredListGroupBy) VALUES (244, 1, '6c8e4ddd-d031-4fcf-b976-7025806ad605', N'ICONS', 1, N'DynamicEdit', N'SELECT * FROM [SUserInterface].[tvf_Icons] ([[UserId]]) root_hobt', N'ID', N'', 5, N'', N'', 0, 1, 105, -1, 0, 0, 0, 0, 0, 0, 0, 0, 0, N'', 0, 0, N'', 0, 1, 0, 0, 0, 3822, 94, 1, 0, 0, N'', N'', N'', N'', N'', 0, N'', N'', N'', N'', N'')
GO
SET IDENTITY_INSERT SUserInterface.GridViewDefinitions OFF
GO

IF @@ERROR<>0 OR @@TRANCOUNT=0 BEGIN IF @@TRANCOUNT>0 ROLLBACK SET NOEXEC ON END

--
-- Reseed identity on SUserInterface.GridViewDefinitions
--
PRINT(N'Reseed identity on SUserInterface.GridViewDefinitions')
GO
DBCC CHECKIDENT('SUserInterface.GridViewDefinitions', RESEED, 244)
GO

IF @@ERROR<>0 OR @@TRANCOUNT=0 BEGIN IF @@TRANCOUNT>0 ROLLBACK SET NOEXEC ON END

--
-- Inserting data into table SUserInterface.Icons
--
PRINT(N'Inserting data into table SUserInterface.Icons')
GO
SET IDENTITY_INSERT SUserInterface.Icons ON
GO

IF @@ERROR<>0 OR @@TRANCOUNT=0 BEGIN IF @@TRANCOUNT>0 ROLLBACK SET NOEXEC ON END
INSERT SUserInterface.Icons(ID, RowStatus, Guid, Name) VALUES (88, 1, '8059c612-5d47-4cb2-bb9f-54eafa919ac8', N'bi bi-arrow-left-right')
INSERT SUserInterface.Icons(ID, RowStatus, Guid, Name) VALUES (89, 1, 'd34f9ff9-16c1-4cc2-b58a-0455c64a8058', N'bi bi-files')
INSERT SUserInterface.Icons(ID, RowStatus, Guid, Name) VALUES (90, 1, 'd1b2044c-516a-4072-a6cd-9b04fb623e2c', N'bi bi-person-plus')
INSERT SUserInterface.Icons(ID, RowStatus, Guid, Name) VALUES (91, 1, 'd3c72606-7402-4daf-b42a-f4d38e8114a9', N'bi bi-arrow-right-square')
INSERT SUserInterface.Icons(ID, RowStatus, Guid, Name) VALUES (92, 1, '10b0faf6-dd35-48d2-9731-da8a169777a1', N'bi-cash-stack')
INSERT SUserInterface.Icons(ID, RowStatus, Guid, Name) VALUES (93, 1, 'f77c3e2b-eba0-4bb7-a199-763a1d6c2031', N'bi-shop')
INSERT SUserInterface.Icons(ID, RowStatus, Guid, Name) VALUES (94, 1, '58639343-1a40-428e-a38f-8db4b45ccc0b', N'bi-view-list')
GO
SET IDENTITY_INSERT SUserInterface.Icons OFF
GO

IF @@ERROR<>0 OR @@TRANCOUNT=0 BEGIN IF @@TRANCOUNT>0 ROLLBACK SET NOEXEC ON END

--
-- Reseed identity on SUserInterface.Icons
--
PRINT(N'Reseed identity on SUserInterface.Icons')
GO
DBCC CHECKIDENT('SUserInterface.Icons', RESEED, 94)
GO

IF @@ERROR<>0 OR @@TRANCOUNT=0 BEGIN IF @@TRANCOUNT>0 ROLLBACK SET NOEXEC ON END

--
-- Creating constraints for [SCore].[EntityHobts]
--
PRINT(N'Creating constraints for [SCore].[EntityHobts]')
GO
ALTER TABLE SCore.EntityHobts WITH NOCHECK
  ADD CONSTRAINT FK_EntityHoBTs_EntityTypes FOREIGN KEY (EntityTypeID) REFERENCES SCore.EntityTypes(ID) ON DELETE CASCADE ON UPDATE NO ACTION
ALTER TABLE SCore.EntityHobts WITH NOCHECK
  ADD CONSTRAINT FK_EntityHobts_RowStatus FOREIGN KEY (RowStatus) REFERENCES SCore.RowStatus(ID) ON DELETE NO ACTION ON UPDATE NO ACTION
GO

IF @@ERROR<>0 OR @@TRANCOUNT=0 BEGIN IF @@TRANCOUNT>0 ROLLBACK SET NOEXEC ON END

--
-- Creating constraints for [SCore].[EntityProperties]
--
PRINT(N'Creating constraints for [SCore].[EntityProperties]')
GO
ALTER TABLE SCore.EntityProperties WITH NOCHECK
  ADD CONSTRAINT FK_EntityProperties_DropDownListDefinitions FOREIGN KEY (DropDownListDefinitionID) REFERENCES SUserInterface.DropDownListDefinitions(ID) ON DELETE NO ACTION ON UPDATE NO ACTION
ALTER TABLE SCore.EntityProperties WITH NOCHECK
  ADD CONSTRAINT FK_EntityProperties_EntityDataTypes FOREIGN KEY (EntityDataTypeID) REFERENCES SCore.EntityDataTypes(ID) ON DELETE NO ACTION ON UPDATE NO ACTION
ALTER TABLE SCore.EntityProperties WITH NOCHECK
  ADD CONSTRAINT FK_EntityProperties_EntityHoBTs FOREIGN KEY (EntityHoBTID) REFERENCES SCore.EntityHobts(ID) ON DELETE CASCADE ON UPDATE NO ACTION
ALTER TABLE SCore.EntityProperties WITH NOCHECK
  ADD CONSTRAINT FK_EntityProperties_EntityPropertyGroupID FOREIGN KEY (EntityPropertyGroupID) REFERENCES SCore.EntityPropertyGroups(ID) ON DELETE NO ACTION ON UPDATE NO ACTION
ALTER TABLE SCore.EntityProperties WITH NOCHECK
  ADD CONSTRAINT FK_EntityProperties_LanguageLabels FOREIGN KEY (LanguageLabelID) REFERENCES SCore.LanguageLabels(ID) ON DELETE NO ACTION ON UPDATE NO ACTION
ALTER TABLE SCore.EntityProperties WITH NOCHECK
  ADD CONSTRAINT FK_EntityProperties_RowStatus FOREIGN KEY (RowStatus) REFERENCES SCore.RowStatus(ID) ON DELETE NO ACTION ON UPDATE NO ACTION
GO

IF @@ERROR<>0 OR @@TRANCOUNT=0 BEGIN IF @@TRANCOUNT>0 ROLLBACK SET NOEXEC ON END

--
-- Creating constraints for [SCore].[EntityQueries]
--
PRINT(N'Creating constraints for [SCore].[EntityQueries]')
GO
ALTER TABLE SCore.EntityQueries WITH NOCHECK
  ADD CONSTRAINT FK_EntityQueries_EntityHoBTs FOREIGN KEY (EntityHoBTID) REFERENCES SCore.EntityHobts(ID) ON DELETE NO ACTION ON UPDATE NO ACTION
ALTER TABLE SCore.EntityQueries WITH NOCHECK
  ADD CONSTRAINT FK_EntityQueries_EntityTypes FOREIGN KEY (EntityTypeID) REFERENCES SCore.EntityTypes(ID) ON DELETE CASCADE ON UPDATE NO ACTION
ALTER TABLE SCore.EntityQueries WITH NOCHECK
  ADD CONSTRAINT FK_EntityQueries_RowStatus FOREIGN KEY (RowStatus) REFERENCES SCore.RowStatus(ID) ON DELETE NO ACTION ON UPDATE NO ACTION
GO

IF @@ERROR<>0 OR @@TRANCOUNT=0 BEGIN IF @@TRANCOUNT>0 ROLLBACK SET NOEXEC ON END

--
-- Creating constraints for [SCore].[EntityQueryParameters]
--
PRINT(N'Creating constraints for [SCore].[EntityQueryParameters]')
GO
ALTER TABLE SCore.EntityQueryParameters WITH NOCHECK
  ADD CONSTRAINT FK_EntityQueryParameters_EntityDataTypes FOREIGN KEY (EntityDataTypeID) REFERENCES SCore.EntityDataTypes(ID) ON DELETE NO ACTION ON UPDATE NO ACTION
ALTER TABLE SCore.EntityQueryParameters WITH NOCHECK
  ADD CONSTRAINT FK_EntityQueryParameters_EntityProperties FOREIGN KEY (MappedEntityPropertyID) REFERENCES SCore.EntityProperties(ID) ON DELETE NO ACTION ON UPDATE NO ACTION
ALTER TABLE SCore.EntityQueryParameters WITH NOCHECK
  ADD CONSTRAINT FK_EntityQueryParameters_EntityQueries FOREIGN KEY (EntityQueryID) REFERENCES SCore.EntityQueries(ID) ON DELETE CASCADE ON UPDATE NO ACTION
ALTER TABLE SCore.EntityQueryParameters WITH NOCHECK
  ADD CONSTRAINT FK_EntityQueryParameters_RowStatus FOREIGN KEY (RowStatus) REFERENCES SCore.RowStatus(ID) ON DELETE NO ACTION ON UPDATE NO ACTION
GO

IF @@ERROR<>0 OR @@TRANCOUNT=0 BEGIN IF @@TRANCOUNT>0 ROLLBACK SET NOEXEC ON END

--
-- Creating constraints for [SCore].[EntityTypes]
--
PRINT(N'Creating constraints for [SCore].[EntityTypes]')
GO
ALTER TABLE SCore.EntityTypes WITH NOCHECK
  ADD CONSTRAINT FK_EntityTypes_IconId FOREIGN KEY (IconId) REFERENCES SUserInterface.Icons(ID) ON DELETE NO ACTION ON UPDATE NO ACTION
ALTER TABLE SCore.EntityTypes WITH NOCHECK
  ADD CONSTRAINT FK_EntityTypes_LanguageLabels FOREIGN KEY (LanguageLabelID) REFERENCES SCore.LanguageLabels(ID) ON DELETE NO ACTION ON UPDATE NO ACTION
ALTER TABLE SCore.EntityTypes WITH NOCHECK
  ADD CONSTRAINT FK_EntityTypes_RowStatus FOREIGN KEY (RowStatus) REFERENCES SCore.RowStatus(ID) ON DELETE NO ACTION ON UPDATE NO ACTION
GO

IF @@ERROR<>0 OR @@TRANCOUNT=0 BEGIN IF @@TRANCOUNT>0 ROLLBACK SET NOEXEC ON END

--
-- Creating constraints for [SCore].[LanguageLabels]
--
PRINT(N'Creating constraints for [SCore].[LanguageLabels]')
GO
ALTER TABLE SCore.LanguageLabels WITH NOCHECK
  ADD CONSTRAINT FK_LanguageLabels_RowStatus FOREIGN KEY (RowStatus) REFERENCES SCore.RowStatus(ID) ON DELETE NO ACTION ON UPDATE NO ACTION
GO

IF @@ERROR<>0 OR @@TRANCOUNT=0 BEGIN IF @@TRANCOUNT>0 ROLLBACK SET NOEXEC ON END

--
-- Creating constraints for [SCore].[LanguageLabelTranslations]
--
PRINT(N'Creating constraints for [SCore].[LanguageLabelTranslations]')
GO
ALTER TABLE SCore.LanguageLabelTranslations WITH NOCHECK
  ADD CONSTRAINT FK_LanguageLabelTranslations_LanguageLabels FOREIGN KEY (LanguageLabelID) REFERENCES SCore.LanguageLabels(ID) ON DELETE NO ACTION ON UPDATE NO ACTION
ALTER TABLE SCore.LanguageLabelTranslations WITH NOCHECK
  ADD CONSTRAINT FK_LanguageLabelTranslations_Languages FOREIGN KEY (LanguageID) REFERENCES SCore.Languages(ID) ON DELETE NO ACTION ON UPDATE NO ACTION
ALTER TABLE SCore.LanguageLabelTranslations WITH NOCHECK
  ADD CONSTRAINT FK_LanguageLabelTranslations_RowStatus FOREIGN KEY (RowStatus) REFERENCES SCore.RowStatus(ID) ON DELETE NO ACTION ON UPDATE NO ACTION
GO

IF @@ERROR<>0 OR @@TRANCOUNT=0 BEGIN IF @@TRANCOUNT>0 ROLLBACK SET NOEXEC ON END

--
-- Creating constraints for [SUserInterface].[DropDownListDefinitions]
--
PRINT(N'Creating constraints for [SUserInterface].[DropDownListDefinitions]')
GO
ALTER TABLE SUserInterface.DropDownListDefinitions WITH NOCHECK
  ADD CONSTRAINT FK_DropDownListDefinitions_EntityTypes FOREIGN KEY (EntityTypeId) REFERENCES SCore.EntityTypes(ID) ON DELETE NO ACTION ON UPDATE NO ACTION
ALTER TABLE SUserInterface.DropDownListDefinitions WITH NOCHECK
  ADD CONSTRAINT FK_DropDownListDefinitions_RowStatus FOREIGN KEY (RowStatus) REFERENCES SCore.RowStatus(ID) ON DELETE NO ACTION ON UPDATE NO ACTION
GO

IF @@ERROR<>0 OR @@TRANCOUNT=0 BEGIN IF @@TRANCOUNT>0 ROLLBACK SET NOEXEC ON END

--
-- Creating constraints for [SUserInterface].[GridViewColumnDefinitions]
--
PRINT(N'Creating constraints for [SUserInterface].[GridViewColumnDefinitions]')
GO
ALTER TABLE SUserInterface.GridViewColumnDefinitions WITH NOCHECK
  ADD CONSTRAINT FK_GridViewColumnDefinition_GridViewDefinition FOREIGN KEY (GridViewDefinitionId) REFERENCES SUserInterface.GridViewDefinitions(ID) ON DELETE CASCADE ON UPDATE NO ACTION
ALTER TABLE SUserInterface.GridViewColumnDefinitions WITH NOCHECK
  ADD CONSTRAINT FK_GridViewColumnDefinitions_LanguageLabelId FOREIGN KEY (LanguageLabelId) REFERENCES SCore.LanguageLabels(ID) ON DELETE NO ACTION ON UPDATE NO ACTION
ALTER TABLE SUserInterface.GridViewColumnDefinitions WITH NOCHECK
  ADD CONSTRAINT FK_GridViewColumnDefinitions_RowStatus FOREIGN KEY (RowStatus) REFERENCES SCore.RowStatus(ID) ON DELETE NO ACTION ON UPDATE NO ACTION
GO

IF @@ERROR<>0 OR @@TRANCOUNT=0 BEGIN IF @@TRANCOUNT>0 ROLLBACK SET NOEXEC ON END

--
-- Creating constraints for [SUserInterface].[GridViewDefinitions]
--
PRINT(N'Creating constraints for [SUserInterface].[GridViewDefinitions]')
GO
ALTER TABLE SUserInterface.GridViewDefinitions WITH NOCHECK
  ADD CONSTRAINT FK_GridViewDefinition_GridDefinition FOREIGN KEY (GridDefinitionId) REFERENCES SUserInterface.GridDefinitions(ID) ON DELETE CASCADE ON UPDATE NO ACTION
ALTER TABLE SUserInterface.GridViewDefinitions WITH NOCHECK
  ADD CONSTRAINT FK_GridViewDefinitions_DrawerIconId FOREIGN KEY (DrawerIconId) REFERENCES SUserInterface.Icons(ID) ON DELETE NO ACTION ON UPDATE NO ACTION
ALTER TABLE SUserInterface.GridViewDefinitions WITH NOCHECK
  ADD CONSTRAINT FK_GridViewDefinitions_EntityTypes FOREIGN KEY (EntityTypeID) REFERENCES SCore.EntityTypes(ID) ON DELETE NO ACTION ON UPDATE NO ACTION
ALTER TABLE SUserInterface.GridViewDefinitions WITH NOCHECK
  ADD CONSTRAINT FK_GridViewDefinitions_LanguageLabelId FOREIGN KEY (LanguageLabelId) REFERENCES SCore.LanguageLabels(ID) ON DELETE NO ACTION ON UPDATE NO ACTION
ALTER TABLE SUserInterface.GridViewDefinitions WITH NOCHECK
  ADD CONSTRAINT FK_GridViewDefinitions_MetricTypes FOREIGN KEY (MetricTypeID) REFERENCES SUserInterface.MetricTypes(ID) ON DELETE NO ACTION ON UPDATE NO ACTION
ALTER TABLE SUserInterface.GridViewDefinitions WITH NOCHECK
  ADD CONSTRAINT FK_GridViewDefinitions_RowStatus FOREIGN KEY (RowStatus) REFERENCES SCore.RowStatus(ID) ON DELETE NO ACTION ON UPDATE NO ACTION
GO

IF @@ERROR<>0 OR @@TRANCOUNT=0 BEGIN IF @@TRANCOUNT>0 ROLLBACK SET NOEXEC ON END

--
-- Creating constraints for [SUserInterface].[Icons]
--
PRINT(N'Creating constraints for [SUserInterface].[Icons]')
GO
ALTER TABLE SUserInterface.Icons WITH NOCHECK
  ADD CONSTRAINT FK_Icons_RowStatus FOREIGN KEY (RowStatus) REFERENCES SCore.RowStatus(ID) ON DELETE NO ACTION ON UPDATE NO ACTION
GO

IF @@ERROR<>0 OR @@TRANCOUNT=0 BEGIN IF @@TRANCOUNT>0 ROLLBACK SET NOEXEC ON END

--
-- Creating constraints for [SCore].[Workflow]
--
PRINT(N'Creating constraints for [SCore].[Workflow]')
GO
ALTER TABLE SCore.Workflow WITH NOCHECK
  ADD CONSTRAINT FK_Workflow_EntityHoBTs FOREIGN KEY (EntityHoBTID) REFERENCES SCore.EntityHobts(ID) ON DELETE NO ACTION ON UPDATE NO ACTION
GO

IF @@ERROR<>0 OR @@TRANCOUNT=0 BEGIN IF @@TRANCOUNT>0 ROLLBACK SET NOEXEC ON END

--
-- Creating constraints for [SCore].[EntityPropertyActions]
--
PRINT(N'Creating constraints for [SCore].[EntityPropertyActions]')
GO
ALTER TABLE SCore.EntityPropertyActions WITH NOCHECK
  ADD CONSTRAINT FK_EntityPropertyActions_EntityProperties FOREIGN KEY (EntityPropertyID) REFERENCES SCore.EntityProperties(ID) ON DELETE NO ACTION ON UPDATE NO ACTION
GO

IF @@ERROR<>0 OR @@TRANCOUNT=0 BEGIN IF @@TRANCOUNT>0 ROLLBACK SET NOEXEC ON END

--
-- Creating constraints for [SCore].[EntityPropertyDependants]
--
PRINT(N'Creating constraints for [SCore].[EntityPropertyDependants]')
GO
ALTER TABLE SCore.EntityPropertyDependants WITH NOCHECK
  ADD CONSTRAINT FK_EntityPropertyDependants_EntityProperties FOREIGN KEY (ParentEntityPropertyID) REFERENCES SCore.EntityProperties(ID) ON DELETE NO ACTION ON UPDATE NO ACTION
GO

IF @@ERROR<>0 OR @@TRANCOUNT=0 BEGIN IF @@TRANCOUNT>0 ROLLBACK SET NOEXEC ON END

--
-- Creating constraints for [SCore].[MergeDocumentItemIncludes]
--
PRINT(N'Creating constraints for [SCore].[MergeDocumentItemIncludes]')
GO
ALTER TABLE SCore.MergeDocumentItemIncludes WITH NOCHECK
  ADD CONSTRAINT FK_MergeDocumentItemIncludes_EntityProperties FOREIGN KEY (SourceDocumentEntityPropertyId) REFERENCES SCore.EntityProperties(ID) ON DELETE NO ACTION ON UPDATE NO ACTION
GO

IF @@ERROR<>0 OR @@TRANCOUNT=0 BEGIN IF @@TRANCOUNT>0 ROLLBACK SET NOEXEC ON END

--
-- Creating constraints for [SCore].[RecordHistory]
--
PRINT(N'Creating constraints for [SCore].[RecordHistory]')
GO
ALTER TABLE SCore.RecordHistory WITH NOCHECK
  ADD CONSTRAINT FK_RecordHistory_EntityPropertyID FOREIGN KEY (EntityPropertyID) REFERENCES SCore.EntityProperties(ID) ON DELETE CASCADE ON UPDATE NO ACTION
GO

IF @@ERROR<>0 OR @@TRANCOUNT=0 BEGIN IF @@TRANCOUNT>0 ROLLBACK SET NOEXEC ON END

--
-- Creating constraints for [SCore].[SynchronisationErrors]
--
PRINT(N'Creating constraints for [SCore].[SynchronisationErrors]')
GO
ALTER TABLE SCore.SynchronisationErrors WITH NOCHECK
  ADD CONSTRAINT FK_SychronisationErrors_EntityPropertyID FOREIGN KEY (EntityPropertyID) REFERENCES SCore.EntityProperties(ID) ON DELETE CASCADE ON UPDATE NO ACTION
GO

IF @@ERROR<>0 OR @@TRANCOUNT=0 BEGIN IF @@TRANCOUNT>0 ROLLBACK SET NOEXEC ON END

--
-- Creating constraints for [SUserInterface].[ActionMenuItems]
--
PRINT(N'Creating constraints for [SUserInterface].[ActionMenuItems]')
GO
ALTER TABLE SUserInterface.ActionMenuItems WITH NOCHECK
  ADD CONSTRAINT FK_ActionMenuItems_EntityQueries FOREIGN KEY (EntityQueryId) REFERENCES SCore.EntityQueries(ID) ON DELETE NO ACTION ON UPDATE NO ACTION
GO

IF @@ERROR<>0 OR @@TRANCOUNT=0 BEGIN IF @@TRANCOUNT>0 ROLLBACK SET NOEXEC ON END

--
-- Creating constraints for [SUserInterface].[GridViewActions]
--
PRINT(N'Creating constraints for [SUserInterface].[GridViewActions]')
GO
ALTER TABLE SUserInterface.GridViewActions WITH NOCHECK
  ADD CONSTRAINT FK_GridViewActions_EntityQueries FOREIGN KEY (EntityQueryId) REFERENCES SCore.EntityQueries(ID) ON DELETE NO ACTION ON UPDATE NO ACTION
GO

IF @@ERROR<>0 OR @@TRANCOUNT=0 BEGIN IF @@TRANCOUNT>0 ROLLBACK SET NOEXEC ON END

--
-- Creating constraints for [SUserInterface].[GridViewWidgetQueries]
--
PRINT(N'Creating constraints for [SUserInterface].[GridViewWidgetQueries]')
GO
ALTER TABLE SUserInterface.GridViewWidgetQueries WITH NOCHECK
  ADD CONSTRAINT FK_GridViewWidgetQueries_EntityQueries FOREIGN KEY (EntityQueryId) REFERENCES SCore.EntityQueries(ID) ON DELETE NO ACTION ON UPDATE NO ACTION
GO

IF @@ERROR<>0 OR @@TRANCOUNT=0 BEGIN IF @@TRANCOUNT>0 ROLLBACK SET NOEXEC ON END

--
-- Creating constraints for [SCore].[DataObjects]
--
PRINT(N'Creating constraints for [SCore].[DataObjects]')
GO
ALTER TABLE SCore.DataObjects WITH NOCHECK
  ADD CONSTRAINT FK_DataObjects_EntityTypes FOREIGN KEY (EntityTypeId) REFERENCES SCore.EntityTypes(ID) ON DELETE NO ACTION ON UPDATE NO ACTION
GO

IF @@ERROR<>0 OR @@TRANCOUNT=0 BEGIN IF @@TRANCOUNT>0 ROLLBACK SET NOEXEC ON END

--
-- Creating constraints for [SCore].[EntityPropertyGroups]
--
PRINT(N'Creating constraints for [SCore].[EntityPropertyGroups]')
GO
ALTER TABLE SCore.EntityPropertyGroups WITH NOCHECK
  ADD CONSTRAINT FK_EntityPropertyGroups_EntityTypes FOREIGN KEY (EntityTypeID) REFERENCES SCore.EntityTypes(ID) ON DELETE CASCADE ON UPDATE NO ACTION
GO

IF @@ERROR<>0 OR @@TRANCOUNT=0 BEGIN IF @@TRANCOUNT>0 ROLLBACK SET NOEXEC ON END

--
-- Creating constraints for [SCore].[MergeDocumentItems]
--
PRINT(N'Creating constraints for [SCore].[MergeDocumentItems]')
GO
ALTER TABLE SCore.MergeDocumentItems WITH NOCHECK
  ADD CONSTRAINT FK_MergeDocumentItems_EntityTypes FOREIGN KEY (EntityTypeId) REFERENCES SCore.EntityTypes(ID) ON DELETE NO ACTION ON UPDATE NO ACTION
GO

IF @@ERROR<>0 OR @@TRANCOUNT=0 BEGIN IF @@TRANCOUNT>0 ROLLBACK SET NOEXEC ON END

--
-- Creating constraints for [SCore].[MergeDocuments]
--
PRINT(N'Creating constraints for [SCore].[MergeDocuments]')
GO
ALTER TABLE SCore.MergeDocuments WITH NOCHECK
  ADD CONSTRAINT FK_MergeDocuments_EntityTypes FOREIGN KEY (EntityTypeId) REFERENCES SCore.EntityTypes(ID) ON DELETE NO ACTION ON UPDATE NO ACTION
GO

IF @@ERROR<>0 OR @@TRANCOUNT=0 BEGIN IF @@TRANCOUNT>0 ROLLBACK SET NOEXEC ON END

--
-- Creating constraints for [SCore].[MergeDocumentTables]
--
PRINT(N'Creating constraints for [SCore].[MergeDocumentTables]')
GO
ALTER TABLE SCore.MergeDocumentTables WITH NOCHECK
  ADD CONSTRAINT FK_MergeDocumentTables_EntityTypes FOREIGN KEY (LinkedEntityTypeId) REFERENCES SCore.EntityTypes(ID) ON DELETE NO ACTION ON UPDATE NO ACTION
GO

IF @@ERROR<>0 OR @@TRANCOUNT=0 BEGIN IF @@TRANCOUNT>0 ROLLBACK SET NOEXEC ON END

--
-- Creating constraints for [SCore].[RecentItems]
--
PRINT(N'Creating constraints for [SCore].[RecentItems]')
GO
ALTER TABLE SCore.RecentItems WITH NOCHECK
  ADD CONSTRAINT FK_RecentItems_EntityTypes FOREIGN KEY (EntityTypeID) REFERENCES SCore.EntityTypes(ID) ON DELETE NO ACTION ON UPDATE NO ACTION
GO

IF @@ERROR<>0 OR @@TRANCOUNT=0 BEGIN IF @@TRANCOUNT>0 ROLLBACK SET NOEXEC ON END

--
-- Creating constraints for [SCore].[SharepointEntityStructure]
--
PRINT(N'Creating constraints for [SCore].[SharepointEntityStructure]')
GO
ALTER TABLE SCore.SharepointEntityStructure WITH NOCHECK
  ADD CONSTRAINT FK_SharepointEntityStructure_EntityTypes FOREIGN KEY (EntityTypeID) REFERENCES SCore.EntityTypes(ID) ON DELETE NO ACTION ON UPDATE NO ACTION
GO

IF @@ERROR<>0 OR @@TRANCOUNT=0 BEGIN IF @@TRANCOUNT>0 ROLLBACK SET NOEXEC ON END

--
-- Creating constraints for [SUserInterface].[WidgetDashboards]
--
PRINT(N'Creating constraints for [SUserInterface].[WidgetDashboards]')
GO
ALTER TABLE SUserInterface.WidgetDashboards WITH NOCHECK
  ADD CONSTRAINT FK_WidgetDashboards_EntityTypes FOREIGN KEY (ParentEntityTypeId) REFERENCES SCore.EntityTypes(ID) ON DELETE NO ACTION ON UPDATE NO ACTION
GO

IF @@ERROR<>0 OR @@TRANCOUNT=0 BEGIN IF @@TRANCOUNT>0 ROLLBACK SET NOEXEC ON END

--
-- Creating constraints for [SUserInterface].[GridDefinitions]
--
PRINT(N'Creating constraints for [SUserInterface].[GridDefinitions]')
GO
ALTER TABLE SUserInterface.GridDefinitions WITH NOCHECK
  ADD CONSTRAINT FK_GridDefinitions_LanguageLabelId FOREIGN KEY (LanguageLabelId) REFERENCES SCore.LanguageLabels(ID) ON DELETE NO ACTION ON UPDATE NO ACTION
GO

IF @@ERROR<>0 OR @@TRANCOUNT=0 BEGIN IF @@TRANCOUNT>0 ROLLBACK SET NOEXEC ON END

--
-- Creating constraints for [SUserInterface].[MainMenuItems]
--
PRINT(N'Creating constraints for [SUserInterface].[MainMenuItems]')
GO
ALTER TABLE SUserInterface.MainMenuItems WITH NOCHECK
  ADD CONSTRAINT FK_MainMenuItems_LanguageLabelId FOREIGN KEY (LanguageLabelId) REFERENCES SCore.LanguageLabels(ID) ON DELETE NO ACTION ON UPDATE NO ACTION
GO

IF @@ERROR<>0 OR @@TRANCOUNT=0 BEGIN IF @@TRANCOUNT>0 ROLLBACK SET NOEXEC ON END

--
-- Enabling DML triggers for [SCore].[EntityHobts]
--
PRINT(N'Enabling DML triggers for [SCore].[EntityHobts]')
GO
ENABLE TRIGGER ALL ON SCore.EntityHobts
GO

IF @@ERROR<>0 OR @@TRANCOUNT=0 BEGIN IF @@TRANCOUNT>0 ROLLBACK SET NOEXEC ON END

--
-- Enabling DML triggers for [SCore].[EntityProperties]
--
PRINT(N'Enabling DML triggers for [SCore].[EntityProperties]')
GO
ENABLE TRIGGER ALL ON SCore.EntityProperties
GO

IF @@ERROR<>0 OR @@TRANCOUNT=0 BEGIN IF @@TRANCOUNT>0 ROLLBACK SET NOEXEC ON END

--
-- Enabling DML triggers for [SCore].[EntityQueries]
--
PRINT(N'Enabling DML triggers for [SCore].[EntityQueries]')
GO
ENABLE TRIGGER ALL ON SCore.EntityQueries
GO

IF @@ERROR<>0 OR @@TRANCOUNT=0 BEGIN IF @@TRANCOUNT>0 ROLLBACK SET NOEXEC ON END

--
-- Enabling DML triggers for [SCore].[EntityQueryParameters]
--
PRINT(N'Enabling DML triggers for [SCore].[EntityQueryParameters]')
GO
ENABLE TRIGGER ALL ON SCore.EntityQueryParameters
GO

IF @@ERROR<>0 OR @@TRANCOUNT=0 BEGIN IF @@TRANCOUNT>0 ROLLBACK SET NOEXEC ON END

--
-- Enabling DML triggers for [SCore].[LanguageLabels]
--
PRINT(N'Enabling DML triggers for [SCore].[LanguageLabels]')
GO
ENABLE TRIGGER ALL ON SCore.LanguageLabels
GO

IF @@ERROR<>0 OR @@TRANCOUNT=0 BEGIN IF @@TRANCOUNT>0 ROLLBACK SET NOEXEC ON END

--
-- Enabling DML triggers for [SCore].[LanguageLabelTranslations]
--
PRINT(N'Enabling DML triggers for [SCore].[LanguageLabelTranslations]')
GO
ENABLE TRIGGER ALL ON SCore.LanguageLabelTranslations
GO

IF @@ERROR<>0 OR @@TRANCOUNT=0 BEGIN IF @@TRANCOUNT>0 ROLLBACK SET NOEXEC ON END

--
-- Enabling DML triggers for [SUserInterface].[DropDownListDefinitions]
--
PRINT(N'Enabling DML triggers for [SUserInterface].[DropDownListDefinitions]')
GO
ENABLE TRIGGER ALL ON SUserInterface.DropDownListDefinitions
GO

IF @@ERROR<>0 OR @@TRANCOUNT=0 BEGIN IF @@TRANCOUNT>0 ROLLBACK SET NOEXEC ON END

--
-- Enabling DML triggers for [SUserInterface].[Icons]
--
PRINT(N'Enabling DML triggers for [SUserInterface].[Icons]')
GO
ENABLE TRIGGER ALL ON SUserInterface.Icons
GO

IF @@ERROR<>0 OR @@TRANCOUNT=0 BEGIN IF @@TRANCOUNT>0 ROLLBACK SET NOEXEC ON END


--
-- Commit Transaction
--
PRINT(N'Commit Transaction')
GO
IF @@TRANCOUNT>0 COMMIT TRANSACTION
SET NOEXEC OFF
GO