--
-- Script was generated by Devart dbForge Data Compare for SQL Server, Version 5.5.3.0
-- Product Home Page: http://www.devart.com/dbforge/sql/datacompare
-- Script date 19/02/2026 14:22:53
-- Source server version: 16.00.1000
-- Source connection string: Data Source=SOC-SQLDEVBRE01\GENERAL;Initial Catalog=CymBuild_Dev;Integrated Security=True;User ID=ESGL\stephen.brett
-- Target server version: 16.00.1000
-- Target connection string: Data Source=SOC-SQLDEVBRE01\GENERAL;Initial Catalog=CymBuild_Dev;Integrated Security=True;User ID=ESGL\stephen.brett
-- Run this script against Cymbuild_QA to synchronize it with CymBuild_Dev
-- Please backup your target database before running this script
--



SET LANGUAGE 'British English'
SET DATEFORMAT ymd
SET ARITHABORT, ANSI_PADDING, ANSI_WARNINGS, CONCAT_NULL_YIELDS_NULL, QUOTED_IDENTIFIER, ANSI_NULLS, NOCOUNT, XACT_ABORT ON
SET NUMERIC_ROUNDABORT, IMPLICIT_TRANSACTIONS OFF
GO

USE Cymbuild_QA
GO

IF DB_NAME() <> N'Cymbuild_QA' SET NOEXEC ON
GO


--
-- Start Transaction
--
PRINT(N'Start Transaction')
GO
BEGIN TRANSACTION

--
-- Disabling DML triggers for [SCore].[EntityProperties]
--
PRINT(N'Disabling DML triggers for [SCore].[EntityProperties]')
GO
DISABLE TRIGGER ALL ON SCore.EntityProperties
GO

IF @@ERROR<>0 OR @@TRANCOUNT=0 BEGIN IF @@TRANCOUNT>0 ROLLBACK SET NOEXEC ON END

--
-- Disabling DML triggers for [SCore].[EntityQueries]
--
PRINT(N'Disabling DML triggers for [SCore].[EntityQueries]')
GO
DISABLE TRIGGER ALL ON SCore.EntityQueries
GO

IF @@ERROR<>0 OR @@TRANCOUNT=0 BEGIN IF @@TRANCOUNT>0 ROLLBACK SET NOEXEC ON END

--
-- Disabling DML triggers for [SCore].[EntityQueryParameters]
--
PRINT(N'Disabling DML triggers for [SCore].[EntityQueryParameters]')
GO
DISABLE TRIGGER ALL ON SCore.EntityQueryParameters
GO

IF @@ERROR<>0 OR @@TRANCOUNT=0 BEGIN IF @@TRANCOUNT>0 ROLLBACK SET NOEXEC ON END

--
-- Disabling DML triggers for [SCore].[LanguageLabels]
--
PRINT(N'Disabling DML triggers for [SCore].[LanguageLabels]')
GO
DISABLE TRIGGER ALL ON SCore.LanguageLabels
GO

IF @@ERROR<>0 OR @@TRANCOUNT=0 BEGIN IF @@TRANCOUNT>0 ROLLBACK SET NOEXEC ON END

--
-- Disabling DML triggers for [SCore].[LanguageLabelTranslations]
--
PRINT(N'Disabling DML triggers for [SCore].[LanguageLabelTranslations]')
GO
DISABLE TRIGGER ALL ON SCore.LanguageLabelTranslations
GO

IF @@ERROR<>0 OR @@TRANCOUNT=0 BEGIN IF @@TRANCOUNT>0 ROLLBACK SET NOEXEC ON END

--
-- Disabling DML triggers for [SCore].[WorkflowStatus]
--
PRINT(N'Disabling DML triggers for [SCore].[WorkflowStatus]')
GO
DISABLE TRIGGER ALL ON SCore.WorkflowStatus
GO

IF @@ERROR<>0 OR @@TRANCOUNT=0 BEGIN IF @@TRANCOUNT>0 ROLLBACK SET NOEXEC ON END

--
-- Disabling DML triggers for [SUserInterface].[DropDownListDefinitions]
--
PRINT(N'Disabling DML triggers for [SUserInterface].[DropDownListDefinitions]')
GO
DISABLE TRIGGER ALL ON SUserInterface.DropDownListDefinitions
GO

IF @@ERROR<>0 OR @@TRANCOUNT=0 BEGIN IF @@TRANCOUNT>0 ROLLBACK SET NOEXEC ON END

--
-- Dropping constraints from [SCore].[EntityProperties]
--
PRINT(N'Dropping constraints from [SCore].[EntityProperties]')
GO
ALTER TABLE SCore.EntityProperties
  DROP CONSTRAINT IF EXISTS FK_EntityProperties_DropDownListDefinitions
ALTER TABLE SCore.EntityProperties
  DROP CONSTRAINT IF EXISTS FK_EntityProperties_EntityDataTypes
ALTER TABLE SCore.EntityProperties
  DROP CONSTRAINT IF EXISTS FK_EntityProperties_EntityHoBTs
ALTER TABLE SCore.EntityProperties
  DROP CONSTRAINT IF EXISTS FK_EntityProperties_EntityPropertyGroupID
ALTER TABLE SCore.EntityProperties
  DROP CONSTRAINT IF EXISTS FK_EntityProperties_LanguageLabels
ALTER TABLE SCore.EntityProperties
  DROP CONSTRAINT IF EXISTS FK_EntityProperties_RowStatus
GO

IF @@ERROR<>0 OR @@TRANCOUNT=0 BEGIN IF @@TRANCOUNT>0 ROLLBACK SET NOEXEC ON END

--
-- Dropping constraints from [SCore].[EntityQueries]
--
PRINT(N'Dropping constraints from [SCore].[EntityQueries]')
GO
ALTER TABLE SCore.EntityQueries
  DROP CONSTRAINT IF EXISTS FK_EntityQueries_EntityHoBTs
ALTER TABLE SCore.EntityQueries
  DROP CONSTRAINT IF EXISTS FK_EntityQueries_EntityTypes
ALTER TABLE SCore.EntityQueries
  DROP CONSTRAINT IF EXISTS FK_EntityQueries_RowStatus
GO

IF @@ERROR<>0 OR @@TRANCOUNT=0 BEGIN IF @@TRANCOUNT>0 ROLLBACK SET NOEXEC ON END

--
-- Dropping constraints from [SCore].[EntityQueryParameters]
--
PRINT(N'Dropping constraints from [SCore].[EntityQueryParameters]')
GO
ALTER TABLE SCore.EntityQueryParameters
  DROP CONSTRAINT IF EXISTS FK_EntityQueryParameters_EntityDataTypes
ALTER TABLE SCore.EntityQueryParameters
  DROP CONSTRAINT IF EXISTS FK_EntityQueryParameters_EntityProperties
ALTER TABLE SCore.EntityQueryParameters
  DROP CONSTRAINT IF EXISTS FK_EntityQueryParameters_EntityQueries
ALTER TABLE SCore.EntityQueryParameters
  DROP CONSTRAINT IF EXISTS FK_EntityQueryParameters_RowStatus
GO

IF @@ERROR<>0 OR @@TRANCOUNT=0 BEGIN IF @@TRANCOUNT>0 ROLLBACK SET NOEXEC ON END

--
-- Dropping constraints from [SCore].[LanguageLabels]
--
PRINT(N'Dropping constraints from [SCore].[LanguageLabels]')
GO
ALTER TABLE SCore.LanguageLabels
  DROP CONSTRAINT IF EXISTS FK_LanguageLabels_RowStatus
GO

IF @@ERROR<>0 OR @@TRANCOUNT=0 BEGIN IF @@TRANCOUNT>0 ROLLBACK SET NOEXEC ON END

--
-- Dropping constraints from [SCore].[LanguageLabelTranslations]
--
PRINT(N'Dropping constraints from [SCore].[LanguageLabelTranslations]')
GO
ALTER TABLE SCore.LanguageLabelTranslations
  DROP CONSTRAINT IF EXISTS FK_LanguageLabelTranslations_LanguageLabels
ALTER TABLE SCore.LanguageLabelTranslations
  DROP CONSTRAINT IF EXISTS FK_LanguageLabelTranslations_Languages
ALTER TABLE SCore.LanguageLabelTranslations
  DROP CONSTRAINT IF EXISTS FK_LanguageLabelTranslations_RowStatus
GO

IF @@ERROR<>0 OR @@TRANCOUNT=0 BEGIN IF @@TRANCOUNT>0 ROLLBACK SET NOEXEC ON END

--
-- Dropping constraints from [SUserInterface].[DropDownListDefinitions]
--
PRINT(N'Dropping constraints from [SUserInterface].[DropDownListDefinitions]')
GO
ALTER TABLE SUserInterface.DropDownListDefinitions
  DROP CONSTRAINT IF EXISTS FK_DropDownListDefinitions_EntityTypes
ALTER TABLE SUserInterface.DropDownListDefinitions
  DROP CONSTRAINT IF EXISTS FK_DropDownListDefinitions_RowStatus
GO

IF @@ERROR<>0 OR @@TRANCOUNT=0 BEGIN IF @@TRANCOUNT>0 ROLLBACK SET NOEXEC ON END

--
-- Dropping constraints from [SCore].[EntityPropertyActions]
--
PRINT(N'Dropping constraints from [SCore].[EntityPropertyActions]')
GO
ALTER TABLE SCore.EntityPropertyActions
  DROP CONSTRAINT IF EXISTS FK_EntityPropertyActions_EntityProperties
GO

IF @@ERROR<>0 OR @@TRANCOUNT=0 BEGIN IF @@TRANCOUNT>0 ROLLBACK SET NOEXEC ON END

--
-- Dropping constraints from [SCore].[EntityPropertyDependants]
--
PRINT(N'Dropping constraints from [SCore].[EntityPropertyDependants]')
GO
ALTER TABLE SCore.EntityPropertyDependants
  DROP CONSTRAINT IF EXISTS FK_EntityPropertyDependants_EntityProperties
GO

IF @@ERROR<>0 OR @@TRANCOUNT=0 BEGIN IF @@TRANCOUNT>0 ROLLBACK SET NOEXEC ON END

--
-- Dropping constraints from [SCore].[MergeDocumentItemIncludes]
--
PRINT(N'Dropping constraints from [SCore].[MergeDocumentItemIncludes]')
GO
ALTER TABLE SCore.MergeDocumentItemIncludes
  DROP CONSTRAINT IF EXISTS FK_MergeDocumentItemIncludes_EntityProperties
GO

IF @@ERROR<>0 OR @@TRANCOUNT=0 BEGIN IF @@TRANCOUNT>0 ROLLBACK SET NOEXEC ON END

--
-- Dropping constraints from [SCore].[RecordHistory]
--
PRINT(N'Dropping constraints from [SCore].[RecordHistory]')
GO
ALTER TABLE SCore.RecordHistory
  DROP CONSTRAINT IF EXISTS FK_RecordHistory_EntityPropertyID
GO

IF @@ERROR<>0 OR @@TRANCOUNT=0 BEGIN IF @@TRANCOUNT>0 ROLLBACK SET NOEXEC ON END

--
-- Dropping constraints from [SCore].[SynchronisationErrors]
--
PRINT(N'Dropping constraints from [SCore].[SynchronisationErrors]')
GO
ALTER TABLE SCore.SynchronisationErrors
  DROP CONSTRAINT IF EXISTS FK_SychronisationErrors_EntityPropertyID
GO

IF @@ERROR<>0 OR @@TRANCOUNT=0 BEGIN IF @@TRANCOUNT>0 ROLLBACK SET NOEXEC ON END

--
-- Dropping constraints from [SUserInterface].[ActionMenuItems]
--
PRINT(N'Dropping constraints from [SUserInterface].[ActionMenuItems]')
GO
ALTER TABLE SUserInterface.ActionMenuItems
  DROP CONSTRAINT IF EXISTS FK_ActionMenuItems_EntityQueries
GO

IF @@ERROR<>0 OR @@TRANCOUNT=0 BEGIN IF @@TRANCOUNT>0 ROLLBACK SET NOEXEC ON END

--
-- Dropping constraints from [SUserInterface].[GridViewActions]
--
PRINT(N'Dropping constraints from [SUserInterface].[GridViewActions]')
GO
ALTER TABLE SUserInterface.GridViewActions
  DROP CONSTRAINT IF EXISTS FK_GridViewActions_EntityQueries
GO

IF @@ERROR<>0 OR @@TRANCOUNT=0 BEGIN IF @@TRANCOUNT>0 ROLLBACK SET NOEXEC ON END

--
-- Dropping constraints from [SUserInterface].[GridViewWidgetQueries]
--
PRINT(N'Dropping constraints from [SUserInterface].[GridViewWidgetQueries]')
GO
ALTER TABLE SUserInterface.GridViewWidgetQueries
  DROP CONSTRAINT IF EXISTS FK_GridViewWidgetQueries_EntityQueries
GO

IF @@ERROR<>0 OR @@TRANCOUNT=0 BEGIN IF @@TRANCOUNT>0 ROLLBACK SET NOEXEC ON END

--
-- Dropping constraints from [SCore].[EntityPropertyGroups]
--
PRINT(N'Dropping constraints from [SCore].[EntityPropertyGroups]')
GO
ALTER TABLE SCore.EntityPropertyGroups
  DROP CONSTRAINT IF EXISTS FK_EntityPropertyGroups_LanguageLabels
GO

IF @@ERROR<>0 OR @@TRANCOUNT=0 BEGIN IF @@TRANCOUNT>0 ROLLBACK SET NOEXEC ON END

--
-- Dropping constraints from [SCore].[EntityTypes]
--
PRINT(N'Dropping constraints from [SCore].[EntityTypes]')
GO
ALTER TABLE SCore.EntityTypes
  DROP CONSTRAINT IF EXISTS FK_EntityTypes_LanguageLabels
GO

IF @@ERROR<>0 OR @@TRANCOUNT=0 BEGIN IF @@TRANCOUNT>0 ROLLBACK SET NOEXEC ON END

--
-- Dropping constraints from [SUserInterface].[GridDefinitions]
--
PRINT(N'Dropping constraints from [SUserInterface].[GridDefinitions]')
GO
ALTER TABLE SUserInterface.GridDefinitions
  DROP CONSTRAINT IF EXISTS FK_GridDefinitions_LanguageLabelId
GO

IF @@ERROR<>0 OR @@TRANCOUNT=0 BEGIN IF @@TRANCOUNT>0 ROLLBACK SET NOEXEC ON END

--
-- Dropping constraints from [SUserInterface].[GridViewColumnDefinitions]
--
PRINT(N'Dropping constraints from [SUserInterface].[GridViewColumnDefinitions]')
GO
ALTER TABLE SUserInterface.GridViewColumnDefinitions
  DROP CONSTRAINT IF EXISTS FK_GridViewColumnDefinitions_LanguageLabelId
GO

IF @@ERROR<>0 OR @@TRANCOUNT=0 BEGIN IF @@TRANCOUNT>0 ROLLBACK SET NOEXEC ON END

--
-- Dropping constraints from [SUserInterface].[GridViewDefinitions]
--
PRINT(N'Dropping constraints from [SUserInterface].[GridViewDefinitions]')
GO
ALTER TABLE SUserInterface.GridViewDefinitions
  DROP CONSTRAINT IF EXISTS FK_GridViewDefinitions_LanguageLabelId
GO

IF @@ERROR<>0 OR @@TRANCOUNT=0 BEGIN IF @@TRANCOUNT>0 ROLLBACK SET NOEXEC ON END

--
-- Dropping constraints from [SUserInterface].[MainMenuItems]
--
PRINT(N'Dropping constraints from [SUserInterface].[MainMenuItems]')
GO
ALTER TABLE SUserInterface.MainMenuItems
  DROP CONSTRAINT IF EXISTS FK_MainMenuItems_LanguageLabelId
GO

IF @@ERROR<>0 OR @@TRANCOUNT=0 BEGIN IF @@TRANCOUNT>0 ROLLBACK SET NOEXEC ON END

--
-- Dropping constraints from [SCore].[DataObjectTransition]
--
PRINT(N'Dropping constraints from [SCore].[DataObjectTransition]')
GO
ALTER TABLE SCore.DataObjectTransition
  DROP CONSTRAINT IF EXISTS FK_DataObjectTransition_OldStatus
GO

IF @@ERROR<>0 OR @@TRANCOUNT=0 BEGIN IF @@TRANCOUNT>0 ROLLBACK SET NOEXEC ON END

--
-- Dropping constraints from [SCore].[WorkflowTransition]
--
PRINT(N'Dropping constraints from [SCore].[WorkflowTransition]')
GO
ALTER TABLE SCore.WorkflowTransition
  DROP CONSTRAINT IF EXISTS FK_WorkflowTransition_FromStatus
GO

IF @@ERROR<>0 OR @@TRANCOUNT=0 BEGIN IF @@TRANCOUNT>0 ROLLBACK SET NOEXEC ON END

--
-- Updating data of table SCore.EntityProperties
--
PRINT(N'Updating data of table SCore.EntityProperties')
GO
UPDATE SCore.EntityProperties SET IsHidden = 1 WHERE ID = 1663
UPDATE SCore.EntityProperties SET RowStatus = 254, EntityDataTypeID = -1 WHERE ID = 1788
UPDATE SCore.EntityProperties SET RowStatus = 254, EntityDataTypeID = -1 WHERE ID = 2030
UPDATE SCore.EntityProperties SET RowStatus = 254, EntityDataTypeID = -1 WHERE ID = 2031
UPDATE SCore.EntityProperties SET IsHidden = 1 WHERE ID = 2337
UPDATE SCore.EntityProperties SET Precision = 10 WHERE ID = 2338
UPDATE SCore.EntityProperties SET IsHidden = 1, Precision = 1 WHERE ID = 2339
UPDATE SCore.EntityProperties SET Precision = 19 WHERE ID = 2350

--
-- Inserting data into table SCore.EntityProperties
--
PRINT(N'Inserting data into table SCore.EntityProperties')
GO
GO

IF @@ERROR<>0 OR @@TRANCOUNT=0 BEGIN IF @@TRANCOUNT>0 ROLLBACK SET NOEXEC ON END
SET IDENTITY_INSERT SCore.EntityProperties ON
GO


IF @@ERROR<>0 OR @@TRANCOUNT=0 BEGIN IF @@TRANCOUNT>0 ROLLBACK SET NOEXEC ON END
INSERT SCore.EntityProperties(ID, RowStatus, Guid, Name, LanguageLabelID, EntityHoBTID, EntityDataTypeID, IsReadOnly, IsImmutable, IsUppercase, IsHidden, IsCompulsory, MaxLength, Precision, Scale, DoNotTrackChanges, EntityPropertyGroupID, SortOrder, GroupSortOrder, IsObjectLabel, DropDownListDefinitionID, IsParentRelationship, IsLongitude, IsLatitude, IsIncludedInformation, FixedDefaultValue, SqlDefaultValueStatement, AllowBulkChange, IsVirtual, ShowOnMobile, IsAlwaysVisibleInGroup, IsAlwaysVisibleInGroup_Mobile) VALUES (2572, 1, '3ab55797-b37e-4f6c-9f24-0e62bbdb3087', N'IsZeroValuePlaceholder', 3763, 115, 4, 0, 0, 0, 1, 0, 1, 1, 0, 0, -1, 0, 0, 0, -1, 0, 0, 0, 0, N'', N'', 0, 0, 0, 0, 0)
INSERT SCore.EntityProperties(ID, RowStatus, Guid, Name, LanguageLabelID, EntityHoBTID, EntityDataTypeID, IsReadOnly, IsImmutable, IsUppercase, IsHidden, IsCompulsory, MaxLength, Precision, Scale, DoNotTrackChanges, EntityPropertyGroupID, SortOrder, GroupSortOrder, IsObjectLabel, DropDownListDefinitionID, IsParentRelationship, IsLongitude, IsLatitude, IsIncludedInformation, FixedDefaultValue, SqlDefaultValueStatement, AllowBulkChange, IsVirtual, ShowOnMobile, IsAlwaysVisibleInGroup, IsAlwaysVisibleInGroup_Mobile) VALUES (2573, 1, '6682f7e1-5e02-48db-8348-1a386dd14d13', N'ReconciliationReason', 3764, 115, 1, 0, 0, 0, 0, 0, 400, 0, 0, 0, -1, 0, 0, 0, -1, 0, 0, 0, 0, N'', N'', 0, 0, 0, 0, 0)
INSERT SCore.EntityProperties(ID, RowStatus, Guid, Name, LanguageLabelID, EntityHoBTID, EntityDataTypeID, IsReadOnly, IsImmutable, IsUppercase, IsHidden, IsCompulsory, MaxLength, Precision, Scale, DoNotTrackChanges, EntityPropertyGroupID, SortOrder, GroupSortOrder, IsObjectLabel, DropDownListDefinitionID, IsParentRelationship, IsLongitude, IsLatitude, IsIncludedInformation, FixedDefaultValue, SqlDefaultValueStatement, AllowBulkChange, IsVirtual, ShowOnMobile, IsAlwaysVisibleInGroup, IsAlwaysVisibleInGroup_Mobile) VALUES (2574, 1, '990e0b0b-7540-4e2d-86ed-59888a57e0c3', N'SourceType', 3765, 115, 1, 0, 0, 0, 1, 0, 100, 0, 0, 0, -1, 0, 0, 0, -1, 0, 0, 0, 0, N'', N'', 0, 0, 0, 0, 0)
INSERT SCore.EntityProperties(ID, RowStatus, Guid, Name, LanguageLabelID, EntityHoBTID, EntityDataTypeID, IsReadOnly, IsImmutable, IsUppercase, IsHidden, IsCompulsory, MaxLength, Precision, Scale, DoNotTrackChanges, EntityPropertyGroupID, SortOrder, GroupSortOrder, IsObjectLabel, DropDownListDefinitionID, IsParentRelationship, IsLongitude, IsLatitude, IsIncludedInformation, FixedDefaultValue, SqlDefaultValueStatement, AllowBulkChange, IsVirtual, ShowOnMobile, IsAlwaysVisibleInGroup, IsAlwaysVisibleInGroup_Mobile) VALUES (2575, 1, 'c24047cb-78e8-4cb2-a72a-08d8812d19d1', N'InvoiceBatchGuid', 3766, 115, 6, 0, 0, 0, 1, 0, 16, 0, 0, 0, -1, 0, 0, 0, -1, 0, 0, 0, 0, N'', N'', 0, 0, 0, 0, 0)
INSERT SCore.EntityProperties(ID, RowStatus, Guid, Name, LanguageLabelID, EntityHoBTID, EntityDataTypeID, IsReadOnly, IsImmutable, IsUppercase, IsHidden, IsCompulsory, MaxLength, Precision, Scale, DoNotTrackChanges, EntityPropertyGroupID, SortOrder, GroupSortOrder, IsObjectLabel, DropDownListDefinitionID, IsParentRelationship, IsLongitude, IsLatitude, IsIncludedInformation, FixedDefaultValue, SqlDefaultValueStatement, AllowBulkChange, IsVirtual, ShowOnMobile, IsAlwaysVisibleInGroup, IsAlwaysVisibleInGroup_Mobile) VALUES (2576, 1, '238c2ce0-75f4-466b-877f-d86dca9e45f9', N'SourceGuid', 3767, 115, 6, 0, 0, 0, 1, 0, 16, 0, 0, 0, -1, 0, 0, 0, -1, 0, 0, 0, 0, N'', N'', 0, 0, 0, 0, 0)
INSERT SCore.EntityProperties(ID, RowStatus, Guid, Name, LanguageLabelID, EntityHoBTID, EntityDataTypeID, IsReadOnly, IsImmutable, IsUppercase, IsHidden, IsCompulsory, MaxLength, Precision, Scale, DoNotTrackChanges, EntityPropertyGroupID, SortOrder, GroupSortOrder, IsObjectLabel, DropDownListDefinitionID, IsParentRelationship, IsLongitude, IsLatitude, IsIncludedInformation, FixedDefaultValue, SqlDefaultValueStatement, AllowBulkChange, IsVirtual, ShowOnMobile, IsAlwaysVisibleInGroup, IsAlwaysVisibleInGroup_Mobile) VALUES (2577, 1, '7a0e0541-576d-4a0a-b5a8-2ac9fb444253', N'LegacySystemID', 3768, 115, 2, 0, 0, 0, 1, 0, 4, 10, 0, 0, -1, 0, 0, 0, -1, 0, 0, 0, 0, N'', N'', 0, 0, 0, 0, 0)
INSERT SCore.EntityProperties(ID, RowStatus, Guid, Name, LanguageLabelID, EntityHoBTID, EntityDataTypeID, IsReadOnly, IsImmutable, IsUppercase, IsHidden, IsCompulsory, MaxLength, Precision, Scale, DoNotTrackChanges, EntityPropertyGroupID, SortOrder, GroupSortOrder, IsObjectLabel, DropDownListDefinitionID, IsParentRelationship, IsLongitude, IsLatitude, IsIncludedInformation, FixedDefaultValue, SqlDefaultValueStatement, AllowBulkChange, IsVirtual, ShowOnMobile, IsAlwaysVisibleInGroup, IsAlwaysVisibleInGroup_Mobile) VALUES (2578, 1, 'dcd3a3a7-74a7-43bc-9b24-ecb5e6e50f39', N'IsAutomated', 3769, 115, 4, 1, 0, 0, 0, 0, 1, 1, 0, 0, -1, 0, 0, 0, -1, 0, 0, 0, 0, N'', N'', 0, 0, 0, 0, 0)
INSERT SCore.EntityProperties(ID, RowStatus, Guid, Name, LanguageLabelID, EntityHoBTID, EntityDataTypeID, IsReadOnly, IsImmutable, IsUppercase, IsHidden, IsCompulsory, MaxLength, Precision, Scale, DoNotTrackChanges, EntityPropertyGroupID, SortOrder, GroupSortOrder, IsObjectLabel, DropDownListDefinitionID, IsParentRelationship, IsLongitude, IsLatitude, IsIncludedInformation, FixedDefaultValue, SqlDefaultValueStatement, AllowBulkChange, IsVirtual, ShowOnMobile, IsAlwaysVisibleInGroup, IsAlwaysVisibleInGroup_Mobile) VALUES (2579, 1, '1600c0d4-f4e3-4e1c-b3a5-df3533f6fefa', N'LegacyId', 3770, 115, 2, 0, 0, 0, 1, 0, 4, 10, 0, 0, -1, 0, 0, 0, -1, 0, 0, 0, 0, N'', N'', 0, 0, 0, 0, 0)
INSERT SCore.EntityProperties(ID, RowStatus, Guid, Name, LanguageLabelID, EntityHoBTID, EntityDataTypeID, IsReadOnly, IsImmutable, IsUppercase, IsHidden, IsCompulsory, MaxLength, Precision, Scale, DoNotTrackChanges, EntityPropertyGroupID, SortOrder, GroupSortOrder, IsObjectLabel, DropDownListDefinitionID, IsParentRelationship, IsLongitude, IsLatitude, IsIncludedInformation, FixedDefaultValue, SqlDefaultValueStatement, AllowBulkChange, IsVirtual, ShowOnMobile, IsAlwaysVisibleInGroup, IsAlwaysVisibleInGroup_Mobile) VALUES (2580, 1, 'a42c454a-dcfb-44e5-b068-8ba089602ff5', N'BlockedReason', 3771, 115, 1, 0, 0, 0, 1, 0, 400, 0, 0, 0, -1, 0, 0, 0, -1, 0, 0, 0, 0, N'', N'', 0, 0, 0, 0, 0)
INSERT SCore.EntityProperties(ID, RowStatus, Guid, Name, LanguageLabelID, EntityHoBTID, EntityDataTypeID, IsReadOnly, IsImmutable, IsUppercase, IsHidden, IsCompulsory, MaxLength, Precision, Scale, DoNotTrackChanges, EntityPropertyGroupID, SortOrder, GroupSortOrder, IsObjectLabel, DropDownListDefinitionID, IsParentRelationship, IsLongitude, IsLatitude, IsIncludedInformation, FixedDefaultValue, SqlDefaultValueStatement, AllowBulkChange, IsVirtual, ShowOnMobile, IsAlwaysVisibleInGroup, IsAlwaysVisibleInGroup_Mobile) VALUES (2581, 1, '693f1b71-a6f9-4f5a-95a5-e3e079c87305', N'AutomationRunGuid', 3772, 115, 6, 0, 0, 0, 1, 0, 16, 0, 0, 0, -1, 0, 0, 0, -1, 0, 0, 0, 0, N'', N'', 0, 0, 0, 0, 0)
INSERT SCore.EntityProperties(ID, RowStatus, Guid, Name, LanguageLabelID, EntityHoBTID, EntityDataTypeID, IsReadOnly, IsImmutable, IsUppercase, IsHidden, IsCompulsory, MaxLength, Precision, Scale, DoNotTrackChanges, EntityPropertyGroupID, SortOrder, GroupSortOrder, IsObjectLabel, DropDownListDefinitionID, IsParentRelationship, IsLongitude, IsLatitude, IsIncludedInformation, FixedDefaultValue, SqlDefaultValueStatement, AllowBulkChange, IsVirtual, ShowOnMobile, IsAlwaysVisibleInGroup, IsAlwaysVisibleInGroup_Mobile) VALUES (2582, 1, '857872c1-b3a9-4089-bce8-b3ca0f5a701a', N'ReconciliationRequired', 3773, 115, 4, 0, 0, 0, 0, 0, 1, 1, 0, 0, -1, 0, 0, 0, -1, 0, 0, 0, 0, N'', N'', 0, 0, 0, 0, 0)
INSERT SCore.EntityProperties(ID, RowStatus, Guid, Name, LanguageLabelID, EntityHoBTID, EntityDataTypeID, IsReadOnly, IsImmutable, IsUppercase, IsHidden, IsCompulsory, MaxLength, Precision, Scale, DoNotTrackChanges, EntityPropertyGroupID, SortOrder, GroupSortOrder, IsObjectLabel, DropDownListDefinitionID, IsParentRelationship, IsLongitude, IsLatitude, IsIncludedInformation, FixedDefaultValue, SqlDefaultValueStatement, AllowBulkChange, IsVirtual, ShowOnMobile, IsAlwaysVisibleInGroup, IsAlwaysVisibleInGroup_Mobile) VALUES (2583, 1, '39cab0f1-fc6a-4705-823b-ddc608f3edef', N'SourceIntId', 3774, 115, 2, 0, 0, 0, 1, 0, 4, 10, 0, 0, -1, 0, 0, 0, -1, 0, 0, 0, 0, N'', N'', 0, 0, 0, 0, 0)
INSERT SCore.EntityProperties(ID, RowStatus, Guid, Name, LanguageLabelID, EntityHoBTID, EntityDataTypeID, IsReadOnly, IsImmutable, IsUppercase, IsHidden, IsCompulsory, MaxLength, Precision, Scale, DoNotTrackChanges, EntityPropertyGroupID, SortOrder, GroupSortOrder, IsObjectLabel, DropDownListDefinitionID, IsParentRelationship, IsLongitude, IsLatitude, IsIncludedInformation, FixedDefaultValue, SqlDefaultValueStatement, AllowBulkChange, IsVirtual, ShowOnMobile, IsAlwaysVisibleInGroup, IsAlwaysVisibleInGroup_Mobile) VALUES (2584, 1, 'b9c1ef0d-6f20-4a98-8e7b-0f9f97611eee', N'FinanceAccountGuid', 1268, 115, 6, 0, 0, 0, 1, 0, 0, 0, 0, 0, -1, 0, 0, 0, -1, 0, 0, 0, 0, N'', N'', 0, 0, 0, 0, 0)
GO
SET IDENTITY_INSERT SCore.EntityProperties OFF
GO

IF @@ERROR<>0 OR @@TRANCOUNT=0 BEGIN IF @@TRANCOUNT>0 ROLLBACK SET NOEXEC ON END

--
-- Reseed identity on SCore.EntityProperties
--
PRINT(N'Reseed identity on SCore.EntityProperties')
GO
DBCC CHECKIDENT('SCore.EntityProperties', RESEED, 2584)
GO

IF @@ERROR<>0 OR @@TRANCOUNT=0 BEGIN IF @@TRANCOUNT>0 ROLLBACK SET NOEXEC ON END

--
-- Updating data of table SCore.EntityQueries
--
PRINT(N'Updating data of table SCore.EntityQueries')
GO
UPDATE SCore.EntityQueries SET Statement = N'SELECT 
	root_hobt.AutomationRunGuid,
	root_hobt.BlockedReason,
	root_hobt.CreatedDateTimeUTC,
	root_hobt.ExpectedDate,
	root_hobt.Guid,
	root_hobt.ID,
	root_hobt.InvoiceBatchGuid,
	[58ABEA42-8199-4DC5-87A8-C71687406B76].Guid AS InvoicePaymentStatusID,
	root_hobt.InvoicingType,
	root_hobt.IsAutomated,
	root_hobt.IsZeroValuePlaceholder,
	[DDDABD42-C753-48FA-800F-A73C88FCADCD].Guid AS JobId,
	root_hobt.LegacyId,
	root_hobt.LegacySystemID,
	root_hobt.ManualStatus,
	root_hobt.Notes,
	root_hobt.ReconciliationReason,
	root_hobt.ReconciliationRequired,
	[8C1F4236-36A8-44ED-AF70-C43F56840943].Guid AS RequesterUserId,
	root_hobt.RowStatus,
	root_hobt.RowVersion,
	root_hobt.SourceGuid,
	root_hobt.SourceIntId,
	root_hobt.SourceType,
	[158D0B3F-378F-45C6-B8A6-1480EA1880B3].Guid As FinanceAccountGuid
FROM SFin.InvoiceRequests AS root_hobt 
JOIN SCore.Identities AS [8C1F4236-36A8-44ED-AF70-C43F56840943] ON ([8C1F4236-36A8-44ED-AF70-C43F56840943].ID = root_hobt.RequesterUserId) 
 JOIN SJob.Jobs AS [DDDABD42-C753-48FA-800F-A73C88FCADCD] ON ([DDDABD42-C753-48FA-800F-A73C88FCADCD].ID = root_hobt.JobId) 
 JOIN SCrm.Accounts AS [158D0B3F-378F-45C6-B8A6-1480EA1880B3] ON ([158D0B3F-378F-45C6-B8A6-1480EA1880B3].ID = [DDDABD42-C753-48FA-800F-A73C88FCADCD].FinanceAccountID) 
 JOIN SFin.InvoicePaymentStatus AS [58ABEA42-8199-4DC5-87A8-C71687406B76] ON ([58ABEA42-8199-4DC5-87A8-C71687406B76].ID = root_hobt.InvoicePaymentStatusID)

' WHERE ID = 258
UPDATE SCore.EntityQueries SET Statement = N'EXEC [SFin].[InvoiceRequestUpsert]  
	@JobGuid = @JobGuid, 
	@RequesterUserGuid = @RequesterUserGuid, 
	@Notes = @Notes, 
	@Guid = @Guid, 
	@InvoicingType = @InvoicingType, 
	@ExpectedDate = @ExpectedDate, 
	@ManualStatus = @ManualStatus, 
	@PaymentStatusGuid = @PaymentStatusGuid', IsManualStatement = 0 WHERE ID = 259
UPDATE SCore.EntityQueries SET SchemaName = N'SFin', ObjectName = N'InvoicePaymentStatus' WHERE ID = 357

--
-- Inserting data into table SCore.EntityQueries
--
PRINT(N'Inserting data into table SCore.EntityQueries')
GO
SET IDENTITY_INSERT SCore.EntityQueries ON
GO

IF @@ERROR<>0 OR @@TRANCOUNT=0 BEGIN IF @@TRANCOUNT>0 ROLLBACK SET NOEXEC ON END
INSERT SCore.EntityQueries(ID, RowStatus, Guid, Name, Statement, EntityTypeID, EntityHoBTID, IsDefaultCreate, IsDefaultRead, IsDefaultUpdate, IsDefaultDelete, IsScalarExecute, IsDefaultValidation, UsesProcessGuid, IsDefaultDataPills, IsProgressData, IsMergeDocumentQuery, SchemaName, ObjectName, IsManualStatement) VALUES (383, 1, '8072362b-7d43-4afa-a6b7-2c78dd963238', N'[SJob].[JobMemosDelete]', N'EXEC [SJob].[JobMemosDelete] @Guid = @Guid', 44, 42, 0, 0, 0, 1, 0, 0, 0, 0, 0, 0, N'', N'', 1)
GO
SET IDENTITY_INSERT SCore.EntityQueries OFF
GO

IF @@ERROR<>0 OR @@TRANCOUNT=0 BEGIN IF @@TRANCOUNT>0 ROLLBACK SET NOEXEC ON END

--
-- Updating data of table SCore.EntityQueryParameters
--
PRINT(N'Updating data of table SCore.EntityQueryParameters')
GO
UPDATE SCore.EntityQueryParameters SET MappedEntityPropertyID = 2584 WHERE ID = 1272

--
-- Inserting data into table SCore.EntityQueryParameters
--
PRINT(N'Inserting data into table SCore.EntityQueryParameters')
GO
SET IDENTITY_INSERT SCore.EntityQueryParameters ON
GO

IF @@ERROR<>0 OR @@TRANCOUNT=0 BEGIN IF @@TRANCOUNT>0 ROLLBACK SET NOEXEC ON END
INSERT SCore.EntityQueryParameters(ID, RowStatus, Guid, Name, EntityQueryID, EntityDataTypeID, MappedEntityPropertyID, DefaultValue, IsInput, IsOutput, IsReturnColumn) VALUES (1584, 1, 'f87e2160-29a4-4ccd-84de-95bc7fa3fcf8', N'@Guid', 383, 6, 564, N'', 1, 0, 0)
GO
SET IDENTITY_INSERT SCore.EntityQueryParameters OFF
GO

IF @@ERROR<>0 OR @@TRANCOUNT=0 BEGIN IF @@TRANCOUNT>0 ROLLBACK SET NOEXEC ON END

--
-- Inserting data into table SCore.LanguageLabels
--
PRINT(N'Inserting data into table SCore.LanguageLabels')
GO
SET IDENTITY_INSERT SCore.LanguageLabels ON
GO

IF @@ERROR<>0 OR @@TRANCOUNT=0 BEGIN IF @@TRANCOUNT>0 ROLLBACK SET NOEXEC ON END
INSERT SCore.LanguageLabels(ID, RowStatus, Guid, Name) VALUES (3763, 1, 'c8434721-8627-401e-9521-a2e098aa60c1', N'[SFin].[InvoiceRequests].[IsZeroValuePlaceholder]')
INSERT SCore.LanguageLabels(ID, RowStatus, Guid, Name) VALUES (3764, 1, 'd8c46dc3-9328-41a0-a68e-deee3df7f520', N'[SFin].[InvoiceRequests].[ReconciliationReason]')
INSERT SCore.LanguageLabels(ID, RowStatus, Guid, Name) VALUES (3765, 1, '5e062daa-0793-4efd-be27-b4d19de64aec', N'[SFin].[InvoiceRequests].[SourceType]')
INSERT SCore.LanguageLabels(ID, RowStatus, Guid, Name) VALUES (3766, 1, 'e9f8a75d-6b6d-47d5-b754-a1afb5fe330b', N'[SFin].[InvoiceRequests].[InvoiceBatchGuid]')
INSERT SCore.LanguageLabels(ID, RowStatus, Guid, Name) VALUES (3767, 1, 'e003f2da-f62e-4027-857a-1c0792fb9723', N'[SFin].[InvoiceRequests].[SourceGuid]')
INSERT SCore.LanguageLabels(ID, RowStatus, Guid, Name) VALUES (3768, 1, '520a81c6-c346-4e8c-8037-9ab1d12a422a', N'[SFin].[InvoiceRequests].[LegacySystemID]')
INSERT SCore.LanguageLabels(ID, RowStatus, Guid, Name) VALUES (3769, 1, 'c8c6bcb2-b773-4f16-aed3-aa558ccd8ba3', N'[SFin].[InvoiceRequests].[IsAutomated]')
INSERT SCore.LanguageLabels(ID, RowStatus, Guid, Name) VALUES (3770, 1, 'df9d8150-1c66-4b04-ae9c-11145e5b1ea2', N'[SFin].[InvoiceRequests].[LegacyId]')
INSERT SCore.LanguageLabels(ID, RowStatus, Guid, Name) VALUES (3771, 1, '39dd7d19-dc9f-4741-b430-40bbf5108f20', N'[SFin].[InvoiceRequests].[BlockedReason]')
INSERT SCore.LanguageLabels(ID, RowStatus, Guid, Name) VALUES (3772, 1, '06be6304-23a7-4461-b652-d34127d148d4', N'[SFin].[InvoiceRequests].[AutomationRunGuid]')
INSERT SCore.LanguageLabels(ID, RowStatus, Guid, Name) VALUES (3773, 1, '19d9f009-971b-4352-8b68-fe9ba2a6a191', N'[SFin].[InvoiceRequests].[ReconciliationRequired]')
INSERT SCore.LanguageLabels(ID, RowStatus, Guid, Name) VALUES (3774, 1, '0cbd9b90-3510-49da-b030-a31d4fe7559a', N'[SFin].[InvoiceRequests].[SourceIntId]')
GO
SET IDENTITY_INSERT SCore.LanguageLabels OFF
GO

IF @@ERROR<>0 OR @@TRANCOUNT=0 BEGIN IF @@TRANCOUNT>0 ROLLBACK SET NOEXEC ON END

--
-- Reseed identity on SCore.LanguageLabels
--
PRINT(N'Reseed identity on SCore.LanguageLabels')
GO
DBCC CHECKIDENT('SCore.LanguageLabels', RESEED, 3774)
GO

IF @@ERROR<>0 OR @@TRANCOUNT=0 BEGIN IF @@TRANCOUNT>0 ROLLBACK SET NOEXEC ON END

--
-- Updating data of table SCore.LanguageLabelTranslations
--
PRINT(N'Updating data of table SCore.LanguageLabelTranslations')
GO
UPDATE SCore.LanguageLabelTranslations SET Text = N'Quote Created Date', TextPlural = N'Quote Created Date' WHERE ID = 3153

--
-- Inserting data into table SCore.LanguageLabelTranslations
--
PRINT(N'Inserting data into table SCore.LanguageLabelTranslations')
GO
SET IDENTITY_INSERT SCore.LanguageLabelTranslations ON
GO

IF @@ERROR<>0 OR @@TRANCOUNT=0 BEGIN IF @@TRANCOUNT>0 ROLLBACK SET NOEXEC ON END
INSERT SCore.LanguageLabelTranslations(ID, RowStatus, Guid, Text, TextPlural, LanguageLabelID, LanguageID, HelpText) VALUES (3874, 1, '09995026-f688-48a8-8b84-74dd1f3a8dce', N'Is Zero Value Placeholder', N'', 3763, 1, N'')
INSERT SCore.LanguageLabelTranslations(ID, RowStatus, Guid, Text, TextPlural, LanguageLabelID, LanguageID, HelpText) VALUES (3875, 1, '7fb2ac95-21b7-41df-9117-b45e3d663ffd', N'Reconciliation Reason', N'', 3764, 1, N'')
INSERT SCore.LanguageLabelTranslations(ID, RowStatus, Guid, Text, TextPlural, LanguageLabelID, LanguageID, HelpText) VALUES (3876, 1, '69471fe6-d315-42d9-90e1-2a67ab4fcbd4', N'Source Type', N'', 3765, 1, N'')
INSERT SCore.LanguageLabelTranslations(ID, RowStatus, Guid, Text, TextPlural, LanguageLabelID, LanguageID, HelpText) VALUES (3877, 1, '4de204a8-523f-49ed-80fa-6dc0497f7431', N'Invoice Batch Guid', N'', 3766, 1, N'')
INSERT SCore.LanguageLabelTranslations(ID, RowStatus, Guid, Text, TextPlural, LanguageLabelID, LanguageID, HelpText) VALUES (3878, 1, 'f16ab592-e389-44fc-a4ce-24adb06e5c61', N'Source Guid', N'', 3767, 1, N'')
INSERT SCore.LanguageLabelTranslations(ID, RowStatus, Guid, Text, TextPlural, LanguageLabelID, LanguageID, HelpText) VALUES (3879, 1, '86a19099-6447-42f4-af4c-9859e04dde31', N'Legacy System I D', N'', 3768, 1, N'')
INSERT SCore.LanguageLabelTranslations(ID, RowStatus, Guid, Text, TextPlural, LanguageLabelID, LanguageID, HelpText) VALUES (3880, 1, '0414967f-5c42-44c9-ad24-7edf455a3e54', N'Is Automated', N'', 3769, 1, N'')
INSERT SCore.LanguageLabelTranslations(ID, RowStatus, Guid, Text, TextPlural, LanguageLabelID, LanguageID, HelpText) VALUES (3881, 1, '269bb099-a616-4b70-9a44-c7176c2b2ac8', N'Legacy Id', N'', 3770, 1, N'')
INSERT SCore.LanguageLabelTranslations(ID, RowStatus, Guid, Text, TextPlural, LanguageLabelID, LanguageID, HelpText) VALUES (3882, 1, '95b9233b-1f2f-4103-87fa-67850e808c3b', N'Blocked Reason', N'', 3771, 1, N'')
INSERT SCore.LanguageLabelTranslations(ID, RowStatus, Guid, Text, TextPlural, LanguageLabelID, LanguageID, HelpText) VALUES (3883, 1, '28c0f443-a07b-4743-a37e-74224db0c81b', N'Automation Run Guid', N'', 3772, 1, N'')
INSERT SCore.LanguageLabelTranslations(ID, RowStatus, Guid, Text, TextPlural, LanguageLabelID, LanguageID, HelpText) VALUES (3884, 1, '3e02dd7f-7a18-471b-bf66-043035d87a1f', N'Reconciliation Required', N'', 3773, 1, N'')
INSERT SCore.LanguageLabelTranslations(ID, RowStatus, Guid, Text, TextPlural, LanguageLabelID, LanguageID, HelpText) VALUES (3885, 1, 'e5229d83-5cc9-40fc-8521-265ac1d0ad58', N'Source Int Id', N'', 3774, 1, N'')
GO
SET IDENTITY_INSERT SCore.LanguageLabelTranslations OFF
GO

IF @@ERROR<>0 OR @@TRANCOUNT=0 BEGIN IF @@TRANCOUNT>0 ROLLBACK SET NOEXEC ON END

--
-- Reseed identity on SCore.LanguageLabelTranslations
--
PRINT(N'Reseed identity on SCore.LanguageLabelTranslations')
GO
DBCC CHECKIDENT('SCore.LanguageLabelTranslations', RESEED, 3885)
GO

IF @@ERROR<>0 OR @@TRANCOUNT=0 BEGIN IF @@TRANCOUNT>0 ROLLBACK SET NOEXEC ON END

--
-- Inserting data into table SCore.WorkflowStatus
--
PRINT(N'Inserting data into table SCore.WorkflowStatus')
GO
SET IDENTITY_INSERT SCore.WorkflowStatus ON
GO

IF @@ERROR<>0 OR @@TRANCOUNT=0 BEGIN IF @@TRANCOUNT>0 ROLLBACK SET NOEXEC ON END
INSERT SCore.WorkflowStatus(ID, RowStatus, Guid, OrganisationalUnitId, Name, Description, ShowInEnquiries, ShowInQuotes, ShowInJobs, Enabled, IsPredefined, SortOrder, Colour, Icon, SendNotification, IsCompleteStatus, IsCustomerWaitingStatus, RequiresUsersAction, IsActiveStatus, AuthorisationNeeded) VALUES (69, 1, '34ef363a-c8f7-4ba8-a2c6-067ebaef12fd', -1, N'Reopened', N'Status applied when a record has been reopened.', 1, 1, 1, 1, 1, 0, N'#000000', N'bi-gear', 0, 0, 0, 0, 1, 0)
GO
SET IDENTITY_INSERT SCore.WorkflowStatus OFF
GO

IF @@ERROR<>0 OR @@TRANCOUNT=0 BEGIN IF @@TRANCOUNT>0 ROLLBACK SET NOEXEC ON END

--
-- Reseed identity on SCore.WorkflowStatus
--
PRINT(N'Reseed identity on SCore.WorkflowStatus')
GO
DBCC CHECKIDENT('SCore.WorkflowStatus', RESEED, 69)
GO

IF @@ERROR<>0 OR @@TRANCOUNT=0 BEGIN IF @@TRANCOUNT>0 ROLLBACK SET NOEXEC ON END

--
-- Updating data of table SUserInterface.DropDownListDefinitions
--
PRINT(N'Updating data of table SUserInterface.DropDownListDefinitions')
GO
UPDATE SUserInterface.DropDownListDefinitions SET DefaultSortColumnName = N'ID' WHERE ID = 102

--
-- Creating constraints for [SCore].[EntityProperties]
--
PRINT(N'Creating constraints for [SCore].[EntityProperties]')
GO
ALTER TABLE SCore.EntityProperties WITH NOCHECK
  ADD CONSTRAINT FK_EntityProperties_DropDownListDefinitions FOREIGN KEY (DropDownListDefinitionID) REFERENCES SUserInterface.DropDownListDefinitions(ID) ON DELETE NO ACTION ON UPDATE NO ACTION
ALTER TABLE SCore.EntityProperties WITH NOCHECK
  ADD CONSTRAINT FK_EntityProperties_EntityDataTypes FOREIGN KEY (EntityDataTypeID) REFERENCES SCore.EntityDataTypes(ID) ON DELETE NO ACTION ON UPDATE NO ACTION
ALTER TABLE SCore.EntityProperties WITH NOCHECK
  ADD CONSTRAINT FK_EntityProperties_EntityHoBTs FOREIGN KEY (EntityHoBTID) REFERENCES SCore.EntityHobts(ID) ON DELETE CASCADE ON UPDATE NO ACTION
ALTER TABLE SCore.EntityProperties WITH NOCHECK
  ADD CONSTRAINT FK_EntityProperties_EntityPropertyGroupID FOREIGN KEY (EntityPropertyGroupID) REFERENCES SCore.EntityPropertyGroups(ID) ON DELETE NO ACTION ON UPDATE NO ACTION
ALTER TABLE SCore.EntityProperties WITH NOCHECK
  ADD CONSTRAINT FK_EntityProperties_LanguageLabels FOREIGN KEY (LanguageLabelID) REFERENCES SCore.LanguageLabels(ID) ON DELETE NO ACTION ON UPDATE NO ACTION
ALTER TABLE SCore.EntityProperties WITH NOCHECK
  ADD CONSTRAINT FK_EntityProperties_RowStatus FOREIGN KEY (RowStatus) REFERENCES SCore.RowStatus(ID) ON DELETE NO ACTION ON UPDATE NO ACTION
GO

IF @@ERROR<>0 OR @@TRANCOUNT=0 BEGIN IF @@TRANCOUNT>0 ROLLBACK SET NOEXEC ON END

--
-- Creating constraints for [SCore].[EntityQueries]
--
PRINT(N'Creating constraints for [SCore].[EntityQueries]')
GO
ALTER TABLE SCore.EntityQueries WITH NOCHECK
  ADD CONSTRAINT FK_EntityQueries_EntityHoBTs FOREIGN KEY (EntityHoBTID) REFERENCES SCore.EntityHobts(ID) ON DELETE NO ACTION ON UPDATE NO ACTION
ALTER TABLE SCore.EntityQueries WITH NOCHECK
  ADD CONSTRAINT FK_EntityQueries_EntityTypes FOREIGN KEY (EntityTypeID) REFERENCES SCore.EntityTypes(ID) ON DELETE CASCADE ON UPDATE NO ACTION
ALTER TABLE SCore.EntityQueries WITH NOCHECK
  ADD CONSTRAINT FK_EntityQueries_RowStatus FOREIGN KEY (RowStatus) REFERENCES SCore.RowStatus(ID) ON DELETE NO ACTION ON UPDATE NO ACTION
GO

IF @@ERROR<>0 OR @@TRANCOUNT=0 BEGIN IF @@TRANCOUNT>0 ROLLBACK SET NOEXEC ON END

--
-- Creating constraints for [SCore].[EntityQueryParameters]
--
PRINT(N'Creating constraints for [SCore].[EntityQueryParameters]')
GO
ALTER TABLE SCore.EntityQueryParameters WITH NOCHECK
  ADD CONSTRAINT FK_EntityQueryParameters_EntityDataTypes FOREIGN KEY (EntityDataTypeID) REFERENCES SCore.EntityDataTypes(ID) ON DELETE NO ACTION ON UPDATE NO ACTION
ALTER TABLE SCore.EntityQueryParameters WITH NOCHECK
  ADD CONSTRAINT FK_EntityQueryParameters_EntityProperties FOREIGN KEY (MappedEntityPropertyID) REFERENCES SCore.EntityProperties(ID) ON DELETE NO ACTION ON UPDATE NO ACTION
ALTER TABLE SCore.EntityQueryParameters WITH NOCHECK
  ADD CONSTRAINT FK_EntityQueryParameters_EntityQueries FOREIGN KEY (EntityQueryID) REFERENCES SCore.EntityQueries(ID) ON DELETE CASCADE ON UPDATE NO ACTION
ALTER TABLE SCore.EntityQueryParameters WITH NOCHECK
  ADD CONSTRAINT FK_EntityQueryParameters_RowStatus FOREIGN KEY (RowStatus) REFERENCES SCore.RowStatus(ID) ON DELETE NO ACTION ON UPDATE NO ACTION
GO

IF @@ERROR<>0 OR @@TRANCOUNT=0 BEGIN IF @@TRANCOUNT>0 ROLLBACK SET NOEXEC ON END

--
-- Creating constraints for [SCore].[LanguageLabels]
--
PRINT(N'Creating constraints for [SCore].[LanguageLabels]')
GO
ALTER TABLE SCore.LanguageLabels WITH NOCHECK
  ADD CONSTRAINT FK_LanguageLabels_RowStatus FOREIGN KEY (RowStatus) REFERENCES SCore.RowStatus(ID) ON DELETE NO ACTION ON UPDATE NO ACTION
GO

IF @@ERROR<>0 OR @@TRANCOUNT=0 BEGIN IF @@TRANCOUNT>0 ROLLBACK SET NOEXEC ON END

--
-- Creating constraints for [SCore].[LanguageLabelTranslations]
--
PRINT(N'Creating constraints for [SCore].[LanguageLabelTranslations]')
GO
ALTER TABLE SCore.LanguageLabelTranslations WITH NOCHECK
  ADD CONSTRAINT FK_LanguageLabelTranslations_LanguageLabels FOREIGN KEY (LanguageLabelID) REFERENCES SCore.LanguageLabels(ID) ON DELETE NO ACTION ON UPDATE NO ACTION
ALTER TABLE SCore.LanguageLabelTranslations WITH NOCHECK
  ADD CONSTRAINT FK_LanguageLabelTranslations_Languages FOREIGN KEY (LanguageID) REFERENCES SCore.Languages(ID) ON DELETE NO ACTION ON UPDATE NO ACTION
ALTER TABLE SCore.LanguageLabelTranslations WITH NOCHECK
  ADD CONSTRAINT FK_LanguageLabelTranslations_RowStatus FOREIGN KEY (RowStatus) REFERENCES SCore.RowStatus(ID) ON DELETE NO ACTION ON UPDATE NO ACTION
GO

IF @@ERROR<>0 OR @@TRANCOUNT=0 BEGIN IF @@TRANCOUNT>0 ROLLBACK SET NOEXEC ON END

--
-- Creating constraints for [SUserInterface].[DropDownListDefinitions]
--
PRINT(N'Creating constraints for [SUserInterface].[DropDownListDefinitions]')
GO
ALTER TABLE SUserInterface.DropDownListDefinitions WITH NOCHECK
  ADD CONSTRAINT FK_DropDownListDefinitions_EntityTypes FOREIGN KEY (EntityTypeId) REFERENCES SCore.EntityTypes(ID) ON DELETE NO ACTION ON UPDATE NO ACTION
ALTER TABLE SUserInterface.DropDownListDefinitions WITH NOCHECK
  ADD CONSTRAINT FK_DropDownListDefinitions_RowStatus FOREIGN KEY (RowStatus) REFERENCES SCore.RowStatus(ID) ON DELETE NO ACTION ON UPDATE NO ACTION
GO

IF @@ERROR<>0 OR @@TRANCOUNT=0 BEGIN IF @@TRANCOUNT>0 ROLLBACK SET NOEXEC ON END

--
-- Creating constraints for [SCore].[EntityPropertyActions]
--
PRINT(N'Creating constraints for [SCore].[EntityPropertyActions]')
GO
ALTER TABLE SCore.EntityPropertyActions WITH NOCHECK
  ADD CONSTRAINT FK_EntityPropertyActions_EntityProperties FOREIGN KEY (EntityPropertyID) REFERENCES SCore.EntityProperties(ID) ON DELETE NO ACTION ON UPDATE NO ACTION
GO

IF @@ERROR<>0 OR @@TRANCOUNT=0 BEGIN IF @@TRANCOUNT>0 ROLLBACK SET NOEXEC ON END

--
-- Creating constraints for [SCore].[EntityPropertyDependants]
--
PRINT(N'Creating constraints for [SCore].[EntityPropertyDependants]')
GO
ALTER TABLE SCore.EntityPropertyDependants WITH NOCHECK
  ADD CONSTRAINT FK_EntityPropertyDependants_EntityProperties FOREIGN KEY (ParentEntityPropertyID) REFERENCES SCore.EntityProperties(ID) ON DELETE NO ACTION ON UPDATE NO ACTION
GO

IF @@ERROR<>0 OR @@TRANCOUNT=0 BEGIN IF @@TRANCOUNT>0 ROLLBACK SET NOEXEC ON END

--
-- Creating constraints for [SCore].[MergeDocumentItemIncludes]
--
PRINT(N'Creating constraints for [SCore].[MergeDocumentItemIncludes]')
GO
ALTER TABLE SCore.MergeDocumentItemIncludes WITH NOCHECK
  ADD CONSTRAINT FK_MergeDocumentItemIncludes_EntityProperties FOREIGN KEY (SourceDocumentEntityPropertyId) REFERENCES SCore.EntityProperties(ID) ON DELETE NO ACTION ON UPDATE NO ACTION
GO

IF @@ERROR<>0 OR @@TRANCOUNT=0 BEGIN IF @@TRANCOUNT>0 ROLLBACK SET NOEXEC ON END

--
-- Creating constraints for [SCore].[RecordHistory]
--
PRINT(N'Creating constraints for [SCore].[RecordHistory]')
GO
ALTER TABLE SCore.RecordHistory WITH NOCHECK
  ADD CONSTRAINT FK_RecordHistory_EntityPropertyID FOREIGN KEY (EntityPropertyID) REFERENCES SCore.EntityProperties(ID) ON DELETE CASCADE ON UPDATE NO ACTION
GO

IF @@ERROR<>0 OR @@TRANCOUNT=0 BEGIN IF @@TRANCOUNT>0 ROLLBACK SET NOEXEC ON END

--
-- Creating constraints for [SCore].[SynchronisationErrors]
--
PRINT(N'Creating constraints for [SCore].[SynchronisationErrors]')
GO
ALTER TABLE SCore.SynchronisationErrors WITH NOCHECK
  ADD CONSTRAINT FK_SychronisationErrors_EntityPropertyID FOREIGN KEY (EntityPropertyID) REFERENCES SCore.EntityProperties(ID) ON DELETE CASCADE ON UPDATE NO ACTION
GO

IF @@ERROR<>0 OR @@TRANCOUNT=0 BEGIN IF @@TRANCOUNT>0 ROLLBACK SET NOEXEC ON END

--
-- Creating constraints for [SUserInterface].[ActionMenuItems]
--
PRINT(N'Creating constraints for [SUserInterface].[ActionMenuItems]')
GO
ALTER TABLE SUserInterface.ActionMenuItems WITH NOCHECK
  ADD CONSTRAINT FK_ActionMenuItems_EntityQueries FOREIGN KEY (EntityQueryId) REFERENCES SCore.EntityQueries(ID) ON DELETE NO ACTION ON UPDATE NO ACTION
GO

IF @@ERROR<>0 OR @@TRANCOUNT=0 BEGIN IF @@TRANCOUNT>0 ROLLBACK SET NOEXEC ON END

--
-- Creating constraints for [SUserInterface].[GridViewActions]
--
PRINT(N'Creating constraints for [SUserInterface].[GridViewActions]')
GO
ALTER TABLE SUserInterface.GridViewActions WITH NOCHECK
  ADD CONSTRAINT FK_GridViewActions_EntityQueries FOREIGN KEY (EntityQueryId) REFERENCES SCore.EntityQueries(ID) ON DELETE NO ACTION ON UPDATE NO ACTION
GO

IF @@ERROR<>0 OR @@TRANCOUNT=0 BEGIN IF @@TRANCOUNT>0 ROLLBACK SET NOEXEC ON END

--
-- Creating constraints for [SUserInterface].[GridViewWidgetQueries]
--
PRINT(N'Creating constraints for [SUserInterface].[GridViewWidgetQueries]')
GO
ALTER TABLE SUserInterface.GridViewWidgetQueries WITH NOCHECK
  ADD CONSTRAINT FK_GridViewWidgetQueries_EntityQueries FOREIGN KEY (EntityQueryId) REFERENCES SCore.EntityQueries(ID) ON DELETE NO ACTION ON UPDATE NO ACTION
GO

IF @@ERROR<>0 OR @@TRANCOUNT=0 BEGIN IF @@TRANCOUNT>0 ROLLBACK SET NOEXEC ON END

--
-- Creating constraints for [SCore].[EntityPropertyGroups]
--
PRINT(N'Creating constraints for [SCore].[EntityPropertyGroups]')
GO
ALTER TABLE SCore.EntityPropertyGroups WITH NOCHECK
  ADD CONSTRAINT FK_EntityPropertyGroups_LanguageLabels FOREIGN KEY (LanguageLabelID) REFERENCES SCore.LanguageLabels(ID) ON DELETE NO ACTION ON UPDATE NO ACTION
GO

IF @@ERROR<>0 OR @@TRANCOUNT=0 BEGIN IF @@TRANCOUNT>0 ROLLBACK SET NOEXEC ON END

--
-- Creating constraints for [SCore].[EntityTypes]
--
PRINT(N'Creating constraints for [SCore].[EntityTypes]')
GO
ALTER TABLE SCore.EntityTypes WITH NOCHECK
  ADD CONSTRAINT FK_EntityTypes_LanguageLabels FOREIGN KEY (LanguageLabelID) REFERENCES SCore.LanguageLabels(ID) ON DELETE NO ACTION ON UPDATE NO ACTION
GO

IF @@ERROR<>0 OR @@TRANCOUNT=0 BEGIN IF @@TRANCOUNT>0 ROLLBACK SET NOEXEC ON END

--
-- Creating constraints for [SUserInterface].[GridDefinitions]
--
PRINT(N'Creating constraints for [SUserInterface].[GridDefinitions]')
GO
ALTER TABLE SUserInterface.GridDefinitions WITH NOCHECK
  ADD CONSTRAINT FK_GridDefinitions_LanguageLabelId FOREIGN KEY (LanguageLabelId) REFERENCES SCore.LanguageLabels(ID) ON DELETE NO ACTION ON UPDATE NO ACTION
GO

IF @@ERROR<>0 OR @@TRANCOUNT=0 BEGIN IF @@TRANCOUNT>0 ROLLBACK SET NOEXEC ON END

--
-- Creating constraints for [SUserInterface].[GridViewColumnDefinitions]
--
PRINT(N'Creating constraints for [SUserInterface].[GridViewColumnDefinitions]')
GO
ALTER TABLE SUserInterface.GridViewColumnDefinitions WITH NOCHECK
  ADD CONSTRAINT FK_GridViewColumnDefinitions_LanguageLabelId FOREIGN KEY (LanguageLabelId) REFERENCES SCore.LanguageLabels(ID) ON DELETE NO ACTION ON UPDATE NO ACTION
GO

IF @@ERROR<>0 OR @@TRANCOUNT=0 BEGIN IF @@TRANCOUNT>0 ROLLBACK SET NOEXEC ON END

--
-- Creating constraints for [SUserInterface].[GridViewDefinitions]
--
PRINT(N'Creating constraints for [SUserInterface].[GridViewDefinitions]')
GO
ALTER TABLE SUserInterface.GridViewDefinitions WITH NOCHECK
  ADD CONSTRAINT FK_GridViewDefinitions_LanguageLabelId FOREIGN KEY (LanguageLabelId) REFERENCES SCore.LanguageLabels(ID) ON DELETE NO ACTION ON UPDATE NO ACTION
GO

IF @@ERROR<>0 OR @@TRANCOUNT=0 BEGIN IF @@TRANCOUNT>0 ROLLBACK SET NOEXEC ON END

--
-- Creating constraints for [SUserInterface].[MainMenuItems]
--
PRINT(N'Creating constraints for [SUserInterface].[MainMenuItems]')
GO
ALTER TABLE SUserInterface.MainMenuItems WITH NOCHECK
  ADD CONSTRAINT FK_MainMenuItems_LanguageLabelId FOREIGN KEY (LanguageLabelId) REFERENCES SCore.LanguageLabels(ID) ON DELETE NO ACTION ON UPDATE NO ACTION
GO

IF @@ERROR<>0 OR @@TRANCOUNT=0 BEGIN IF @@TRANCOUNT>0 ROLLBACK SET NOEXEC ON END

--
-- Creating constraints for [SCore].[DataObjectTransition]
--
PRINT(N'Creating constraints for [SCore].[DataObjectTransition]')
GO
ALTER TABLE SCore.DataObjectTransition WITH NOCHECK
  ADD CONSTRAINT FK_DataObjectTransition_OldStatus FOREIGN KEY (OldStatusID) REFERENCES SCore.WorkflowStatus(ID) ON DELETE NO ACTION ON UPDATE NO ACTION
GO

IF @@ERROR<>0 OR @@TRANCOUNT=0 BEGIN IF @@TRANCOUNT>0 ROLLBACK SET NOEXEC ON END

--
-- Creating constraints for [SCore].[WorkflowTransition]
--
PRINT(N'Creating constraints for [SCore].[WorkflowTransition]')
GO
ALTER TABLE SCore.WorkflowTransition WITH NOCHECK
  ADD CONSTRAINT FK_WorkflowTransition_FromStatus FOREIGN KEY (FromStatusID) REFERENCES SCore.WorkflowStatus(ID) ON DELETE NO ACTION ON UPDATE NO ACTION
GO

IF @@ERROR<>0 OR @@TRANCOUNT=0 BEGIN IF @@TRANCOUNT>0 ROLLBACK SET NOEXEC ON END

--
-- Enabling DML triggers for [SCore].[EntityProperties]
--
PRINT(N'Enabling DML triggers for [SCore].[EntityProperties]')
GO
ENABLE TRIGGER ALL ON SCore.EntityProperties
GO

IF @@ERROR<>0 OR @@TRANCOUNT=0 BEGIN IF @@TRANCOUNT>0 ROLLBACK SET NOEXEC ON END

--
-- Enabling DML triggers for [SCore].[EntityQueries]
--
PRINT(N'Enabling DML triggers for [SCore].[EntityQueries]')
GO
ENABLE TRIGGER ALL ON SCore.EntityQueries
GO

IF @@ERROR<>0 OR @@TRANCOUNT=0 BEGIN IF @@TRANCOUNT>0 ROLLBACK SET NOEXEC ON END

--
-- Enabling DML triggers for [SCore].[EntityQueryParameters]
--
PRINT(N'Enabling DML triggers for [SCore].[EntityQueryParameters]')
GO
ENABLE TRIGGER ALL ON SCore.EntityQueryParameters
GO

IF @@ERROR<>0 OR @@TRANCOUNT=0 BEGIN IF @@TRANCOUNT>0 ROLLBACK SET NOEXEC ON END

--
-- Enabling DML triggers for [SCore].[LanguageLabels]
--
PRINT(N'Enabling DML triggers for [SCore].[LanguageLabels]')
GO
ENABLE TRIGGER ALL ON SCore.LanguageLabels
GO

IF @@ERROR<>0 OR @@TRANCOUNT=0 BEGIN IF @@TRANCOUNT>0 ROLLBACK SET NOEXEC ON END

--
-- Enabling DML triggers for [SCore].[LanguageLabelTranslations]
--
PRINT(N'Enabling DML triggers for [SCore].[LanguageLabelTranslations]')
GO
ENABLE TRIGGER ALL ON SCore.LanguageLabelTranslations
GO

IF @@ERROR<>0 OR @@TRANCOUNT=0 BEGIN IF @@TRANCOUNT>0 ROLLBACK SET NOEXEC ON END

--
-- Enabling DML triggers for [SCore].[WorkflowStatus]
--
PRINT(N'Enabling DML triggers for [SCore].[WorkflowStatus]')
GO
ENABLE TRIGGER ALL ON SCore.WorkflowStatus
GO

IF @@ERROR<>0 OR @@TRANCOUNT=0 BEGIN IF @@TRANCOUNT>0 ROLLBACK SET NOEXEC ON END

--
-- Enabling DML triggers for [SUserInterface].[DropDownListDefinitions]
--
PRINT(N'Enabling DML triggers for [SUserInterface].[DropDownListDefinitions]')
GO
ENABLE TRIGGER ALL ON SUserInterface.DropDownListDefinitions
GO

IF @@ERROR<>0 OR @@TRANCOUNT=0 BEGIN IF @@TRANCOUNT>0 ROLLBACK SET NOEXEC ON END


--
-- Commit Transaction
--
PRINT(N'Commit Transaction')
GO
IF @@TRANCOUNT>0 COMMIT TRANSACTION
SET NOEXEC OFF
GO

Exec score.postDeploymentScript