--
-- Script was generated by Devart dbForge Data Compare for SQL Server, Version 5.5.3.0
-- Product Home Page: http://www.devart.com/dbforge/sql/datacompare
-- Script date 23/03/2026 14:48:04
-- Source server version: 16.00.1000
-- Source connection string: Data Source=SOC-SQLDEVBRE01\GENERAL;Initial Catalog=CymBuild_Dev;Integrated Security=True;User ID=ESGL\stephen.brett
-- Target server version: 16.00.1000
-- Target connection string: Data Source=SOC-SQLDEVBRE01\GENERAL;Initial Catalog=CymBuild_Dev;Integrated Security=True;User ID=ESGL\stephen.brett
-- Run this script against Cymbuild_QA to synchronize it with CymBuild_Dev
-- Please backup your target database before running this script
--



SET LANGUAGE 'British English'
SET DATEFORMAT ymd
SET ARITHABORT, ANSI_PADDING, ANSI_WARNINGS, CONCAT_NULL_YIELDS_NULL, QUOTED_IDENTIFIER, ANSI_NULLS, NOCOUNT, XACT_ABORT ON
SET NUMERIC_ROUNDABORT, IMPLICIT_TRANSACTIONS OFF
GO


--
-- Start Transaction
--
PRINT(N'Start Transaction')
GO
BEGIN TRANSACTION

--
-- Disabling DML triggers for [SCore].[EntityQueries]
--
PRINT(N'Disabling DML triggers for [SCore].[EntityQueries]')
GO
DISABLE TRIGGER ALL ON SCore.EntityQueries
GO

IF @@ERROR<>0 OR @@TRANCOUNT=0 BEGIN IF @@TRANCOUNT>0 ROLLBACK SET NOEXEC ON END

--
-- Disabling DML triggers for [SCore].[LanguageLabels]
--
PRINT(N'Disabling DML triggers for [SCore].[LanguageLabels]')
GO
DISABLE TRIGGER ALL ON SCore.LanguageLabels
GO

IF @@ERROR<>0 OR @@TRANCOUNT=0 BEGIN IF @@TRANCOUNT>0 ROLLBACK SET NOEXEC ON END

--
-- Disabling DML triggers for [SCore].[LanguageLabelTranslations]
--
PRINT(N'Disabling DML triggers for [SCore].[LanguageLabelTranslations]')
GO
DISABLE TRIGGER ALL ON SCore.LanguageLabelTranslations
GO

IF @@ERROR<>0 OR @@TRANCOUNT=0 BEGIN IF @@TRANCOUNT>0 ROLLBACK SET NOEXEC ON END

--
-- Disabling DML triggers for [SUserInterface].[DropDownListDefinitions]
--
PRINT(N'Disabling DML triggers for [SUserInterface].[DropDownListDefinitions]')
GO
DISABLE TRIGGER ALL ON SUserInterface.DropDownListDefinitions
GO

IF @@ERROR<>0 OR @@TRANCOUNT=0 BEGIN IF @@TRANCOUNT>0 ROLLBACK SET NOEXEC ON END

--
-- Dropping constraints from [SCore].[EntityQueries]
--
PRINT(N'Dropping constraints from [SCore].[EntityQueries]')
GO
ALTER TABLE SCore.EntityQueries
  DROP CONSTRAINT IF EXISTS FK_EntityQueries_EntityHoBTs
ALTER TABLE SCore.EntityQueries
  DROP CONSTRAINT IF EXISTS FK_EntityQueries_EntityTypes
ALTER TABLE SCore.EntityQueries
  DROP CONSTRAINT IF EXISTS FK_EntityQueries_RowStatus
GO

IF @@ERROR<>0 OR @@TRANCOUNT=0 BEGIN IF @@TRANCOUNT>0 ROLLBACK SET NOEXEC ON END

--
-- Dropping constraints from [SCore].[LanguageLabels]
--
PRINT(N'Dropping constraints from [SCore].[LanguageLabels]')
GO
ALTER TABLE SCore.LanguageLabels
  DROP CONSTRAINT IF EXISTS FK_LanguageLabels_RowStatus
GO

IF @@ERROR<>0 OR @@TRANCOUNT=0 BEGIN IF @@TRANCOUNT>0 ROLLBACK SET NOEXEC ON END

--
-- Dropping constraints from [SCore].[LanguageLabelTranslations]
--
PRINT(N'Dropping constraints from [SCore].[LanguageLabelTranslations]')
GO
ALTER TABLE SCore.LanguageLabelTranslations
  DROP CONSTRAINT IF EXISTS FK_LanguageLabelTranslations_LanguageLabels
ALTER TABLE SCore.LanguageLabelTranslations
  DROP CONSTRAINT IF EXISTS FK_LanguageLabelTranslations_Languages
ALTER TABLE SCore.LanguageLabelTranslations
  DROP CONSTRAINT IF EXISTS FK_LanguageLabelTranslations_RowStatus
GO

IF @@ERROR<>0 OR @@TRANCOUNT=0 BEGIN IF @@TRANCOUNT>0 ROLLBACK SET NOEXEC ON END

--
-- Dropping constraints from [SUserInterface].[DropDownListDefinitions]
--
PRINT(N'Dropping constraints from [SUserInterface].[DropDownListDefinitions]')
GO
ALTER TABLE SUserInterface.DropDownListDefinitions
  DROP CONSTRAINT IF EXISTS FK_DropDownListDefinitions_EntityTypes
ALTER TABLE SUserInterface.DropDownListDefinitions
  DROP CONSTRAINT IF EXISTS FK_DropDownListDefinitions_RowStatus
GO

IF @@ERROR<>0 OR @@TRANCOUNT=0 BEGIN IF @@TRANCOUNT>0 ROLLBACK SET NOEXEC ON END

--
-- Dropping constraints from [SUserInterface].[GridViewColumnDefinitions]
--
PRINT(N'Dropping constraints from [SUserInterface].[GridViewColumnDefinitions]')
GO
ALTER TABLE SUserInterface.GridViewColumnDefinitions
  DROP CONSTRAINT IF EXISTS FK_GridViewColumnDefinition_GridViewDefinition
ALTER TABLE SUserInterface.GridViewColumnDefinitions
  DROP CONSTRAINT IF EXISTS FK_GridViewColumnDefinitions_LanguageLabelId
ALTER TABLE SUserInterface.GridViewColumnDefinitions
  DROP CONSTRAINT IF EXISTS FK_GridViewColumnDefinitions_RowStatus
GO

IF @@ERROR<>0 OR @@TRANCOUNT=0 BEGIN IF @@TRANCOUNT>0 ROLLBACK SET NOEXEC ON END

--
-- Dropping constraints from [SUserInterface].[GridViewDefinitions]
--
PRINT(N'Dropping constraints from [SUserInterface].[GridViewDefinitions]')
GO
ALTER TABLE SUserInterface.GridViewDefinitions
  DROP CONSTRAINT IF EXISTS FK_GridViewDefinition_GridDefinition
ALTER TABLE SUserInterface.GridViewDefinitions
  DROP CONSTRAINT IF EXISTS FK_GridViewDefinitions_DrawerIconId
ALTER TABLE SUserInterface.GridViewDefinitions
  DROP CONSTRAINT IF EXISTS FK_GridViewDefinitions_EntityTypes
ALTER TABLE SUserInterface.GridViewDefinitions
  DROP CONSTRAINT IF EXISTS FK_GridViewDefinitions_LanguageLabelId
ALTER TABLE SUserInterface.GridViewDefinitions
  DROP CONSTRAINT IF EXISTS FK_GridViewDefinitions_MetricTypes
ALTER TABLE SUserInterface.GridViewDefinitions
  DROP CONSTRAINT IF EXISTS FK_GridViewDefinitions_RowStatus
GO

IF @@ERROR<>0 OR @@TRANCOUNT=0 BEGIN IF @@TRANCOUNT>0 ROLLBACK SET NOEXEC ON END

--
-- Dropping constraints from [SCore].[EntityQueryParameters]
--
PRINT(N'Dropping constraints from [SCore].[EntityQueryParameters]')
GO
ALTER TABLE SCore.EntityQueryParameters
  DROP CONSTRAINT IF EXISTS FK_EntityQueryParameters_EntityQueries
GO

IF @@ERROR<>0 OR @@TRANCOUNT=0 BEGIN IF @@TRANCOUNT>0 ROLLBACK SET NOEXEC ON END

--
-- Dropping constraints from [SUserInterface].[ActionMenuItems]
--
PRINT(N'Dropping constraints from [SUserInterface].[ActionMenuItems]')
GO
ALTER TABLE SUserInterface.ActionMenuItems
  DROP CONSTRAINT IF EXISTS FK_ActionMenuItems_EntityQueries
GO

IF @@ERROR<>0 OR @@TRANCOUNT=0 BEGIN IF @@TRANCOUNT>0 ROLLBACK SET NOEXEC ON END

--
-- Dropping constraints from [SUserInterface].[GridViewActions]
--
PRINT(N'Dropping constraints from [SUserInterface].[GridViewActions]')
GO
ALTER TABLE SUserInterface.GridViewActions
  DROP CONSTRAINT IF EXISTS FK_GridViewActions_EntityQueries
GO

IF @@ERROR<>0 OR @@TRANCOUNT=0 BEGIN IF @@TRANCOUNT>0 ROLLBACK SET NOEXEC ON END

--
-- Dropping constraints from [SUserInterface].[GridViewWidgetQueries]
--
PRINT(N'Dropping constraints from [SUserInterface].[GridViewWidgetQueries]')
GO
ALTER TABLE SUserInterface.GridViewWidgetQueries
  DROP CONSTRAINT IF EXISTS FK_GridViewWidgetQueries_EntityQueries
GO

IF @@ERROR<>0 OR @@TRANCOUNT=0 BEGIN IF @@TRANCOUNT>0 ROLLBACK SET NOEXEC ON END

--
-- Dropping constraints from [SCore].[EntityProperties]
--
PRINT(N'Dropping constraints from [SCore].[EntityProperties]')
GO
ALTER TABLE SCore.EntityProperties
  DROP CONSTRAINT IF EXISTS FK_EntityProperties_LanguageLabels
GO

IF @@ERROR<>0 OR @@TRANCOUNT=0 BEGIN IF @@TRANCOUNT>0 ROLLBACK SET NOEXEC ON END

--
-- Dropping constraints from [SCore].[EntityPropertyGroups]
--
PRINT(N'Dropping constraints from [SCore].[EntityPropertyGroups]')
GO
ALTER TABLE SCore.EntityPropertyGroups
  DROP CONSTRAINT IF EXISTS FK_EntityPropertyGroups_LanguageLabels
GO

IF @@ERROR<>0 OR @@TRANCOUNT=0 BEGIN IF @@TRANCOUNT>0 ROLLBACK SET NOEXEC ON END

--
-- Dropping constraints from [SCore].[EntityTypes]
--
PRINT(N'Dropping constraints from [SCore].[EntityTypes]')
GO
ALTER TABLE SCore.EntityTypes
  DROP CONSTRAINT IF EXISTS FK_EntityTypes_LanguageLabels
GO

IF @@ERROR<>0 OR @@TRANCOUNT=0 BEGIN IF @@TRANCOUNT>0 ROLLBACK SET NOEXEC ON END

--
-- Dropping constraints from [SUserInterface].[GridDefinitions]
--
PRINT(N'Dropping constraints from [SUserInterface].[GridDefinitions]')
GO
ALTER TABLE SUserInterface.GridDefinitions
  DROP CONSTRAINT IF EXISTS FK_GridDefinitions_LanguageLabelId
GO

IF @@ERROR<>0 OR @@TRANCOUNT=0 BEGIN IF @@TRANCOUNT>0 ROLLBACK SET NOEXEC ON END

--
-- Dropping constraints from [SUserInterface].[MainMenuItems]
--
PRINT(N'Dropping constraints from [SUserInterface].[MainMenuItems]')
GO
ALTER TABLE SUserInterface.MainMenuItems
  DROP CONSTRAINT IF EXISTS FK_MainMenuItems_LanguageLabelId
GO

IF @@ERROR<>0 OR @@TRANCOUNT=0 BEGIN IF @@TRANCOUNT>0 ROLLBACK SET NOEXEC ON END

--
-- Updating data of table SCore.EntityQueries
--
PRINT(N'Updating data of table SCore.EntityQueries')
GO
UPDATE SCore.EntityQueries SET Statement = N'SELECT
        root_hobt.ID,
        root_hobt.RowStatus,
        root_hobt.RowVersion,
        root_hobt.Guid,
        root_hobt.AgreedFee,
        root_hobt.RibaStage1Fee,
        root_hobt.RibaStage2Fee,
        root_hobt.RibaStage3Fee,
        root_hobt.RibaStage4Fee,
        root_hobt.RibaStage5Fee,
        root_hobt.RibaStage6Fee,
        root_hobt.RibaStage7Fee,
        root_hobt.PreConstructionStageFee,
        root_hobt.ConstructionStageFee,
        root_hobt.ArchiveBoxReference,
        root_hobt.ArchiveReferenceLink,
        root_hobt.CreatedOn,
        root_hobt.ExternalReference,
        root_hobt.IsSubjectToNDA,
        root_hobt.JobCancelled,
        root_hobt.JobCompleted,
        root_hobt.JobDescription,
        root_hobt.JobStarted,
		root_hobt.DeadDate,
        root_hobt.Number,
        root_hobt.VersionID,
        root_hobt.IsCompleteForReview,
        root_hobt.ReviewedDateTimeUTC,
        root_hobt.LegacyID,
        root_hobt.AppFormReceived,
        root_hobt.FeeCap,
        root_hobt.JobDormant,
        root_hobt.CurrentRibaStageId,
        root_hobt.JobTypeID,
        root_hobt.SurveyorID,
        root_hobt.CreatedByUserID,
        root_hobt.ClientAccountID,
        root_hobt.ClientAddressID,
        root_hobt.ClientContactID,
        root_hobt.AgentAccountID,
        root_hobt.AgentAddressID,
        root_hobt.AgentContactID,
        root_hobt.FinanceAccountID,
        root_hobt.FinanceAddressID,
        root_hobt.FinanceContactID,
        root_hobt.OrganisationalUnitID,
        root_hobt.QuoteItemID,
        root_hobt.UprnID,
        root_hobt.ValueOfWorkID,
        root_hobt.ReviewedByUserID,
        root_hobt.ContractID,
        root_hobt.PurchaseOrderNumber,
        root_hobt.ProjectId,
        root_hobt.ValueOfWork,
        root_hobt.ClientAppointmentReceived,
	root_hobt.AppointedFromStageId,
        root_hobt.BillingInstruction,
        root_hobt.CannotBeInvoiced,
	root_hobt.CannotBeInvoicedReason,
        root_hobt.AgentContractID,
        root_hobt.CompletedForReviewDate,
        root_hobt.SectorId,
        root_hobt.MarketId,
        root_hobt.ManualInvoicingEnabled,
        root_hobt.InvoiceProcessingMode
FROM
        SJob.Jobs_Read AS root_hobt' WHERE ID = 30
UPDATE SCore.EntityQueries SET Statement = N'SELECT	root_hobt.ID,
		root_hobt.RowStatus,
		root_hobt.RowVersion,
		root_hobt.Guid,
		tt.Guid	 AS TransactionTypeID,
		a.Guid	 AS AccountID,
		j.Guid	 AS JobID,
		root_hobt.Number,
		root_hobt.SageTransactionReference,
		root_hobt.Date,
		root_hobt.PurchaseOrderNumber,
		root_hobt.LegacyId,
		root_hobt.CreatedDateTimeUTC,
		root_hobt.Batched,
		ou.Guid AS OrganisationalUnitID,
		cu.Guid AS CreatedByUserID,
		i.Guid AS SurveyorUserID,
		ct.Guid AS CreditTermsId
FROM	SFin.Transactions	  AS root_hobt
JOIN	SFin.TransactionTypes AS tt ON (tt.ID = root_hobt.TransactionTypeID)
JOIN	SCrm.Accounts		  AS a ON (a.ID	  = root_hobt.AccountID)
JOIN	SJob.Jobs			  AS j ON (j.ID	  = root_hobt.JobID)
JOIN	SCore.OrganisationalUnits AS ou ON (ou.ID = root_hobt.OrganisationalUnitID)
JOIN	SCore.Identities cu ON (cu.ID = root_hobt.CreatedByUserID)
JOIN	SCore.Identities i ON (i.ID = root_hobt.SurveyorUserID)
JOIN	SFin.CreditTerms ct ON (ct.ID = root_hobt.CreditTermsId)' WHERE ID = 96
UPDATE SCore.EntityQueries SET Statement = N'EXEC SFin.TransactionsUpsert @AccountGuid = @AccountGuid,
							 @JobGuid = @JobGuid,
							 @TransactionTypeGuid = @TransactionTypeGuid,
							 @Date = @Date,
							 @PurchaseOrderNumber = @PurchaseOrderNumber,
							 @SageTransactionReference = @SageTransactionReference,
							 @OrganisationalUnitGuid = @OrganisationalUnitGuid,
							 @CreatedByUserGuid = @CreatedByUserGuid,
							 @SurveyorGuid = @SurveyorGuid,
							 @CreditTermsGuid = @CreditTermsGuid,
							 @Guid = @Guid,
                                                         @Batched = @Batched' WHERE ID = 98
UPDATE SCore.EntityQueries SET Statement = N'SELECT
		root_hobt.ID,
		root_hobt.RowStatus,
		root_hobt.RowVersion,
		root_hobt.Guid,
		t.Guid AS TransactionID,
		m.Guid AS MilestoneID,
		a.Guid AS ActivityID,
		riba.Guid AS RIBAStageId,
		jps.Guid AS JobPaymentStageId,
		root_hobt.Net,
		root_hobt.Vat,
		root_hobt.Gross,
		root_hobt.VatRate,
		root_hobt.Description,
		root_hobt.LegacyId
		
FROM
		SFin.TransactionDetails root_hobt
JOIN
		SFin.Transactions t ON (t.ID = root_hobt.TransactionID)
JOIN
		SJob.Milestones m ON (m.ID = root_hobt.MilestoneID)
JOIN
		SJob.Activities a ON (a.ID = root_hobt.ActivityID)
JOIN	
		SJob.JobPaymentStages jps ON jps.ID = root_hobt.JobPaymentStageId
JOIN
		SJob.RibaStages riba ON (riba.ID = root_hobt.RIBAStageId)' WHERE ID = 188
UPDATE SCore.EntityQueries SET Statement = N'EXEC [SFin].[TransactionDetailsUpsert]  
	@TransactionGuid = @TransactionGuid, 
	@MilestoneGuid = @MilestoneGuid, 
	@ActivityGuid = @ActivityGuid, 
	@Net = @Net, 
	@Vat = @Vat, 
	@Gross = @Gross, 
	@VatRate = @VatRate, 
	@Description = @Description, 
	@JobPaymentStageGuid = @JobPaymentStageGuid, 
	@Guid = @Guid, 
	@RIBAStageGuid = @RIBAStageGuid' WHERE ID = 189
UPDATE SCore.EntityQueries SET Statement = N'SELECT	
		root_hobt.ID,
		root_hobt.RowStatus,
		root_hobt.RowVersion,
		root_hobt.Guid,
		j.Guid AS JobID,
		i.Guid AS CreatedByUserID,
		root_hobt.CreatedDateTime,
		root_hobt.RibaStage0Change,
		root_hobt.RibaStage1Change,
		root_hobt.RibaStage2Change,
		root_hobt.RibaStage3Change,
		root_hobt.RibaStage4Change,
		root_hobt.RibaStage5Change,
		root_hobt.RibaStage6Change,
		root_hobt.RibaStage7Change,
		root_hobt.Reason,
		-- VISIT CHANGES
        root_hobt.RibaStage0VisitChange,
        root_hobt.RibaStage1VisitChange,
		root_hobt.RibaStage2VisitChange,
		root_hobt.RibaStage3VisitChange,
		root_hobt.RibaStage4VisitChange,
		root_hobt.RibaStage5VisitChange,
		root_hobt.RibaStage6VisitChange,
		root_hobt.RibaStage7VisitChange,
		--MEETING CHANGES
        root_hobt.RibaStage0MeetingChange,
        root_hobt.RibaStage1MeetingChange,
		root_hobt.RibaStage2MeetingChange,
		root_hobt.RibaStage3MeetingChange,
		root_hobt.RibaStage4MeetingChange,
		root_hobt.RibaStage5MeetingChange,
		root_hobt.RibaStage6MeetingChange,
		root_hobt.RibaStage7MeetingChange,
		root_hobt.PreConstructionStageChange,
		root_hobt.ConstructionStageChange,
		-- PRE + CONSTRUCTION CHANGES
		root_hobt.PreConstructionStageMeetingChange,
		root_hobt.PreConstructionStageVisitChange,
		root_hobt.ConstructionStageMeetingChange,
		root_hobt.ConstructionStageVisitChange,
		root_hobt.FeeCapChange
FROM	SJob.FeeAmendment root_hobt
JOIN	SJob.Jobs j ON (j.ID = root_hobt.JobID)
JOIN	SCore.Identities i ON (i.ID = root_hobt.CreatedByUserID)' WHERE ID = 192
UPDATE SCore.EntityQueries SET Statement = N'EXEC SJob.FeeAmendmentsUpsert @JobGuid = @JobGuid,			-- uniqueidentifier
							  @RibaStage0Change = @RibaStage0Change, -- decimal(9, 2)
							  @RibaStage1Change = @RibaStage1Change, -- decimal(9, 2)
							  @RibaStage2Change = @RibaStage2Change, -- decimal(9, 2)
							  @RibaStage3Change = @RibaStage3Change, -- decimal(9, 2)
							  @RibaStage4Change = @RibaStage4Change, -- decimal(9, 2)
							  @RibaStage5Change = @RibaStage5Change, -- decimal(9, 2)
							  @RibaStage6Change = @RibaStage6Change, -- decimal(9, 2)
							  @RibaStage7Change = @RibaStage7Change, -- decimal(9, 2)
                                                          
                                                           -- Visits
                                                          @RibaStage0VisitChange = @RibaStage0VisitChange, -- decimal(9, 2)
							  @RibaStage1VisitChange = @RibaStage1VisitChange, -- decimal(9, 2)
							  @RibaStage2VisitChange = @RibaStage2VisitChange, -- decimal(9, 2)
							  @RibaStage3VisitChange = @RibaStage3VisitChange, -- decimal(9, 2)
							  @RibaStage4VisitChange = @RibaStage4VisitChange, -- decimal(9, 2)
							  @RibaStage5VisitChange = @RibaStage5VisitChange, -- decimal(9, 2)
							  @RibaStage6VisitChange = @RibaStage6VisitChange, -- decimal(9, 2)
							  @RibaStage7VisitChange = @RibaStage7VisitChange, -- decimal(9, 2)

                                                           -- Meetings
                                                          @RibaStage0MeetingChange = @RibaStage0MeetingChange, -- decimal(9, 2)
							  @RibaStage1MeetingChange = @RibaStage1MeetingChange, -- decimal(9, 2)
							  @RibaStage2MeetingChange = @RibaStage2MeetingChange, -- decimal(9, 2)
							  @RibaStage3MeetingChange = @RibaStage3MeetingChange, -- decimal(9, 2)
							  @RibaStage4MeetingChange = @RibaStage4MeetingChange, -- decimal(9, 2)
							  @RibaStage5MeetingChange = @RibaStage5MeetingChange, -- decimal(9, 2)
							  @RibaStage6MeetingChange = @RibaStage6MeetingChange, -- decimal(9, 2)
							  @RibaStage7MeetingChange = @RibaStage7MeetingChange, -- decimal(9, 2)

							  @PreConstructionStageChange = @PreConstructionStageChange,
							  @ConstructionStageChange = @ConstructionStageChange,

                                                           -- construction + preconstruction
                                                            @PreConstructionStageMeetingChange = @PreConstructionStageMeetingChange,
			                                    @PreConstructionStageVisitChange = @PreConstructionStageVisitChange,
			                                   @ConstructionStageMeetingChange = @ConstructionStageMeetingChange,
			                                   @ConstructionStageVisitChange =  @ConstructionStageVisitChange,
							  @FeeCapChange = @FeeCapChange,		-- decimal(9, 2)
							  @Guid = @Guid,				-- uniqueidentifier
                                                          @Reason = @Reason' WHERE ID = 193
UPDATE SCore.EntityQueries SET Statement = N'SELECT	root_hobt.ID,
		root_hobt.Label,
		root_hobt.Class,
		root_hobt.SortOrder 
FROM	[SJob].[Activities_DataPills](@SurveyorGuid, @BillableHours, @JobGuid, @RibaStageGuid, @IsAdditionalWork, @Guid, @ActivityTypeGuid) root_hobt' WHERE ID = 257
UPDATE SCore.EntityQueries SET Statement = N'SELECT 
	root_hobt.AutomationRunGuid,
	root_hobt.BlockedReason,
	root_hobt.CreatedDateTimeUTC,
	root_hobt.ExpectedDate,
	root_hobt.Guid,
	root_hobt.ID,
	root_hobt.InvoiceBatchGuid,
	[58ABEA42-8199-4DC5-87A8-C71687406B76].Guid AS InvoicePaymentStatusID,
	root_hobt.InvoicingType,
	root_hobt.IsAutomated,
	root_hobt.IsZeroValuePlaceholder,
	[DDDABD42-C753-48FA-800F-A73C88FCADCD].Guid AS JobId,
	root_hobt.LegacyId,
	root_hobt.LegacySystemID,
	root_hobt.ManualStatus,
	root_hobt.Notes,
	root_hobt.ReconciliationReason,
	root_hobt.ReconciliationRequired,
	[8C1F4236-36A8-44ED-AF70-C43F56840943].Guid AS RequesterUserId,
	root_hobt.RowStatus,
	root_hobt.RowVersion,
	root_hobt.SourceGuid,
	root_hobt.SourceIntId,
	root_hobt.SourceType,
	[158D0B3F-378F-45C6-B8A6-1480EA1880B3].Guid As FinanceAccountGuid
FROM SFin.InvoiceRequests AS root_hobt 
JOIN SCore.Identities AS [8C1F4236-36A8-44ED-AF70-C43F56840943] ON ([8C1F4236-36A8-44ED-AF70-C43F56840943].ID = root_hobt.RequesterUserId) 
 JOIN SJob.Jobs AS [DDDABD42-C753-48FA-800F-A73C88FCADCD] ON ([DDDABD42-C753-48FA-800F-A73C88FCADCD].ID = root_hobt.JobId) 
 JOIN SCrm.Accounts AS [158D0B3F-378F-45C6-B8A6-1480EA1880B3] ON ([158D0B3F-378F-45C6-B8A6-1480EA1880B3].ID = [DDDABD42-C753-48FA-800F-A73C88FCADCD].FinanceAccountID) 
 JOIN SFin.InvoicePaymentStatus AS [58ABEA42-8199-4DC5-87A8-C71687406B76] ON ([58ABEA42-8199-4DC5-87A8-C71687406B76].ID = root_hobt.InvoicePaymentStatusID)

' WHERE ID = 258
UPDATE SCore.EntityQueries SET Statement = N'EXEC [SFin].[InvoiceRequestUpsert]  
	@JobGuid = @JobGuid, 
	@RequesterUserGuid = @RequesterUserGuid, 
	@Notes = @Notes, 
	@Guid = @Guid, 
	@InvoicingType = @InvoicingType, 
	@ExpectedDate = @ExpectedDate, 
	@ManualStatus = @ManualStatus, 
	@PaymentStatusGuid = @PaymentStatusGuid' WHERE ID = 259
UPDATE SCore.EntityQueries SET Statement = N'SELECT 
 [DF573724-6B25-4B0E-BCDA-061280F64A77].Guid AS ActivityId,
 root_hobt.Guid,
 root_hobt.ID,
 [395D9343-C3C2-4DD1-A20C-A254BA403724].Guid AS InvoiceRequestId,
 [96FB0CCD-A7BF-45F8-A3A6-23D70E4620F4].Guid AS MilestoneId,
 root_hobt.Net,
 root_hobt.RowStatus,
 root_hobt.RowVersion,
 root_hobt.ShortDescription,
 RibaStages.Guid AS RIBAStageId
FROM SFin.InvoiceRequestItems AS root_hobt 
JOIN SFin.InvoiceRequests AS [395D9343-C3C2-4DD1-A20C-A254BA403724] ON ([395D9343-C3C2-4DD1-A20C-A254BA403724].ID = root_hobt.InvoiceRequestId) 
 JOIN SJob.Milestones AS [96FB0CCD-A7BF-45F8-A3A6-23D70E4620F4] ON ([96FB0CCD-A7BF-45F8-A3A6-23D70E4620F4].ID = root_hobt.MilestoneId) 
 JOIN SJob.Activities AS [DF573724-6B25-4B0E-BCDA-061280F64A77] ON ([DF573724-6B25-4B0E-BCDA-061280F64A77].ID = root_hobt.ActivityId) 
 JOIN SJob.RibaStages AS RibaStages ON (root_hobt.RIBAStageId = RibaStages.ID)' WHERE ID = 260
UPDATE SCore.EntityQueries SET Statement = N'EXEC [SFin].[InvoiceRequestItemsUpsert]  
	@InvoiceRequestGuid = @InvoiceRequestGuid, 
	@MilestoneGuid = @MilestoneGuid, 
	@ActivityGuid = @ActivityGuid, 
	@Net = @Net, 
	@Guid = @Guid, 
	@ShortDescription = @ShortDescription, 
	@RIBAStageGuid = @RIBAStageGuid' WHERE ID = 261
UPDATE SCore.EntityQueries SET Statement = N'SELECT 
		root_hobt.ID,
		root_hobt.Guid,
		root_hobt.PeriodNumber,
		root_hobt.Amount,
		root_hobt.OnDayOfMonth,
		root_hobt.Description,
		root_hobt.RowStatus,
		root_hobt.RowVersion,
		invsc.Guid AS InvoiceScheduleId
FROM   [SFin].[InvoiceScheduleMonthConfiguration] AS root_hobt
JOIN   [SFin].[InvoiceSchedules] AS invsc ON (invsc.ID = root_hobt.InvoiceScheduleId)' WHERE ID = 368
UPDATE SCore.EntityQueries SET Statement = N'EXEC [SFin].[InvoiceScheduleMonthConfigurationDelete]  
	@Guid = @Guid' WHERE ID = 388
GO

IF @@ERROR<>0 OR @@TRANCOUNT=0 BEGIN IF @@TRANCOUNT>0 ROLLBACK SET NOEXEC ON END

--
-- Inserting data into table SCore.LanguageLabels
--
PRINT(N'Inserting data into table SCore.LanguageLabels')
GO
SET IDENTITY_INSERT SCore.LanguageLabels ON
GO

IF @@ERROR<>0 OR @@TRANCOUNT=0 BEGIN IF @@TRANCOUNT>0 ROLLBACK SET NOEXEC ON END
INSERT SCore.LanguageLabels(ID, RowStatus, Guid, Name) VALUES (3813, 1, 'c8b25ee5-867b-4971-a751-14a2f633aaaa', N'[SCrm].[tvf_AccountProjects]')
INSERT SCore.LanguageLabels(ID, RowStatus, Guid, Name) VALUES (3814, 1, '66657d7f-37e4-436c-b1e9-00259644b0ae', N'Number')
INSERT SCore.LanguageLabels(ID, RowStatus, Guid, Name) VALUES (3815, 1, '12573be9-a4c9-4561-af5e-119f259c53db', N'[SCrm].[tvf_AccountProjects].[Number]')
INSERT SCore.LanguageLabels(ID, RowStatus, Guid, Name) VALUES (3816, 1, 'caac51d9-09df-4487-9a38-2c7aae4cf69b', N'[SCrm].[tvf_AccountProjects].[ProjectDescription]')
INSERT SCore.LanguageLabels(ID, RowStatus, Guid, Name) VALUES (3817, 1, '7c3c2912-4f6f-4656-aee1-9acb9a4714e5', N'[SCrm].[tvf_AccountAssets]')
INSERT SCore.LanguageLabels(ID, RowStatus, Guid, Name) VALUES (3818, 1, '67c4acad-91a2-4ae0-b26e-978888eb2190', N'[SCrm].[tvf_AccountAssets].[Number]')
INSERT SCore.LanguageLabels(ID, RowStatus, Guid, Name) VALUES (3819, 1, 'a36aa9a3-bbad-4b82-b807-7fa8f73bd01e', N'[SCrm].[tvf_AccountAssets].[FormattedAddressComa]')
GO
SET IDENTITY_INSERT SCore.LanguageLabels OFF
GO

IF @@ERROR<>0 OR @@TRANCOUNT=0 BEGIN IF @@TRANCOUNT>0 ROLLBACK SET NOEXEC ON END

--
-- Reseed identity on SCore.LanguageLabels
--
PRINT(N'Reseed identity on SCore.LanguageLabels')
GO
DBCC CHECKIDENT('SCore.LanguageLabels', RESEED, 3819)
GO

IF @@ERROR<>0 OR @@TRANCOUNT=0 BEGIN IF @@TRANCOUNT>0 ROLLBACK SET NOEXEC ON END

--
-- Inserting data into table SCore.LanguageLabelTranslations
--
PRINT(N'Inserting data into table SCore.LanguageLabelTranslations')
GO
SET IDENTITY_INSERT SCore.LanguageLabelTranslations ON
GO

IF @@ERROR<>0 OR @@TRANCOUNT=0 BEGIN IF @@TRANCOUNT>0 ROLLBACK SET NOEXEC ON END
INSERT SCore.LanguageLabelTranslations(ID, RowStatus, Guid, Text, TextPlural, LanguageLabelID, LanguageID, HelpText) VALUES (3924, 1, '59b37d0a-c545-4c3b-a2be-0d914f173484', N'Client Projects', N'Client Projects', 3813, 1, N'')
INSERT SCore.LanguageLabelTranslations(ID, RowStatus, Guid, Text, TextPlural, LanguageLabelID, LanguageID, HelpText) VALUES (3925, 1, '5f1a5849-70ba-49b5-818a-fcf827997f71', N'Number', N'Number', 3814, 1, N'')
INSERT SCore.LanguageLabelTranslations(ID, RowStatus, Guid, Text, TextPlural, LanguageLabelID, LanguageID, HelpText) VALUES (3926, 1, '91b6bd04-15ca-42f4-a34b-ba96d8680b52', N'Number', N'Number', 3815, 1, N'')
INSERT SCore.LanguageLabelTranslations(ID, RowStatus, Guid, Text, TextPlural, LanguageLabelID, LanguageID, HelpText) VALUES (3927, 1, 'd7d26beb-1271-45b1-9253-7db1a8499e81', N'Description', N'Description', 3816, 1, N'')
INSERT SCore.LanguageLabelTranslations(ID, RowStatus, Guid, Text, TextPlural, LanguageLabelID, LanguageID, HelpText) VALUES (3928, 1, 'bd774192-54b7-43dd-90fa-0e0b1af80f97', N'Assets', N'Assets', 3817, 1, N'')
INSERT SCore.LanguageLabelTranslations(ID, RowStatus, Guid, Text, TextPlural, LanguageLabelID, LanguageID, HelpText) VALUES (3929, 1, 'b77ab774-1662-4d6b-9956-f8c7b1889a20', N'Number', N'Number', 3818, 1, N'')
INSERT SCore.LanguageLabelTranslations(ID, RowStatus, Guid, Text, TextPlural, LanguageLabelID, LanguageID, HelpText) VALUES (3930, 1, '14959b76-7fc6-4623-81c7-3282c8e979d0', N'Address', N'Address', 3819, 1, N'')
GO
SET IDENTITY_INSERT SCore.LanguageLabelTranslations OFF
GO

IF @@ERROR<>0 OR @@TRANCOUNT=0 BEGIN IF @@TRANCOUNT>0 ROLLBACK SET NOEXEC ON END

--
-- Reseed identity on SCore.LanguageLabelTranslations
--
PRINT(N'Reseed identity on SCore.LanguageLabelTranslations')
GO
DBCC CHECKIDENT('SCore.LanguageLabelTranslations', RESEED, 3930)
GO

IF @@ERROR<>0 OR @@TRANCOUNT=0 BEGIN IF @@TRANCOUNT>0 ROLLBACK SET NOEXEC ON END

--
-- Updating data of table SUserInterface.DropDownListDefinitions
--
PRINT(N'Updating data of table SUserInterface.DropDownListDefinitions')
GO
UPDATE SUserInterface.DropDownListDefinitions SET SqlQuery = N'SELECT 
    root_hobt.Guid,
    root_hobt.FullName AS Name
FROM SCore.Identities AS root_hobt
WHERE root_hobt.OriganisationalUnitId = (
    SELECT OriganisationalUnitId
    FROM SCore.Identities
    WHERE ID = [[UserId]]
)
AND root_hobt.IsActive = 1' WHERE ID = 112

--
-- Inserting data into table SUserInterface.GridViewColumnDefinitions
--
PRINT(N'Inserting data into table SUserInterface.GridViewColumnDefinitions')
GO
SET IDENTITY_INSERT SUserInterface.GridViewColumnDefinitions ON
GO

IF @@ERROR<>0 OR @@TRANCOUNT=0 BEGIN IF @@TRANCOUNT>0 ROLLBACK SET NOEXEC ON END
INSERT SUserInterface.GridViewColumnDefinitions(ID, RowStatus, Guid, Name, ColumnOrder, GridViewDefinitionId, IsPrimaryKey, IsHidden, IsFiltered, IsCombo, IsLongitude, IsLatitude, DisplayFormat, Width, LanguageLabelId, TopHeaderCategory, TopHeaderCategoryOrder) VALUES (1655, 1, '723e06bd-028b-49fa-87c7-d01eb316296c', N'ID', 999, 242, 1, 1, 1, 0, 0, 0, N'', N'', 1627, N'', 0)
INSERT SUserInterface.GridViewColumnDefinitions(ID, RowStatus, Guid, Name, ColumnOrder, GridViewDefinitionId, IsPrimaryKey, IsHidden, IsFiltered, IsCombo, IsLongitude, IsLatitude, DisplayFormat, Width, LanguageLabelId, TopHeaderCategory, TopHeaderCategoryOrder) VALUES (1656, 1, '2d1380cb-9f54-4efc-827c-85eeb37f471a', N'Guid', 0, 242, 0, 1, 0, 0, 0, 0, N'', N'', 1689, N'', 0)
INSERT SUserInterface.GridViewColumnDefinitions(ID, RowStatus, Guid, Name, ColumnOrder, GridViewDefinitionId, IsPrimaryKey, IsHidden, IsFiltered, IsCombo, IsLongitude, IsLatitude, DisplayFormat, Width, LanguageLabelId, TopHeaderCategory, TopHeaderCategoryOrder) VALUES (1657, 1, '2d536f28-07a4-408e-b902-ae4dd9e1e462', N'Number', 1, 242, 0, 0, 0, 0, 0, 0, N'', N'', 3815, N'', 0)
INSERT SUserInterface.GridViewColumnDefinitions(ID, RowStatus, Guid, Name, ColumnOrder, GridViewDefinitionId, IsPrimaryKey, IsHidden, IsFiltered, IsCombo, IsLongitude, IsLatitude, DisplayFormat, Width, LanguageLabelId, TopHeaderCategory, TopHeaderCategoryOrder) VALUES (1658, 1, '2b9f90df-66b1-4ae4-b27c-b0a9f4577051', N'ProjectDescription', 2, 242, 0, 0, 0, 0, 0, 0, N'', N'', 3816, N'', 0)
INSERT SUserInterface.GridViewColumnDefinitions(ID, RowStatus, Guid, Name, ColumnOrder, GridViewDefinitionId, IsPrimaryKey, IsHidden, IsFiltered, IsCombo, IsLongitude, IsLatitude, DisplayFormat, Width, LanguageLabelId, TopHeaderCategory, TopHeaderCategoryOrder) VALUES (1659, 1, 'd046d0c0-6487-4601-b621-24056e641e96', N'ID', 999, 243, 1, 1, 1, 0, 0, 0, N'', N'', 1627, N'', 0)
INSERT SUserInterface.GridViewColumnDefinitions(ID, RowStatus, Guid, Name, ColumnOrder, GridViewDefinitionId, IsPrimaryKey, IsHidden, IsFiltered, IsCombo, IsLongitude, IsLatitude, DisplayFormat, Width, LanguageLabelId, TopHeaderCategory, TopHeaderCategoryOrder) VALUES (1660, 1, '6e920b73-3208-4d77-ad93-ce6c62970a42', N'Guid', 0, 243, 0, 1, 0, 0, 0, 0, N'', N'', 1689, N'', 0)
INSERT SUserInterface.GridViewColumnDefinitions(ID, RowStatus, Guid, Name, ColumnOrder, GridViewDefinitionId, IsPrimaryKey, IsHidden, IsFiltered, IsCombo, IsLongitude, IsLatitude, DisplayFormat, Width, LanguageLabelId, TopHeaderCategory, TopHeaderCategoryOrder) VALUES (1661, 1, '0128c1b1-411a-483b-972b-41b2a256c6bb', N'Number', 1, 243, 0, 0, 0, 0, 0, 0, N'', N'', 3818, N'', 0)
INSERT SUserInterface.GridViewColumnDefinitions(ID, RowStatus, Guid, Name, ColumnOrder, GridViewDefinitionId, IsPrimaryKey, IsHidden, IsFiltered, IsCombo, IsLongitude, IsLatitude, DisplayFormat, Width, LanguageLabelId, TopHeaderCategory, TopHeaderCategoryOrder) VALUES (1662, 1, '06aee02d-42d6-4979-8ad8-a7125f2bab78', N'FormattedAddressComma', 2, 243, 0, 0, 0, 0, 0, 0, N'', N'', 3819, N'', 0)
GO
SET IDENTITY_INSERT SUserInterface.GridViewColumnDefinitions OFF
GO

IF @@ERROR<>0 OR @@TRANCOUNT=0 BEGIN IF @@TRANCOUNT>0 ROLLBACK SET NOEXEC ON END

--
-- Reseed identity on SUserInterface.GridViewColumnDefinitions
--
PRINT(N'Reseed identity on SUserInterface.GridViewColumnDefinitions')
GO
DBCC CHECKIDENT('SUserInterface.GridViewColumnDefinitions', RESEED, 1662)
GO

IF @@ERROR<>0 OR @@TRANCOUNT=0 BEGIN IF @@TRANCOUNT>0 ROLLBACK SET NOEXEC ON END

--
-- Updating data of table SUserInterface.GridViewDefinitions
--
PRINT(N'Updating data of table SUserInterface.GridViewDefinitions')
GO
UPDATE SUserInterface.GridViewDefinitions SET SqlQuery = N'SELECT	ID,
		Guid,
		RowStatus,
		Number,
		RealNet AS Net,
		RealVat AS Vat,
		RealGross AS Gross,
		RealOutstanding AS Outstanding,
		Date,
		Type,
		Surveyor,
		SageTransactionReference,
		RealOutstanding,
		RealOutstandingWithVAT,
		FinanceAccount,
		TransactionStatus
FROM	SJob.tvf_JobTransactions([[UserId]], ''[[ParentGuid]]'') root_hobt' WHERE ID = 89
UPDATE SUserInterface.GridViewDefinitions SET SqlQuery = N'SELECT	root_hobt.ID,
		root_hobt.RowStatus,
		root_hobt.RowVersion,
		root_hobt.Guid,
		root_hobt.CreatedDateTime,
		root_hobt.TotalRibaStageChange,
		root_hobt.FeeCapChange,
		root_hobt.FullName,
               root_hobt.TotalMeetingChange,
               root_hobt.TotalVisitChange,
               root_hobt.Reason
FROM	SJob.tvf_FeeAmendments([[UserId]], ''[[ParentGuid]]'') root_hobt' WHERE ID = 114
UPDATE SUserInterface.GridViewDefinitions SET SqlQuery = N'SELECT
 *
FROM
      [SFin].[tvf_AutomatedInvoicing]([[UserId]]) root_hobt' WHERE ID = 215
UPDATE SUserInterface.GridViewDefinitions SET SqlQuery = N'SELECT  * 
FROM [SSop].[tvf_ApprovedEnquiries] ([[UserId]]) root_hobt' WHERE ID = 237

--
-- Inserting data into table SUserInterface.GridViewDefinitions
--
PRINT(N'Inserting data into table SUserInterface.GridViewDefinitions')
GO
SET IDENTITY_INSERT SUserInterface.GridViewDefinitions ON
GO

IF @@ERROR<>0 OR @@TRANCOUNT=0 BEGIN IF @@TRANCOUNT>0 ROLLBACK SET NOEXEC ON END
INSERT SUserInterface.GridViewDefinitions(ID, RowStatus, Guid, Code, GridDefinitionId, DetailPageUri, SqlQuery, DefaultSortColumnName, SecurableCode, DisplayOrder, DisplayGroupName, MetricSqlQuery, ShowMetric, IsDetailWindowed, EntityTypeID, MetricTypeID, MetricMin, MetricMax, MetricMinorUnit, MetricMajorUnit, MetricStartAngle, MetricEndAngle, MetricReversed, MetricRange1Min, MetricRange1Max, MetricRange1ColourHex, MetricRange2Min, MetricRange2Max, MetricRange2ColourHex, IsDefaultSortDescending, AllowNew, AllowExcelExport, AllowPdfExport, AllowCsvExport, LanguageLabelId, DrawerIconId, GridViewTypeId, AllowBulkChange, ShowOnMobile, TreeListFirstOrderBy, TreeListSecondOrderBy, TreeListThirdOrderBy, TreeListOrderBy, TreeListGroupBy, ShowOnDashboard, FilteredListCreatedOnColumn, FilteredListRedStatusIndicatorTxt, FilteredListOrangeStatusIndicatorTxt, FilteredListGreenStatusIndicatorTxt, FilteredListGroupBy) VALUES (242, 1, '3e43f8c1-efee-484d-9cf0-1677ecceb655', N'ACCOUNTPROJECTS', 40, N'', N'SELECT * FROM [SCrm].[tvf_AccountProjects] ([[UserId]], [[ParentGuid]]) root_hobt', N'ID', N'', 0, N'', N'', 0, 0, 94, -1, 0, 0, 0, 0, 0, 0, 0, 0, 0, N'', 0, 0, N'', 0, 0, 0, 0, 0, 3813, 12, 1, 0, 0, N'', N'', N'', N'', N'', 0, N'', N'', N'', N'', N'')
INSERT SUserInterface.GridViewDefinitions(ID, RowStatus, Guid, Code, GridDefinitionId, DetailPageUri, SqlQuery, DefaultSortColumnName, SecurableCode, DisplayOrder, DisplayGroupName, MetricSqlQuery, ShowMetric, IsDetailWindowed, EntityTypeID, MetricTypeID, MetricMin, MetricMax, MetricMinorUnit, MetricMajorUnit, MetricStartAngle, MetricEndAngle, MetricReversed, MetricRange1Min, MetricRange1Max, MetricRange1ColourHex, MetricRange2Min, MetricRange2Max, MetricRange2ColourHex, IsDefaultSortDescending, AllowNew, AllowExcelExport, AllowPdfExport, AllowCsvExport, LanguageLabelId, DrawerIconId, GridViewTypeId, AllowBulkChange, ShowOnMobile, TreeListFirstOrderBy, TreeListSecondOrderBy, TreeListThirdOrderBy, TreeListOrderBy, TreeListGroupBy, ShowOnDashboard, FilteredListCreatedOnColumn, FilteredListRedStatusIndicatorTxt, FilteredListOrangeStatusIndicatorTxt, FilteredListGreenStatusIndicatorTxt, FilteredListGroupBy) VALUES (243, 1, '3d746b06-5e95-4bd8-a101-58e8826549ab', N'ACCOUNTASSETS', 40, N'StructureDetail', N'SELECT * FROM [SCrm].[tvf_AccountAssets]([[UserId]], [[ParentGuid]]) root_hobt', N'ID', N'', 4, N'', N'', 0, 0, 27, -1, 0, 0, 0, 0, 0, 0, 0, 0, 0, N'', 0, 0, N'', 0, 0, 0, 0, 0, 3817, 47, 1, 0, 0, N'', N'', N'', N'', N'', 0, N'', N'', N'', N'', N'')
GO
SET IDENTITY_INSERT SUserInterface.GridViewDefinitions OFF
GO

IF @@ERROR<>0 OR @@TRANCOUNT=0 BEGIN IF @@TRANCOUNT>0 ROLLBACK SET NOEXEC ON END

--
-- Reseed identity on SUserInterface.GridViewDefinitions
--
PRINT(N'Reseed identity on SUserInterface.GridViewDefinitions')
GO
DBCC CHECKIDENT('SUserInterface.GridViewDefinitions', RESEED, 243)
GO

IF @@ERROR<>0 OR @@TRANCOUNT=0 BEGIN IF @@TRANCOUNT>0 ROLLBACK SET NOEXEC ON END

--
-- Creating constraints for [SCore].[EntityQueries]
--
PRINT(N'Creating constraints for [SCore].[EntityQueries]')
GO
ALTER TABLE SCore.EntityQueries WITH NOCHECK
  ADD CONSTRAINT FK_EntityQueries_EntityHoBTs FOREIGN KEY (EntityHoBTID) REFERENCES SCore.EntityHobts(ID) ON DELETE NO ACTION ON UPDATE NO ACTION
ALTER TABLE SCore.EntityQueries WITH NOCHECK
  ADD CONSTRAINT FK_EntityQueries_EntityTypes FOREIGN KEY (EntityTypeID) REFERENCES SCore.EntityTypes(ID) ON DELETE CASCADE ON UPDATE NO ACTION
ALTER TABLE SCore.EntityQueries WITH NOCHECK
  ADD CONSTRAINT FK_EntityQueries_RowStatus FOREIGN KEY (RowStatus) REFERENCES SCore.RowStatus(ID) ON DELETE NO ACTION ON UPDATE NO ACTION
GO

IF @@ERROR<>0 OR @@TRANCOUNT=0 BEGIN IF @@TRANCOUNT>0 ROLLBACK SET NOEXEC ON END

--
-- Creating constraints for [SCore].[LanguageLabels]
--
PRINT(N'Creating constraints for [SCore].[LanguageLabels]')
GO
ALTER TABLE SCore.LanguageLabels WITH NOCHECK
  ADD CONSTRAINT FK_LanguageLabels_RowStatus FOREIGN KEY (RowStatus) REFERENCES SCore.RowStatus(ID) ON DELETE NO ACTION ON UPDATE NO ACTION
GO

IF @@ERROR<>0 OR @@TRANCOUNT=0 BEGIN IF @@TRANCOUNT>0 ROLLBACK SET NOEXEC ON END

--
-- Creating constraints for [SCore].[LanguageLabelTranslations]
--
PRINT(N'Creating constraints for [SCore].[LanguageLabelTranslations]')
GO
ALTER TABLE SCore.LanguageLabelTranslations WITH NOCHECK
  ADD CONSTRAINT FK_LanguageLabelTranslations_LanguageLabels FOREIGN KEY (LanguageLabelID) REFERENCES SCore.LanguageLabels(ID) ON DELETE NO ACTION ON UPDATE NO ACTION
ALTER TABLE SCore.LanguageLabelTranslations WITH NOCHECK
  ADD CONSTRAINT FK_LanguageLabelTranslations_Languages FOREIGN KEY (LanguageID) REFERENCES SCore.Languages(ID) ON DELETE NO ACTION ON UPDATE NO ACTION
ALTER TABLE SCore.LanguageLabelTranslations WITH NOCHECK
  ADD CONSTRAINT FK_LanguageLabelTranslations_RowStatus FOREIGN KEY (RowStatus) REFERENCES SCore.RowStatus(ID) ON DELETE NO ACTION ON UPDATE NO ACTION
GO

IF @@ERROR<>0 OR @@TRANCOUNT=0 BEGIN IF @@TRANCOUNT>0 ROLLBACK SET NOEXEC ON END

--
-- Creating constraints for [SUserInterface].[DropDownListDefinitions]
--
PRINT(N'Creating constraints for [SUserInterface].[DropDownListDefinitions]')
GO
ALTER TABLE SUserInterface.DropDownListDefinitions WITH NOCHECK
  ADD CONSTRAINT FK_DropDownListDefinitions_EntityTypes FOREIGN KEY (EntityTypeId) REFERENCES SCore.EntityTypes(ID) ON DELETE NO ACTION ON UPDATE NO ACTION
ALTER TABLE SUserInterface.DropDownListDefinitions WITH NOCHECK
  ADD CONSTRAINT FK_DropDownListDefinitions_RowStatus FOREIGN KEY (RowStatus) REFERENCES SCore.RowStatus(ID) ON DELETE NO ACTION ON UPDATE NO ACTION
GO

IF @@ERROR<>0 OR @@TRANCOUNT=0 BEGIN IF @@TRANCOUNT>0 ROLLBACK SET NOEXEC ON END

--
-- Creating constraints for [SUserInterface].[GridViewColumnDefinitions]
--
PRINT(N'Creating constraints for [SUserInterface].[GridViewColumnDefinitions]')
GO
ALTER TABLE SUserInterface.GridViewColumnDefinitions WITH NOCHECK
  ADD CONSTRAINT FK_GridViewColumnDefinition_GridViewDefinition FOREIGN KEY (GridViewDefinitionId) REFERENCES SUserInterface.GridViewDefinitions(ID) ON DELETE CASCADE ON UPDATE NO ACTION
ALTER TABLE SUserInterface.GridViewColumnDefinitions WITH NOCHECK
  ADD CONSTRAINT FK_GridViewColumnDefinitions_LanguageLabelId FOREIGN KEY (LanguageLabelId) REFERENCES SCore.LanguageLabels(ID) ON DELETE NO ACTION ON UPDATE NO ACTION
ALTER TABLE SUserInterface.GridViewColumnDefinitions WITH NOCHECK
  ADD CONSTRAINT FK_GridViewColumnDefinitions_RowStatus FOREIGN KEY (RowStatus) REFERENCES SCore.RowStatus(ID) ON DELETE NO ACTION ON UPDATE NO ACTION
GO

IF @@ERROR<>0 OR @@TRANCOUNT=0 BEGIN IF @@TRANCOUNT>0 ROLLBACK SET NOEXEC ON END

--
-- Creating constraints for [SUserInterface].[GridViewDefinitions]
--
PRINT(N'Creating constraints for [SUserInterface].[GridViewDefinitions]')
GO
ALTER TABLE SUserInterface.GridViewDefinitions WITH NOCHECK
  ADD CONSTRAINT FK_GridViewDefinition_GridDefinition FOREIGN KEY (GridDefinitionId) REFERENCES SUserInterface.GridDefinitions(ID) ON DELETE CASCADE ON UPDATE NO ACTION
ALTER TABLE SUserInterface.GridViewDefinitions WITH NOCHECK
  ADD CONSTRAINT FK_GridViewDefinitions_DrawerIconId FOREIGN KEY (DrawerIconId) REFERENCES SUserInterface.Icons(ID) ON DELETE NO ACTION ON UPDATE NO ACTION
ALTER TABLE SUserInterface.GridViewDefinitions WITH NOCHECK
  ADD CONSTRAINT FK_GridViewDefinitions_EntityTypes FOREIGN KEY (EntityTypeID) REFERENCES SCore.EntityTypes(ID) ON DELETE NO ACTION ON UPDATE NO ACTION
ALTER TABLE SUserInterface.GridViewDefinitions WITH NOCHECK
  ADD CONSTRAINT FK_GridViewDefinitions_LanguageLabelId FOREIGN KEY (LanguageLabelId) REFERENCES SCore.LanguageLabels(ID) ON DELETE NO ACTION ON UPDATE NO ACTION
ALTER TABLE SUserInterface.GridViewDefinitions WITH NOCHECK
  ADD CONSTRAINT FK_GridViewDefinitions_MetricTypes FOREIGN KEY (MetricTypeID) REFERENCES SUserInterface.MetricTypes(ID) ON DELETE NO ACTION ON UPDATE NO ACTION
ALTER TABLE SUserInterface.GridViewDefinitions WITH NOCHECK
  ADD CONSTRAINT FK_GridViewDefinitions_RowStatus FOREIGN KEY (RowStatus) REFERENCES SCore.RowStatus(ID) ON DELETE NO ACTION ON UPDATE NO ACTION
GO

IF @@ERROR<>0 OR @@TRANCOUNT=0 BEGIN IF @@TRANCOUNT>0 ROLLBACK SET NOEXEC ON END

--
-- Creating constraints for [SCore].[EntityQueryParameters]
--
PRINT(N'Creating constraints for [SCore].[EntityQueryParameters]')
GO
ALTER TABLE SCore.EntityQueryParameters WITH NOCHECK
  ADD CONSTRAINT FK_EntityQueryParameters_EntityQueries FOREIGN KEY (EntityQueryID) REFERENCES SCore.EntityQueries(ID) ON DELETE CASCADE ON UPDATE NO ACTION
GO

IF @@ERROR<>0 OR @@TRANCOUNT=0 BEGIN IF @@TRANCOUNT>0 ROLLBACK SET NOEXEC ON END

--
-- Creating constraints for [SUserInterface].[ActionMenuItems]
--
PRINT(N'Creating constraints for [SUserInterface].[ActionMenuItems]')
GO
ALTER TABLE SUserInterface.ActionMenuItems WITH NOCHECK
  ADD CONSTRAINT FK_ActionMenuItems_EntityQueries FOREIGN KEY (EntityQueryId) REFERENCES SCore.EntityQueries(ID) ON DELETE NO ACTION ON UPDATE NO ACTION
GO

IF @@ERROR<>0 OR @@TRANCOUNT=0 BEGIN IF @@TRANCOUNT>0 ROLLBACK SET NOEXEC ON END

--
-- Creating constraints for [SUserInterface].[GridViewActions]
--
PRINT(N'Creating constraints for [SUserInterface].[GridViewActions]')
GO
ALTER TABLE SUserInterface.GridViewActions WITH NOCHECK
  ADD CONSTRAINT FK_GridViewActions_EntityQueries FOREIGN KEY (EntityQueryId) REFERENCES SCore.EntityQueries(ID) ON DELETE NO ACTION ON UPDATE NO ACTION
GO

IF @@ERROR<>0 OR @@TRANCOUNT=0 BEGIN IF @@TRANCOUNT>0 ROLLBACK SET NOEXEC ON END

--
-- Creating constraints for [SUserInterface].[GridViewWidgetQueries]
--
PRINT(N'Creating constraints for [SUserInterface].[GridViewWidgetQueries]')
GO
ALTER TABLE SUserInterface.GridViewWidgetQueries WITH NOCHECK
  ADD CONSTRAINT FK_GridViewWidgetQueries_EntityQueries FOREIGN KEY (EntityQueryId) REFERENCES SCore.EntityQueries(ID) ON DELETE NO ACTION ON UPDATE NO ACTION
GO

IF @@ERROR<>0 OR @@TRANCOUNT=0 BEGIN IF @@TRANCOUNT>0 ROLLBACK SET NOEXEC ON END

--
-- Creating constraints for [SCore].[EntityProperties]
--
PRINT(N'Creating constraints for [SCore].[EntityProperties]')
GO
ALTER TABLE SCore.EntityProperties WITH NOCHECK
  ADD CONSTRAINT FK_EntityProperties_LanguageLabels FOREIGN KEY (LanguageLabelID) REFERENCES SCore.LanguageLabels(ID) ON DELETE NO ACTION ON UPDATE NO ACTION
GO

IF @@ERROR<>0 OR @@TRANCOUNT=0 BEGIN IF @@TRANCOUNT>0 ROLLBACK SET NOEXEC ON END

--
-- Creating constraints for [SCore].[EntityPropertyGroups]
--
PRINT(N'Creating constraints for [SCore].[EntityPropertyGroups]')
GO
ALTER TABLE SCore.EntityPropertyGroups WITH NOCHECK
  ADD CONSTRAINT FK_EntityPropertyGroups_LanguageLabels FOREIGN KEY (LanguageLabelID) REFERENCES SCore.LanguageLabels(ID) ON DELETE NO ACTION ON UPDATE NO ACTION
GO

IF @@ERROR<>0 OR @@TRANCOUNT=0 BEGIN IF @@TRANCOUNT>0 ROLLBACK SET NOEXEC ON END

--
-- Creating constraints for [SCore].[EntityTypes]
--
PRINT(N'Creating constraints for [SCore].[EntityTypes]')
GO
ALTER TABLE SCore.EntityTypes WITH NOCHECK
  ADD CONSTRAINT FK_EntityTypes_LanguageLabels FOREIGN KEY (LanguageLabelID) REFERENCES SCore.LanguageLabels(ID) ON DELETE NO ACTION ON UPDATE NO ACTION
GO

IF @@ERROR<>0 OR @@TRANCOUNT=0 BEGIN IF @@TRANCOUNT>0 ROLLBACK SET NOEXEC ON END

--
-- Creating constraints for [SUserInterface].[GridDefinitions]
--
PRINT(N'Creating constraints for [SUserInterface].[GridDefinitions]')
GO
ALTER TABLE SUserInterface.GridDefinitions WITH NOCHECK
  ADD CONSTRAINT FK_GridDefinitions_LanguageLabelId FOREIGN KEY (LanguageLabelId) REFERENCES SCore.LanguageLabels(ID) ON DELETE NO ACTION ON UPDATE NO ACTION
GO

IF @@ERROR<>0 OR @@TRANCOUNT=0 BEGIN IF @@TRANCOUNT>0 ROLLBACK SET NOEXEC ON END

--
-- Creating constraints for [SUserInterface].[MainMenuItems]
--
PRINT(N'Creating constraints for [SUserInterface].[MainMenuItems]')
GO
ALTER TABLE SUserInterface.MainMenuItems WITH NOCHECK
  ADD CONSTRAINT FK_MainMenuItems_LanguageLabelId FOREIGN KEY (LanguageLabelId) REFERENCES SCore.LanguageLabels(ID) ON DELETE NO ACTION ON UPDATE NO ACTION
GO

IF @@ERROR<>0 OR @@TRANCOUNT=0 BEGIN IF @@TRANCOUNT>0 ROLLBACK SET NOEXEC ON END

--
-- Enabling DML triggers for [SCore].[EntityQueries]
--
PRINT(N'Enabling DML triggers for [SCore].[EntityQueries]')
GO
ENABLE TRIGGER ALL ON SCore.EntityQueries
GO

IF @@ERROR<>0 OR @@TRANCOUNT=0 BEGIN IF @@TRANCOUNT>0 ROLLBACK SET NOEXEC ON END

--
-- Enabling DML triggers for [SCore].[LanguageLabels]
--
PRINT(N'Enabling DML triggers for [SCore].[LanguageLabels]')
GO
ENABLE TRIGGER ALL ON SCore.LanguageLabels
GO

IF @@ERROR<>0 OR @@TRANCOUNT=0 BEGIN IF @@TRANCOUNT>0 ROLLBACK SET NOEXEC ON END

--
-- Enabling DML triggers for [SCore].[LanguageLabelTranslations]
--
PRINT(N'Enabling DML triggers for [SCore].[LanguageLabelTranslations]')
GO
ENABLE TRIGGER ALL ON SCore.LanguageLabelTranslations
GO

IF @@ERROR<>0 OR @@TRANCOUNT=0 BEGIN IF @@TRANCOUNT>0 ROLLBACK SET NOEXEC ON END

--
-- Enabling DML triggers for [SUserInterface].[DropDownListDefinitions]
--
PRINT(N'Enabling DML triggers for [SUserInterface].[DropDownListDefinitions]')
GO
ENABLE TRIGGER ALL ON SUserInterface.DropDownListDefinitions
GO

IF @@ERROR<>0 OR @@TRANCOUNT=0 BEGIN IF @@TRANCOUNT>0 ROLLBACK SET NOEXEC ON END


--
-- Commit Transaction
--
PRINT(N'Commit Transaction')
GO
IF @@TRANCOUNT>0 COMMIT TRANSACTION
SET NOEXEC OFF
GO