--
-- Script was generated by Devart dbForge Data Compare for SQL Server, Version 2025.2.37.0
-- Product Home Page: https://www.devart.com/dbforge/sql/datacompare
-- Script date 13/11/2025 14:24:57
-- Source server version: 16.00.0000
-- Target server version: 16.00.1000
-- Target connection string: Data Source=soc-sqldevbre01.esgl.co.uk\General;Integrated Security=True;User ID=ESGL\Richard.Brindley
-- Run this script against CymBuild_Upgrade_Stage to synchronize it with Schema
-- Please backup your target database before running this script
--

SET LANGUAGE 'British English'
SET DATEFORMAT ymd
SET ARITHABORT, ANSI_PADDING, ANSI_WARNINGS, CONCAT_NULL_YIELDS_NULL, QUOTED_IDENTIFIER, ANSI_NULLS, NOCOUNT, XACT_ABORT ON
SET NUMERIC_ROUNDABORT, IMPLICIT_TRANSACTIONS OFF
GO

--
-- Start Transaction
--
BEGIN TRANSACTION

--
-- Disabling DML triggers for [SCore].[EntityQueries]
--
GO
DISABLE TRIGGER ALL ON SCore.EntityQueries
GO

IF @@ERROR<>0 OR @@TRANCOUNT=0 BEGIN IF @@TRANCOUNT>0 ROLLBACK SET NOEXEC ON END

--
-- Disabling DML triggers for [SCore].[EntityQueryParameters]
--
GO
DISABLE TRIGGER ALL ON SCore.EntityQueryParameters
GO

IF @@ERROR<>0 OR @@TRANCOUNT=0 BEGIN IF @@TRANCOUNT>0 ROLLBACK SET NOEXEC ON END

--
-- Disabling DML triggers for [SCore].[Workflow]
--
GO
DISABLE TRIGGER ALL ON SCore.Workflow
GO

IF @@ERROR<>0 OR @@TRANCOUNT=0 BEGIN IF @@TRANCOUNT>0 ROLLBACK SET NOEXEC ON END

--
-- Disabling DML triggers for [SCore].[WorkflowStatus]
--
GO
DISABLE TRIGGER ALL ON SCore.WorkflowStatus
GO

IF @@ERROR<>0 OR @@TRANCOUNT=0 BEGIN IF @@TRANCOUNT>0 ROLLBACK SET NOEXEC ON END

--
-- Disabling DML triggers for [SCore].[WorkflowTransition]
--
GO
DISABLE TRIGGER ALL ON SCore.WorkflowTransition
GO

IF @@ERROR<>0 OR @@TRANCOUNT=0 BEGIN IF @@TRANCOUNT>0 ROLLBACK SET NOEXEC ON END

--
-- Dropping constraints from [SCore].[EntityQueries]
--
ALTER TABLE SCore.EntityQueries
  DROP CONSTRAINT IF EXISTS FK_EntityQueries_EntityHoBTs
ALTER TABLE SCore.EntityQueries
  DROP CONSTRAINT IF EXISTS FK_EntityQueries_EntityTypes
ALTER TABLE SCore.EntityQueries
  DROP CONSTRAINT IF EXISTS FK_EntityQueries_RowStatus
GO

IF @@ERROR<>0 OR @@TRANCOUNT=0 BEGIN IF @@TRANCOUNT>0 ROLLBACK SET NOEXEC ON END

--
-- Dropping constraints from [SCore].[EntityQueryParameters]
--
ALTER TABLE SCore.EntityQueryParameters
  DROP CONSTRAINT IF EXISTS FK_EntityQueryParameters_EntityDataTypes
ALTER TABLE SCore.EntityQueryParameters
  DROP CONSTRAINT IF EXISTS FK_EntityQueryParameters_EntityProperties
ALTER TABLE SCore.EntityQueryParameters
  DROP CONSTRAINT IF EXISTS FK_EntityQueryParameters_EntityQueries
ALTER TABLE SCore.EntityQueryParameters
  DROP CONSTRAINT IF EXISTS FK_EntityQueryParameters_RowStatus
GO

IF @@ERROR<>0 OR @@TRANCOUNT=0 BEGIN IF @@TRANCOUNT>0 ROLLBACK SET NOEXEC ON END

--
-- Dropping constraints from [SCore].[SharepointEntityStructure]
--
ALTER TABLE SCore.SharepointEntityStructure
  DROP CONSTRAINT IF EXISTS FK_SharepointEntityStructure_EntityTypes
ALTER TABLE SCore.SharepointEntityStructure
  DROP CONSTRAINT IF EXISTS FK_SharepointEntityStructure_RowStatus
ALTER TABLE SCore.SharepointEntityStructure
  DROP CONSTRAINT IF EXISTS FK_SharepointEntityStructure_SharepointEntityStructure
ALTER TABLE SCore.SharepointEntityStructure
  DROP CONSTRAINT IF EXISTS FK_SharepointEntityStructure_SharepointSites
GO

IF @@ERROR<>0 OR @@TRANCOUNT=0 BEGIN IF @@TRANCOUNT>0 ROLLBACK SET NOEXEC ON END

--
-- Dropping constraints from [SCore].[Workflow]
--
ALTER TABLE SCore.Workflow
  DROP CONSTRAINT IF EXISTS FK_Workflow_EntityHoBTs
ALTER TABLE SCore.Workflow
  DROP CONSTRAINT IF EXISTS FK_Workflow_EntityTypes
GO

IF @@ERROR<>0 OR @@TRANCOUNT=0 BEGIN IF @@TRANCOUNT>0 ROLLBACK SET NOEXEC ON END

--
-- Dropping constraints from [SCore].[WorkflowTransition]
--
ALTER TABLE SCore.WorkflowTransition
  DROP CONSTRAINT IF EXISTS FK_WorkflowTransition_FromStatus
ALTER TABLE SCore.WorkflowTransition
  DROP CONSTRAINT IF EXISTS FK_WorkflowTransition_ToStatus
ALTER TABLE SCore.WorkflowTransition
  DROP CONSTRAINT IF EXISTS FK_WorkflowTransition_Workflow
GO

IF @@ERROR<>0 OR @@TRANCOUNT=0 BEGIN IF @@TRANCOUNT>0 ROLLBACK SET NOEXEC ON END

--
-- Dropping constraints from [SUserInterface].[ActionMenuItems]
--
ALTER TABLE SUserInterface.ActionMenuItems
  DROP CONSTRAINT IF EXISTS FK_ActionMenuItems_EntityQueries
GO

IF @@ERROR<>0 OR @@TRANCOUNT=0 BEGIN IF @@TRANCOUNT>0 ROLLBACK SET NOEXEC ON END

--
-- Dropping constraints from [SUserInterface].[GridViewActions]
--
ALTER TABLE SUserInterface.GridViewActions
  DROP CONSTRAINT IF EXISTS FK_GridViewActions_EntityQueries
GO

IF @@ERROR<>0 OR @@TRANCOUNT=0 BEGIN IF @@TRANCOUNT>0 ROLLBACK SET NOEXEC ON END

--
-- Dropping constraints from [SUserInterface].[GridViewWidgetQueries]
--
ALTER TABLE SUserInterface.GridViewWidgetQueries
  DROP CONSTRAINT IF EXISTS FK_GridViewWidgetQueries_EntityQueries
GO

IF @@ERROR<>0 OR @@TRANCOUNT=0 BEGIN IF @@TRANCOUNT>0 ROLLBACK SET NOEXEC ON END

--
-- Dropping constraints from [SCore].[DataObjectTransition]
--
ALTER TABLE SCore.DataObjectTransition
  DROP CONSTRAINT IF EXISTS FK_DataObjectTransition_OldStatus
GO

IF @@ERROR<>0 OR @@TRANCOUNT=0 BEGIN IF @@TRANCOUNT>0 ROLLBACK SET NOEXEC ON END

--
-- Inserting data into table [SCore].[EntityQueries]
--
SET IDENTITY_INSERT SCore.EntityQueries ON
GO

IF @@ERROR<>0 OR @@TRANCOUNT=0 BEGIN IF @@TRANCOUNT>0 ROLLBACK SET NOEXEC ON END
INSERT SCore.EntityQueries(ID, RowStatus, Guid, Name, Statement, EntityTypeID, EntityHoBTID, IsDefaultCreate, IsDefaultRead, IsDefaultUpdate, IsDefaultDelete, IsScalarExecute, IsDefaultValidation, UsesProcessGuid, IsDefaultDataPills, IsProgressData, IsMergeDocumentQuery, SchemaName, ObjectName, IsManualStatement) VALUES (354, 1, '8ae740f2-0bac-47da-bc84-90579d47d404', N'Workflow Transition Validate', N'SELECT * FROM [SCore].[tvf_WorkflowTransitionValidate]
(
   @Guid,			
   @Description,   
   @FromStatusGuid,
   @ToStatusGuid, 
   @IsFinal,       
   @Enabled,
   @WorkflowGuid       
)', 194, 149, 0, 0, 0, 0, 0, 1, 0, 0, 0, 0, N'', N'', 1)
INSERT SCore.EntityQueries(ID, RowStatus, Guid, Name, Statement, EntityTypeID, EntityHoBTID, IsDefaultCreate, IsDefaultRead, IsDefaultUpdate, IsDefaultDelete, IsScalarExecute, IsDefaultValidation, UsesProcessGuid, IsDefaultDataPills, IsProgressData, IsMergeDocumentQuery, SchemaName, ObjectName, IsManualStatement) VALUES (355, 1, 'd644fe11-2525-40f5-bb27-9a244b906d1d', N'Workflow Status Validate', N'SELECT * FROM [SCore].[tvf_WorkflowStatusValidate]
(
    @Guid,
    @OrganisationalUnitGuid
)', 187, 143, 0, 0, 0, 0, 0, 1, 0, 0, 0, 0, N'', N'', 1)
GO
SET IDENTITY_INSERT SCore.EntityQueries OFF
GO

IF @@ERROR<>0 OR @@TRANCOUNT=0 BEGIN IF @@TRANCOUNT>0 ROLLBACK SET NOEXEC ON END

--
-- Inserting data into table [SCore].[EntityQueryParameters]
--
SET IDENTITY_INSERT SCore.EntityQueryParameters ON
GO

IF @@ERROR<>0 OR @@TRANCOUNT=0 BEGIN IF @@TRANCOUNT>0 ROLLBACK SET NOEXEC ON END
INSERT SCore.EntityQueryParameters(ID, RowStatus, Guid, Name, EntityQueryID, EntityDataTypeID, MappedEntityPropertyID, DefaultValue, IsInput, IsOutput, IsReturnColumn) VALUES (1487, 1, '814e8d27-d8af-4f77-a665-3af25dbc83c1', N'@Guid', 354, 6, 2314, N'', 1, 0, 0)
INSERT SCore.EntityQueryParameters(ID, RowStatus, Guid, Name, EntityQueryID, EntityDataTypeID, MappedEntityPropertyID, DefaultValue, IsInput, IsOutput, IsReturnColumn) VALUES (1488, 1, '0a6707c4-ba00-4e47-8f1a-8cb8a7cb29d4', N'@Description', 354, 1, 2321, N'', 1, 0, 0)
INSERT SCore.EntityQueryParameters(ID, RowStatus, Guid, Name, EntityQueryID, EntityDataTypeID, MappedEntityPropertyID, DefaultValue, IsInput, IsOutput, IsReturnColumn) VALUES (1489, 1, 'dbf4721c-1322-4b78-976b-4fc614ccfe5e', N'@FromStatusGuid', 354, 6, 2316, N'', 1, 0, 0)
INSERT SCore.EntityQueryParameters(ID, RowStatus, Guid, Name, EntityQueryID, EntityDataTypeID, MappedEntityPropertyID, DefaultValue, IsInput, IsOutput, IsReturnColumn) VALUES (1490, 1, 'e9ff5471-eba3-4868-be41-e9bd9df82c51', N'@ToStatusGuid', 354, 6, 2317, N'', 1, 0, 0)
INSERT SCore.EntityQueryParameters(ID, RowStatus, Guid, Name, EntityQueryID, EntityDataTypeID, MappedEntityPropertyID, DefaultValue, IsInput, IsOutput, IsReturnColumn) VALUES (1491, 1, '4518704b-27c0-4cf3-81a4-75ceb2c0fa5f', N'@IsFinal', 354, 4, 2318, N'', 1, 0, 0)
INSERT SCore.EntityQueryParameters(ID, RowStatus, Guid, Name, EntityQueryID, EntityDataTypeID, MappedEntityPropertyID, DefaultValue, IsInput, IsOutput, IsReturnColumn) VALUES (1492, 1, 'c4b13dbb-d2bc-463c-97b8-b60fe7271c1b', N'@Enabled', 354, 4, 2319, N'', 1, 0, 0)
INSERT SCore.EntityQueryParameters(ID, RowStatus, Guid, Name, EntityQueryID, EntityDataTypeID, MappedEntityPropertyID, DefaultValue, IsInput, IsOutput, IsReturnColumn) VALUES (1493, 1, '060f5a3d-f07f-470e-8692-568709914a9e', N'@WorkflowGuid', 354, 6, 2315, N'', 1, 0, 0)
INSERT SCore.EntityQueryParameters(ID, RowStatus, Guid, Name, EntityQueryID, EntityDataTypeID, MappedEntityPropertyID, DefaultValue, IsInput, IsOutput, IsReturnColumn) VALUES (1494, 1, '0901d73c-1c9a-43db-8518-bdccce47dc5f', N'@Guid', 355, 6, 2238, N'', 1, 0, 0)
INSERT SCore.EntityQueryParameters(ID, RowStatus, Guid, Name, EntityQueryID, EntityDataTypeID, MappedEntityPropertyID, DefaultValue, IsInput, IsOutput, IsReturnColumn) VALUES (1495, 1, 'da180d8e-d5c6-4841-91c0-9674770d6a0f', N'@OrganisationalUnitGuid', 355, 6, 2239, N'', 1, 0, 0)
GO
SET IDENTITY_INSERT SCore.EntityQueryParameters OFF
GO

IF @@ERROR<>0 OR @@TRANCOUNT=0 BEGIN IF @@TRANCOUNT>0 ROLLBACK SET NOEXEC ON END

--
-- Reseed identity on SCore.EntityQueryParameters
--
DBCC CHECKIDENT('SCore.EntityQueryParameters', RESEED, 1)
GO

IF @@ERROR<>0 OR @@TRANCOUNT=0 BEGIN IF @@TRANCOUNT>0 ROLLBACK SET NOEXEC ON END

--
-- Deleting data from table [SCore].[SharepointEntityStructure]
--
DELETE SCore.SharepointEntityStructure WHERE ID = -1
GO

IF @@ERROR<>0 OR @@TRANCOUNT=0 BEGIN IF @@TRANCOUNT>0 ROLLBACK SET NOEXEC ON END

--
-- Deleting data from table [SCore].[Workflow]
--
DELETE SCore.Workflow WHERE ID = -1

--
-- Updating data of table [SCore].[Workflow]
--
UPDATE SCore.Workflow SET RowStatus = 254 WHERE ID = 8
UPDATE SCore.Workflow SET RowStatus = 254 WHERE ID = 10
UPDATE SCore.Workflow SET RowStatus = 254 WHERE ID = 12

--
-- Inserting data into table [SCore].[Workflow]
--
GO

IF @@ERROR<>0 OR @@TRANCOUNT=0 BEGIN IF @@TRANCOUNT>0 ROLLBACK SET NOEXEC ON END
SET IDENTITY_INSERT SCore.Workflow ON
GO

IF @@ERROR<>0 OR @@TRANCOUNT=0 BEGIN IF @@TRANCOUNT>0 ROLLBACK SET NOEXEC ON END
INSERT SCore.Workflow(ID, RowStatus, Guid, OrganisationalUnitId, EntityTypeID, EntityHoBTID, Name, Description, Enabled) VALUES (13, 254, 'ac3da9c0-0ae7-435c-b614-5f91bdb97f5c', 3, 9, 9, N'Test', N'', 0)
INSERT SCore.Workflow(ID, RowStatus, Guid, OrganisationalUnitId, EntityTypeID, EntityHoBTID, Name, Description, Enabled) VALUES (14, 254, 'd9dc1158-84fa-41b3-98c0-bfc24dec3d5d', 3, 55, 52, N'Quotes Test', N'', 0)
INSERT SCore.Workflow(ID, RowStatus, Guid, OrganisationalUnitId, EntityTypeID, EntityHoBTID, Name, Description, Enabled) VALUES (15, 254, '3687e516-6384-4394-b0d1-69952718b907', 3, 83, 75, N'Test Enquiries', N'', 0)
INSERT SCore.Workflow(ID, RowStatus, Guid, OrganisationalUnitId, EntityTypeID, EntityHoBTID, Name, Description, Enabled) VALUES (16, 254, '3883e9fa-f6dd-4a4d-93d1-9c1f65a95308', 3, 55, 52, N'Test Quotes', N'', 0)
INSERT SCore.Workflow(ID, RowStatus, Guid, OrganisationalUnitId, EntityTypeID, EntityHoBTID, Name, Description, Enabled) VALUES (17, 254, 'e56e6879-3ab3-4ffc-9721-d03588a69a6b', 3, 55, 52, N'TEst quote 2', N'', 0)
INSERT SCore.Workflow(ID, RowStatus, Guid, OrganisationalUnitId, EntityTypeID, EntityHoBTID, Name, Description, Enabled) VALUES (18, 254, '18eae952-374f-4850-b213-3c340d958121', 3, 9, 9, N'Test Enquiry', N'', 0)
INSERT SCore.Workflow(ID, RowStatus, Guid, OrganisationalUnitId, EntityTypeID, EntityHoBTID, Name, Description, Enabled) VALUES (19, 254, 'c66f767b-b78e-42cd-bc2c-aa4867e5f4b3', 3, 9, 9, N'Test', N'', 0)
INSERT SCore.Workflow(ID, RowStatus, Guid, OrganisationalUnitId, EntityTypeID, EntityHoBTID, Name, Description, Enabled) VALUES (20, 1, '2395aa2e-42dc-4b99-aa83-2b52e5b9e9a4', 3, 83, 75, N'Enquiry Test', N'', 0)
GO
SET IDENTITY_INSERT SCore.Workflow OFF
GO

IF @@ERROR<>0 OR @@TRANCOUNT=0 BEGIN IF @@TRANCOUNT>0 ROLLBACK SET NOEXEC ON END

--
-- Updating data of table [SCore].[WorkflowStatus]
--
UPDATE SCore.WorkflowStatus SET IsCustomerWaitingStatus = 1, RequiresUsersAction = 1 WHERE ID = 38
GO

IF @@ERROR<>0 OR @@TRANCOUNT=0 BEGIN IF @@TRANCOUNT>0 ROLLBACK SET NOEXEC ON END

--
-- Updating data of table [SCore].[WorkflowTransition]
--
UPDATE SCore.WorkflowTransition SET RowStatus = 254 WHERE ID = 14
UPDATE SCore.WorkflowTransition SET RowStatus = 254 WHERE ID = 15
UPDATE SCore.WorkflowTransition SET RowStatus = 254 WHERE ID = 25
UPDATE SCore.WorkflowTransition SET RowStatus = 254 WHERE ID = 26

--
-- Inserting data into table [SCore].[WorkflowTransition]
--
GO

IF @@ERROR<>0 OR @@TRANCOUNT=0 BEGIN IF @@TRANCOUNT>0 ROLLBACK SET NOEXEC ON END
SET IDENTITY_INSERT SCore.WorkflowTransition ON
GO

IF @@ERROR<>0 OR @@TRANCOUNT=0 BEGIN IF @@TRANCOUNT>0 ROLLBACK SET NOEXEC ON END
INSERT SCore.WorkflowTransition(ID, RowStatus, Guid, WorkflowID, FromStatusID, ToStatusID, IsFinal, Enabled, SortOrder, Description) VALUES (28, 254, '72e3f5f2-b1f5-4c03-904e-de45ba87eea0', 13, 35, 12, 1, 1, 5, N'')
INSERT SCore.WorkflowTransition(ID, RowStatus, Guid, WorkflowID, FromStatusID, ToStatusID, IsFinal, Enabled, SortOrder, Description) VALUES (29, 254, '9bbf328f-221d-4080-ad4a-7f028e9e7b15', 13, 35, 11, 1, 1, 1, N'')
INSERT SCore.WorkflowTransition(ID, RowStatus, Guid, WorkflowID, FromStatusID, ToStatusID, IsFinal, Enabled, SortOrder, Description) VALUES (30, 254, '8a623462-0c85-4782-a621-6f2cb1ddfede', 13, 35, 9, 1, 1, 2, N'')
INSERT SCore.WorkflowTransition(ID, RowStatus, Guid, WorkflowID, FromStatusID, ToStatusID, IsFinal, Enabled, SortOrder, Description) VALUES (31, 254, '66ef2b3d-9dc7-468a-b835-f91e1e454f76', 13, 35, 10, 1, 1, 6, N'')
INSERT SCore.WorkflowTransition(ID, RowStatus, Guid, WorkflowID, FromStatusID, ToStatusID, IsFinal, Enabled, SortOrder, Description) VALUES (32, 254, '295cfa09-11f8-4279-96ff-7dbe80f4eb96', 13, -1, 35, 0, 1, 0, N'')
INSERT SCore.WorkflowTransition(ID, RowStatus, Guid, WorkflowID, FromStatusID, ToStatusID, IsFinal, Enabled, SortOrder, Description) VALUES (33, 254, 'b070915e-fb92-4320-9484-86b3726c60f8', 13, 35, 26, 0, 1, 3, N'')
INSERT SCore.WorkflowTransition(ID, RowStatus, Guid, WorkflowID, FromStatusID, ToStatusID, IsFinal, Enabled, SortOrder, Description) VALUES (34, 254, '29c9550b-87d8-4acb-b89f-685a3e8d33f4', 13, 26, 11, 0, 1, 4, N'')
INSERT SCore.WorkflowTransition(ID, RowStatus, Guid, WorkflowID, FromStatusID, ToStatusID, IsFinal, Enabled, SortOrder, Description) VALUES (35, 254, 'c35ccdf0-84fd-4e70-9352-366efdcc1604', 14, 6, 7, 1, 1, 1, N'')
INSERT SCore.WorkflowTransition(ID, RowStatus, Guid, WorkflowID, FromStatusID, ToStatusID, IsFinal, Enabled, SortOrder, Description) VALUES (36, 254, 'dac1a11c-0987-4b27-9b42-e4b8171bb8f5', 14, 6, 8, 1, 1, 2, N'')
INSERT SCore.WorkflowTransition(ID, RowStatus, Guid, WorkflowID, FromStatusID, ToStatusID, IsFinal, Enabled, SortOrder, Description) VALUES (37, 254, '25adba54-9276-4f6c-b746-cfa2d4bb4266', 14, 6, 12, 1, 1, 3, N'')
INSERT SCore.WorkflowTransition(ID, RowStatus, Guid, WorkflowID, FromStatusID, ToStatusID, IsFinal, Enabled, SortOrder, Description) VALUES (38, 254, '1dd63f4c-78f6-4d83-b47e-c04e1f2f470f', 14, 6, 3, 1, 0, 4, N'')
INSERT SCore.WorkflowTransition(ID, RowStatus, Guid, WorkflowID, FromStatusID, ToStatusID, IsFinal, Enabled, SortOrder, Description) VALUES (39, 254, '04ac8b61-1e31-4aef-9328-3305de250b85', 14, -1, 14, 0, 1, -1, N'')
INSERT SCore.WorkflowTransition(ID, RowStatus, Guid, WorkflowID, FromStatusID, ToStatusID, IsFinal, Enabled, SortOrder, Description) VALUES (40, 254, '2969b61d-4dab-4d3e-aa5c-cc1b6f26e98a', 14, 14, 6, 0, 0, -1, N'')
INSERT SCore.WorkflowTransition(ID, RowStatus, Guid, WorkflowID, FromStatusID, ToStatusID, IsFinal, Enabled, SortOrder, Description) VALUES (41, 254, '307b44bf-d879-448c-983f-98a88dc8cb76', 14, -1, -1, 0, 0, 0, N'')
INSERT SCore.WorkflowTransition(ID, RowStatus, Guid, WorkflowID, FromStatusID, ToStatusID, IsFinal, Enabled, SortOrder, Description) VALUES (42, 254, 'fd56a31f-2340-4b12-8bb1-08e32a20f043', 14, 14, 6, 0, 1, 0, N'')
INSERT SCore.WorkflowTransition(ID, RowStatus, Guid, WorkflowID, FromStatusID, ToStatusID, IsFinal, Enabled, SortOrder, Description) VALUES (43, 254, '42d4642f-74f7-4473-881b-ed937d8c1a2e', 15, 2, 4, 1, 1, 1, N'')
INSERT SCore.WorkflowTransition(ID, RowStatus, Guid, WorkflowID, FromStatusID, ToStatusID, IsFinal, Enabled, SortOrder, Description) VALUES (44, 254, '2d68737a-beff-4926-a1e2-c267f78a6912', 15, 2, 3, 1, 1, 2, N'')
INSERT SCore.WorkflowTransition(ID, RowStatus, Guid, WorkflowID, FromStatusID, ToStatusID, IsFinal, Enabled, SortOrder, Description) VALUES (45, 254, '58babd52-2e8f-439e-bb39-69bc760cc692', 15, 4, 5, 0, 1, 3, N'')
INSERT SCore.WorkflowTransition(ID, RowStatus, Guid, WorkflowID, FromStatusID, ToStatusID, IsFinal, Enabled, SortOrder, Description) VALUES (46, 254, '179b862c-8bc4-4f44-9af3-001b4c5ba7f9', 15, 5, 12, 1, 1, 4, N'')
INSERT SCore.WorkflowTransition(ID, RowStatus, Guid, WorkflowID, FromStatusID, ToStatusID, IsFinal, Enabled, SortOrder, Description) VALUES (47, 254, '06c8c57d-b62d-400e-b2b5-ff8425bcbbca', 15, -1, 2, 0, 1, 0, N'')
INSERT SCore.WorkflowTransition(ID, RowStatus, Guid, WorkflowID, FromStatusID, ToStatusID, IsFinal, Enabled, SortOrder, Description) VALUES (48, 254, '63db192d-95b3-45ed-821f-e7beb0e27d7a', 15, 2, 38, 0, 1, 0, N'')
INSERT SCore.WorkflowTransition(ID, RowStatus, Guid, WorkflowID, FromStatusID, ToStatusID, IsFinal, Enabled, SortOrder, Description) VALUES (49, 254, 'db41f055-7f3e-499d-a9f6-ba643b005100', 16, 6, 7, 1, 1, 1, N'')
INSERT SCore.WorkflowTransition(ID, RowStatus, Guid, WorkflowID, FromStatusID, ToStatusID, IsFinal, Enabled, SortOrder, Description) VALUES (50, 254, '09fa75e1-7693-4bc4-8a11-31be3be62f4b', 16, 6, 8, 1, 1, 2, N'')
INSERT SCore.WorkflowTransition(ID, RowStatus, Guid, WorkflowID, FromStatusID, ToStatusID, IsFinal, Enabled, SortOrder, Description) VALUES (51, 254, 'ffe11c97-5c1d-45ba-b7e5-0ceab35b9ce1', 16, 6, 12, 1, 1, 3, N'')
INSERT SCore.WorkflowTransition(ID, RowStatus, Guid, WorkflowID, FromStatusID, ToStatusID, IsFinal, Enabled, SortOrder, Description) VALUES (52, 254, '13efc7d5-2b22-464f-a1f5-4fb25ba3c7d0', 16, 6, 3, 1, 0, 4, N'')
INSERT SCore.WorkflowTransition(ID, RowStatus, Guid, WorkflowID, FromStatusID, ToStatusID, IsFinal, Enabled, SortOrder, Description) VALUES (53, 254, '01ff1834-b5a4-47f7-a3a3-32cb43a61e04', 16, -1, 14, 0, 1, -1, N'')
INSERT SCore.WorkflowTransition(ID, RowStatus, Guid, WorkflowID, FromStatusID, ToStatusID, IsFinal, Enabled, SortOrder, Description) VALUES (54, 254, '109342bf-675f-4e04-9681-f4ea2e7b5440', 16, 14, 6, 0, 0, -1, N'')
INSERT SCore.WorkflowTransition(ID, RowStatus, Guid, WorkflowID, FromStatusID, ToStatusID, IsFinal, Enabled, SortOrder, Description) VALUES (55, 254, 'be87d59d-24e8-4aed-b34f-0354ed07c7e4', 16, -1, -1, 0, 0, 0, N'')
INSERT SCore.WorkflowTransition(ID, RowStatus, Guid, WorkflowID, FromStatusID, ToStatusID, IsFinal, Enabled, SortOrder, Description) VALUES (56, 254, 'deae2cbc-bbe0-48dc-a045-ffa3ae22ad64', 16, 14, 6, 0, 1, 0, N'')
INSERT SCore.WorkflowTransition(ID, RowStatus, Guid, WorkflowID, FromStatusID, ToStatusID, IsFinal, Enabled, SortOrder, Description) VALUES (57, 254, 'b3536776-aacc-4edb-b1f8-6762db15fc00', 17, 6, 7, 1, 1, 1, N'')
INSERT SCore.WorkflowTransition(ID, RowStatus, Guid, WorkflowID, FromStatusID, ToStatusID, IsFinal, Enabled, SortOrder, Description) VALUES (58, 254, '598495d5-306f-4200-a01c-b28d709781a9', 17, 6, 8, 1, 1, 2, N'')
INSERT SCore.WorkflowTransition(ID, RowStatus, Guid, WorkflowID, FromStatusID, ToStatusID, IsFinal, Enabled, SortOrder, Description) VALUES (59, 254, '8ba3b3ff-9e4a-4adc-ad69-c5a533472fae', 17, 6, 12, 1, 1, 3, N'')
INSERT SCore.WorkflowTransition(ID, RowStatus, Guid, WorkflowID, FromStatusID, ToStatusID, IsFinal, Enabled, SortOrder, Description) VALUES (60, 254, '862b17ba-35ff-4338-87eb-d48649ee0b71', 17, 6, 3, 1, 0, 4, N'')
INSERT SCore.WorkflowTransition(ID, RowStatus, Guid, WorkflowID, FromStatusID, ToStatusID, IsFinal, Enabled, SortOrder, Description) VALUES (61, 254, '26e6bade-141d-4166-b957-31742eb7e892', 17, -1, 14, 0, 1, -1, N'')
INSERT SCore.WorkflowTransition(ID, RowStatus, Guid, WorkflowID, FromStatusID, ToStatusID, IsFinal, Enabled, SortOrder, Description) VALUES (62, 254, '2db11924-8906-47e2-b60e-766b36c8a5c2', 17, 14, 6, 0, 1, 0, N'')
INSERT SCore.WorkflowTransition(ID, RowStatus, Guid, WorkflowID, FromStatusID, ToStatusID, IsFinal, Enabled, SortOrder, Description) VALUES (63, 254, '162b8b0b-5845-4506-b0fd-7230794ca752', 18, 2, 4, 1, 1, 1, N'')
INSERT SCore.WorkflowTransition(ID, RowStatus, Guid, WorkflowID, FromStatusID, ToStatusID, IsFinal, Enabled, SortOrder, Description) VALUES (64, 254, '249d4852-0938-446e-9976-2fab9b8425d1', 18, 2, 3, 1, 1, 2, N'')
INSERT SCore.WorkflowTransition(ID, RowStatus, Guid, WorkflowID, FromStatusID, ToStatusID, IsFinal, Enabled, SortOrder, Description) VALUES (65, 254, '014814c9-0f43-40d1-bf35-14a3dc196058', 18, 4, 5, 0, 1, 3, N'')
INSERT SCore.WorkflowTransition(ID, RowStatus, Guid, WorkflowID, FromStatusID, ToStatusID, IsFinal, Enabled, SortOrder, Description) VALUES (66, 254, '1b3a9fed-bb12-4eb9-9d12-47a41fe13bf5', 18, 5, 12, 1, 1, 4, N'')
INSERT SCore.WorkflowTransition(ID, RowStatus, Guid, WorkflowID, FromStatusID, ToStatusID, IsFinal, Enabled, SortOrder, Description) VALUES (67, 254, 'b82fdcca-a0f4-4639-970f-bdee6a87ca4b', 18, -1, 2, 0, 1, 0, N'')
INSERT SCore.WorkflowTransition(ID, RowStatus, Guid, WorkflowID, FromStatusID, ToStatusID, IsFinal, Enabled, SortOrder, Description) VALUES (68, 254, '8ebb1ac4-bcfd-42a8-81a9-359a32883448', 18, 2, 38, 0, 1, 0, N'')
INSERT SCore.WorkflowTransition(ID, RowStatus, Guid, WorkflowID, FromStatusID, ToStatusID, IsFinal, Enabled, SortOrder, Description) VALUES (69, 254, '3edf8f63-5e1c-4c44-b8fc-a56dc566f0e1', 19, 35, 12, 1, 1, 5, N'')
INSERT SCore.WorkflowTransition(ID, RowStatus, Guid, WorkflowID, FromStatusID, ToStatusID, IsFinal, Enabled, SortOrder, Description) VALUES (70, 254, '29df027b-b289-47e1-adee-346772d5bf3c', 19, 35, 11, 1, 1, 1, N'')
INSERT SCore.WorkflowTransition(ID, RowStatus, Guid, WorkflowID, FromStatusID, ToStatusID, IsFinal, Enabled, SortOrder, Description) VALUES (71, 254, '47c7eabb-be60-487c-9d3f-778877e652ed', 19, 35, 9, 1, 1, 2, N'')
INSERT SCore.WorkflowTransition(ID, RowStatus, Guid, WorkflowID, FromStatusID, ToStatusID, IsFinal, Enabled, SortOrder, Description) VALUES (72, 254, 'd9963396-b21e-44f9-801f-ee85f3a19636', 19, 35, 10, 1, 1, 6, N'')
INSERT SCore.WorkflowTransition(ID, RowStatus, Guid, WorkflowID, FromStatusID, ToStatusID, IsFinal, Enabled, SortOrder, Description) VALUES (73, 254, '2cabe7cc-d24f-46f0-b99b-062c7f49fd1a', 19, -1, 35, 0, 1, 0, N'')
INSERT SCore.WorkflowTransition(ID, RowStatus, Guid, WorkflowID, FromStatusID, ToStatusID, IsFinal, Enabled, SortOrder, Description) VALUES (74, 254, 'cfcc39be-cffd-449c-8802-36e19786c74a', 19, 35, 26, 0, 1, 3, N'')
INSERT SCore.WorkflowTransition(ID, RowStatus, Guid, WorkflowID, FromStatusID, ToStatusID, IsFinal, Enabled, SortOrder, Description) VALUES (75, 254, '85858d2c-78c2-49c0-bd34-24935f729fa8', 19, 26, 11, 0, 1, 4, N'')
INSERT SCore.WorkflowTransition(ID, RowStatus, Guid, WorkflowID, FromStatusID, ToStatusID, IsFinal, Enabled, SortOrder, Description) VALUES (76, 1, '6f1f79a7-e455-4aef-8958-ba143992531c', 20, 2, 4, 1, 1, 1, N'')
INSERT SCore.WorkflowTransition(ID, RowStatus, Guid, WorkflowID, FromStatusID, ToStatusID, IsFinal, Enabled, SortOrder, Description) VALUES (77, 1, '166588cb-34d8-4d54-878e-680b956f5f8f', 20, 2, 3, 1, 1, 2, N'')
INSERT SCore.WorkflowTransition(ID, RowStatus, Guid, WorkflowID, FromStatusID, ToStatusID, IsFinal, Enabled, SortOrder, Description) VALUES (78, 1, '4f1dd0fb-8a5d-4157-af81-51f6db3ea387', 20, 4, 5, 0, 1, 3, N'')
INSERT SCore.WorkflowTransition(ID, RowStatus, Guid, WorkflowID, FromStatusID, ToStatusID, IsFinal, Enabled, SortOrder, Description) VALUES (79, 1, 'f660fad4-257a-4e38-8486-fed29343bd78', 20, 5, 12, 1, 1, 4, N'')
INSERT SCore.WorkflowTransition(ID, RowStatus, Guid, WorkflowID, FromStatusID, ToStatusID, IsFinal, Enabled, SortOrder, Description) VALUES (80, 1, '8c9acc7c-6f1e-426f-89f5-229ab650fd6f', 20, -1, 2, 0, 1, 0, N'')
INSERT SCore.WorkflowTransition(ID, RowStatus, Guid, WorkflowID, FromStatusID, ToStatusID, IsFinal, Enabled, SortOrder, Description) VALUES (81, 1, '3db17b46-e900-49be-82cb-28ae5bbe3499', 20, 2, 38, 0, 1, 0, N'')
INSERT SCore.WorkflowTransition(ID, RowStatus, Guid, WorkflowID, FromStatusID, ToStatusID, IsFinal, Enabled, SortOrder, Description) VALUES (82, 1, '02153db7-8d4e-4af4-b1b0-f00a1f7be8a7', 20, -1, 38, 0, 1, 0, N'')
GO
SET IDENTITY_INSERT SCore.WorkflowTransition OFF
GO

IF @@ERROR<>0 OR @@TRANCOUNT=0 BEGIN IF @@TRANCOUNT>0 ROLLBACK SET NOEXEC ON END

--
-- Creating constraints for [SCore].[EntityQueries]
--
ALTER TABLE SCore.EntityQueries WITH NOCHECK
  ADD CONSTRAINT FK_EntityQueries_EntityHoBTs FOREIGN KEY (EntityHoBTID) REFERENCES SCore.EntityHobts(ID) ON DELETE NO ACTION ON UPDATE NO ACTION
ALTER TABLE SCore.EntityQueries WITH NOCHECK
  ADD CONSTRAINT FK_EntityQueries_EntityTypes FOREIGN KEY (EntityTypeID) REFERENCES SCore.EntityTypes(ID) ON DELETE CASCADE ON UPDATE NO ACTION
ALTER TABLE SCore.EntityQueries WITH NOCHECK
  ADD CONSTRAINT FK_EntityQueries_RowStatus FOREIGN KEY (RowStatus) REFERENCES SCore.RowStatus(ID) ON DELETE NO ACTION ON UPDATE NO ACTION
GO

IF @@ERROR<>0 OR @@TRANCOUNT=0 BEGIN IF @@TRANCOUNT>0 ROLLBACK SET NOEXEC ON END

--
-- Creating constraints for [SCore].[EntityQueryParameters]
--
ALTER TABLE SCore.EntityQueryParameters WITH NOCHECK
  ADD CONSTRAINT FK_EntityQueryParameters_EntityDataTypes FOREIGN KEY (EntityDataTypeID) REFERENCES SCore.EntityDataTypes(ID) ON DELETE NO ACTION ON UPDATE NO ACTION
ALTER TABLE SCore.EntityQueryParameters WITH NOCHECK
  ADD CONSTRAINT FK_EntityQueryParameters_EntityProperties FOREIGN KEY (MappedEntityPropertyID) REFERENCES SCore.EntityProperties(ID) ON DELETE NO ACTION ON UPDATE NO ACTION
ALTER TABLE SCore.EntityQueryParameters WITH NOCHECK
  ADD CONSTRAINT FK_EntityQueryParameters_EntityQueries FOREIGN KEY (EntityQueryID) REFERENCES SCore.EntityQueries(ID) ON DELETE CASCADE ON UPDATE NO ACTION
ALTER TABLE SCore.EntityQueryParameters WITH NOCHECK
  ADD CONSTRAINT FK_EntityQueryParameters_RowStatus FOREIGN KEY (RowStatus) REFERENCES SCore.RowStatus(ID) ON DELETE NO ACTION ON UPDATE NO ACTION
GO

IF @@ERROR<>0 OR @@TRANCOUNT=0 BEGIN IF @@TRANCOUNT>0 ROLLBACK SET NOEXEC ON END

--
-- Creating constraints for [SCore].[SharepointEntityStructure]
--
ALTER TABLE SCore.SharepointEntityStructure WITH NOCHECK
  ADD CONSTRAINT FK_SharepointEntityStructure_EntityTypes FOREIGN KEY (EntityTypeID) REFERENCES SCore.EntityTypes(ID) ON DELETE NO ACTION ON UPDATE NO ACTION
ALTER TABLE SCore.SharepointEntityStructure WITH NOCHECK
  ADD CONSTRAINT FK_SharepointEntityStructure_RowStatus FOREIGN KEY (RowStatus) REFERENCES SCore.RowStatus(ID) ON DELETE NO ACTION ON UPDATE NO ACTION
ALTER TABLE SCore.SharepointEntityStructure WITH NOCHECK
  ADD CONSTRAINT FK_SharepointEntityStructure_SharepointEntityStructure FOREIGN KEY (ParentStructureID) REFERENCES SCore.SharepointEntityStructure(ID) ON DELETE NO ACTION ON UPDATE NO ACTION
ALTER TABLE SCore.SharepointEntityStructure WITH NOCHECK
  ADD CONSTRAINT FK_SharepointEntityStructure_SharepointSites FOREIGN KEY (SharePointSiteID) REFERENCES SCore.SharepointSites(ID) ON DELETE CASCADE ON UPDATE NO ACTION
GO

IF @@ERROR<>0 OR @@TRANCOUNT=0 BEGIN IF @@TRANCOUNT>0 ROLLBACK SET NOEXEC ON END

--
-- Creating constraints for [SCore].[Workflow]
--
ALTER TABLE SCore.Workflow WITH NOCHECK
  ADD CONSTRAINT FK_Workflow_EntityHoBTs FOREIGN KEY (EntityHoBTID) REFERENCES SCore.EntityHobts(ID) ON DELETE NO ACTION ON UPDATE NO ACTION
ALTER TABLE SCore.Workflow WITH NOCHECK
  ADD CONSTRAINT FK_Workflow_EntityTypes FOREIGN KEY (EntityTypeID) REFERENCES SCore.EntityTypes(ID) ON DELETE NO ACTION ON UPDATE NO ACTION
GO

IF @@ERROR<>0 OR @@TRANCOUNT=0 BEGIN IF @@TRANCOUNT>0 ROLLBACK SET NOEXEC ON END

--
-- Creating constraints for [SCore].[WorkflowTransition]
--
ALTER TABLE SCore.WorkflowTransition WITH NOCHECK
  ADD CONSTRAINT FK_WorkflowTransition_FromStatus FOREIGN KEY (FromStatusID) REFERENCES SCore.WorkflowStatus(ID) ON DELETE NO ACTION ON UPDATE NO ACTION
ALTER TABLE SCore.WorkflowTransition WITH NOCHECK
  ADD CONSTRAINT FK_WorkflowTransition_ToStatus FOREIGN KEY (ToStatusID) REFERENCES SCore.WorkflowStatus(ID) ON DELETE NO ACTION ON UPDATE NO ACTION
ALTER TABLE SCore.WorkflowTransition WITH NOCHECK
  ADD CONSTRAINT FK_WorkflowTransition_Workflow FOREIGN KEY (WorkflowID) REFERENCES SCore.Workflow(ID) ON DELETE NO ACTION ON UPDATE NO ACTION
GO

IF @@ERROR<>0 OR @@TRANCOUNT=0 BEGIN IF @@TRANCOUNT>0 ROLLBACK SET NOEXEC ON END

--
-- Creating constraints for [SUserInterface].[ActionMenuItems]
--
ALTER TABLE SUserInterface.ActionMenuItems WITH NOCHECK
  ADD CONSTRAINT FK_ActionMenuItems_EntityQueries FOREIGN KEY (EntityQueryId) REFERENCES SCore.EntityQueries(ID) ON DELETE NO ACTION ON UPDATE NO ACTION
GO

IF @@ERROR<>0 OR @@TRANCOUNT=0 BEGIN IF @@TRANCOUNT>0 ROLLBACK SET NOEXEC ON END

--
-- Creating constraints for [SUserInterface].[GridViewActions]
--
ALTER TABLE SUserInterface.GridViewActions WITH NOCHECK
  ADD CONSTRAINT FK_GridViewActions_EntityQueries FOREIGN KEY (EntityQueryId) REFERENCES SCore.EntityQueries(ID) ON DELETE NO ACTION ON UPDATE NO ACTION
GO

IF @@ERROR<>0 OR @@TRANCOUNT=0 BEGIN IF @@TRANCOUNT>0 ROLLBACK SET NOEXEC ON END

--
-- Creating constraints for [SUserInterface].[GridViewWidgetQueries]
--
ALTER TABLE SUserInterface.GridViewWidgetQueries WITH NOCHECK
  ADD CONSTRAINT FK_GridViewWidgetQueries_EntityQueries FOREIGN KEY (EntityQueryId) REFERENCES SCore.EntityQueries(ID) ON DELETE NO ACTION ON UPDATE NO ACTION
GO

IF @@ERROR<>0 OR @@TRANCOUNT=0 BEGIN IF @@TRANCOUNT>0 ROLLBACK SET NOEXEC ON END

--
-- Creating constraints for [SCore].[DataObjectTransition]
--
ALTER TABLE SCore.DataObjectTransition WITH NOCHECK
  ADD CONSTRAINT FK_DataObjectTransition_OldStatus FOREIGN KEY (OldStatusID) REFERENCES SCore.WorkflowStatus(ID) ON DELETE NO ACTION ON UPDATE NO ACTION
GO

IF @@ERROR<>0 OR @@TRANCOUNT=0 BEGIN IF @@TRANCOUNT>0 ROLLBACK SET NOEXEC ON END

--
-- Enabling DML triggers for [SCore].[EntityQueries]
--
GO
ENABLE TRIGGER ALL ON SCore.EntityQueries
GO

IF @@ERROR<>0 OR @@TRANCOUNT=0 BEGIN IF @@TRANCOUNT>0 ROLLBACK SET NOEXEC ON END

--
-- Enabling DML triggers for [SCore].[EntityQueryParameters]
--
GO
ENABLE TRIGGER ALL ON SCore.EntityQueryParameters
GO

IF @@ERROR<>0 OR @@TRANCOUNT=0 BEGIN IF @@TRANCOUNT>0 ROLLBACK SET NOEXEC ON END

--
-- Enabling DML triggers for [SCore].[Workflow]
--
GO
ENABLE TRIGGER ALL ON SCore.Workflow
GO

IF @@ERROR<>0 OR @@TRANCOUNT=0 BEGIN IF @@TRANCOUNT>0 ROLLBACK SET NOEXEC ON END

--
-- Enabling DML triggers for [SCore].[WorkflowStatus]
--
GO
ENABLE TRIGGER ALL ON SCore.WorkflowStatus
GO

IF @@ERROR<>0 OR @@TRANCOUNT=0 BEGIN IF @@TRANCOUNT>0 ROLLBACK SET NOEXEC ON END

--
-- Enabling DML triggers for [SCore].[WorkflowTransition]
--
GO
ENABLE TRIGGER ALL ON SCore.WorkflowTransition
GO

IF @@ERROR<>0 OR @@TRANCOUNT=0 BEGIN IF @@TRANCOUNT>0 ROLLBACK SET NOEXEC ON END

--
-- Commit Transaction
--
IF @@TRANCOUNT>0 COMMIT TRANSACTION
SET NOEXEC OFF
GO