"ComparisonGuid","ObjectType","SchemaName","ObjectName","ParentObjectName","DifferenceType","IsDeployable","IsDestructiveRisk","IsSelected","HasExplicitSelection"
"6b2279a4-0d03-4152-ad94-12610b52d3e4","Table","SCore","EntityTypes","","Different","True","True","True","True"
"b3c327b1-b242-42d6-85f7-29fab376757b","Table","SCore","ObjectSecurity","","Different","True","True","True","True"
"653b74e9-351b-4da4-ba8a-70d41ba95ed9","Table","SJob","PurchaseOrders","","Different","True","True","True","True"
"39a76c1d-d50c-4a1d-8ccd-33ac519df3dd","Table","SJob","SubContractorInvoices","","Different","True","True","True","True"
"e273a70c-34ad-4003-89ec-b498db3b530f","Table","SMigration","Onboarding_EntityScope","","MissingInTarget","True","False","True","True"
"7b4c792f-fe21-4f9e-89a1-4756f8ae323b","Table","SMigration","Onboarding_OrganisationalUnits","","Different","True","True","True","True"
"77b9823d-3302-4756-9166-387626b74bf4","Table","SMigration","Onboarding_Run","","Different","True","True","True","True"
"21e3df85-d730-4d5b-9b6c-dbda63d53d2f","Table","SMigration","Onboarding_RunEntitySelections","","MissingInTarget","True","False","True","True"
"3718e36e-23f2-4ef5-88de-30fbe31e9b3a","Table","SMigration","Onboarding_RunStageSelections","","MissingInTarget","True","False","True","True"
"5708e557-7c81-484c-85d4-a789bd802e4a","Table","SMigration","Onboarding_WorkflowStatuses","","MissingInTarget","True","False","True","True"
"a5ad02db-de22-4462-b264-f4ddea544c4a","Table","SSop","CriticalProjectNotes","","MissingInTarget","True","False","True","True"
"6c5a4080-4dd8-4657-ab55-78c1c89ace56","Constraint","SCore","DF__tvf_DataO__IsHid__25767D7C","tvf_DataObjectTransitionValidate","MissingInTarget","True","False","True","True"
"792bc6e9-4989-42fc-b78d-818f4d8e87ed","Constraint","SCore","DF__tvf_DataO__IsInf__275EC5EE","tvf_DataObjectTransitionValidate","MissingInTarget","True","False","True","True"
"4ed9a009-c3d0-487f-b4f9-6c88ad49d7e5","Constraint","SCore","DF__tvf_DataO__IsInv__266AA1B5","tvf_DataObjectTransitionValidate","MissingInTarget","True","False","True","True"
"895bc721-7581-4c20-8308-37abc61b6d0b","Constraint","SCore","DF__tvf_DataO__IsRea__24825943","tvf_DataObjectTransitionValidate","MissingInTarget","True","False","True","True"
"65cff6ea-d483-4930-95eb-05f2cf44874c","Constraint","SCore","DF__tvf_DataO__Messa__2852EA27","tvf_DataObjectTransitionValidate","MissingInTarget","True","False","True","True"
"66547994-5661-4ba3-878f-98f01231064e","Constraint","SCore","DF__tvf_DataO__Targe__229A10D1","tvf_DataObjectTransitionValidate","MissingInTarget","True","False","True","True"
"653327d2-be82-46a4-ad44-c0b17260cbe8","Constraint","SCore","DF__tvf_DataO__Targe__238E350A","tvf_DataObjectTransitionValidate","MissingInTarget","True","False","True","True"
"201071e9-fb41-4fec-b39e-dd2af7fb1f13","Constraint","SCore","DF__tvf_Workf__IsHid__00A4EB80","tvf_WorkflowTransitionValidate","MissingInTarget","True","False","True","True"
"e37df8ec-9be9-4c71-be44-851f15fc4b01","Constraint","SCore","DF__tvf_Workf__IsHid__0751E90F","tvf_WorkflowValidate","MissingInTarget","True","False","True","True"
"81fb7dd9-eba8-47f6-a0bc-3d7805d1fbc6","Constraint","SCore","DF__tvf_Workf__IsHid__79F7EDF1","tvf_WorkflowStatusValidate","MissingInTarget","True","False","True","True"
"a116c04c-2ea4-4a75-92cb-4a4ba86ff3d4","Constraint","SCore","DF__tvf_Workf__IsInf__028D33F2","tvf_WorkflowTransitionValidate","MissingInTarget","True","False","True","True"
"e0a06af5-3da0-40de-ae41-70086f8b5a46","Constraint","SCore","DF__tvf_Workf__IsInf__093A3181","tvf_WorkflowValidate","MissingInTarget","True","False","True","True"
"a3afc765-20bb-43e1-8dce-1db725ce51f2","Constraint","SCore","DF__tvf_Workf__IsInf__7BE03663","tvf_WorkflowStatusValidate","MissingInTarget","True","False","True","True"
"b86c0a07-4575-4332-bdff-21717b54c07e","Constraint","SCore","DF__tvf_Workf__IsInv__01990FB9","tvf_WorkflowTransitionValidate","MissingInTarget","True","False","True","True"
"b6c25924-42c4-4e86-b9bd-56fc067e3998","Constraint","SCore","DF__tvf_Workf__IsInv__08460D48","tvf_WorkflowValidate","MissingInTarget","True","False","True","True"
"df0970f0-c756-4599-942a-80ca376444e2","Constraint","SCore","DF__tvf_Workf__IsInv__7AEC122A","tvf_WorkflowStatusValidate","MissingInTarget","True","False","True","True"
"1eb09d58-ed21-4baa-8a66-067f11533408","Constraint","SCore","DF__tvf_Workf__IsRea__065DC4D6","tvf_WorkflowValidate","MissingInTarget","True","False","True","True"
"14c0910e-36f9-4158-bcc6-8db211597c77","Constraint","SCore","DF__tvf_Workf__IsRea__7903C9B8","tvf_WorkflowStatusValidate","MissingInTarget","True","False","True","True"
"da9f0606-070f-46b5-815f-2a859d7fca49","Constraint","SCore","DF__tvf_Workf__IsRea__7FB0C747","tvf_WorkflowTransitionValidate","MissingInTarget","True","False","True","True"
"2b875235-5549-4086-a900-2bcef9f91e18","Constraint","SCore","DF__tvf_Workf__Messa__0381582B","tvf_WorkflowTransitionValidate","MissingInTarget","True","False","True","True"
"cd7dd01f-5c84-4d3e-bcc2-4af048f5bb2d","Constraint","SCore","DF__tvf_Workf__Messa__0A2E55BA","tvf_WorkflowValidate","MissingInTarget","True","False","True","True"
"964ddaed-eaed-4b9f-bbc8-cb1cdebd1824","Constraint","SCore","DF__tvf_Workf__Messa__7CD45A9C","tvf_WorkflowStatusValidate","MissingInTarget","True","False","True","True"
"35633d8b-85b3-4acc-bd85-bda3925f76a1","Constraint","SCore","DF__tvf_Workf__Targe__04757C64","tvf_WorkflowValidate","MissingInTarget","True","False","True","True"
"a83d38f6-bfd7-4c26-ad07-97839fccf836","Constraint","SCore","DF__tvf_Workf__Targe__0569A09D","tvf_WorkflowValidate","MissingInTarget","True","False","True","True"
"b6e4999e-bd5e-4e39-b1d6-3ee64586fa14","Constraint","SCore","DF__tvf_Workf__Targe__771B8146","tvf_WorkflowStatusValidate","MissingInTarget","True","False","True","True"
"10943a6b-7d86-4cab-9e4f-df70d8731b61","Constraint","SCore","DF__tvf_Workf__Targe__780FA57F","tvf_WorkflowStatusValidate","MissingInTarget","True","False","True","True"
"1423cba9-3ca9-4f6c-8ff0-1e3599ce38cf","Constraint","SCore","DF__tvf_Workf__Targe__7DC87ED5","tvf_WorkflowTransitionValidate","MissingInTarget","True","False","True","True"
"747e3535-d2a3-4edf-aaff-c0bb5bedd271","Constraint","SCore","DF__tvf_Workf__Targe__7EBCA30E","tvf_WorkflowTransitionValidate","MissingInTarget","True","False","True","True"
"66e9443c-e376-42fa-9cfc-f78ab79eeff0","Constraint","SCore","DF_EntityTypes_IsOnBoarding","EntityTypes","MissingInTarget","True","False","True","True"
"3e401705-7cd5-4a65-ac3a-3a77a9f2d715","Constraint","SFin","DF__Transacti__IsHid__37F5206A","TransactionsValidate","MissingInTarget","True","False","True","True"
"1a78ab67-7308-4496-a822-4ec66453fe72","Constraint","SFin","DF__Transacti__IsHid__46433FC1","TransactionDetailsValidate","MissingInTarget","True","False","True","True"
"9fe04893-c8f3-4f1e-b403-0b26c3df98dc","Constraint","SFin","DF__Transacti__IsInf__39DD68DC","TransactionsValidate","MissingInTarget","True","False","True","True"
"5d9783e9-d811-4f01-bb68-ffcf7b35f57a","Constraint","SFin","DF__Transacti__IsInf__482B8833","TransactionDetailsValidate","MissingInTarget","True","False","True","True"
"36e622d6-2342-4620-ba93-87528fb86f78","Constraint","SFin","DF__Transacti__IsInv__38E944A3","TransactionsValidate","MissingInTarget","True","False","True","True"
"7a2315d9-f988-4d18-9360-220acb87db15","Constraint","SFin","DF__Transacti__IsInv__473763FA","TransactionDetailsValidate","MissingInTarget","True","False","True","True"
"b593c5ea-7fde-48e0-bbe6-474855837f88","Constraint","SFin","DF__Transacti__IsRea__3700FC31","TransactionsValidate","MissingInTarget","True","False","True","True"
"0d1a1b37-6d06-4326-89ba-ccf7d4c96d36","Constraint","SFin","DF__Transacti__IsRea__454F1B88","TransactionDetailsValidate","MissingInTarget","True","False","True","True"
"3ca63366-04a2-4e85-8d0f-5ebd57d5d63f","Constraint","SFin","DF__Transacti__Messa__3AD18D15","TransactionsValidate","MissingInTarget","True","False","True","True"
"c46f80a2-e34d-4ac8-a846-2fae1046be2a","Constraint","SFin","DF__Transacti__Messa__491FAC6C","TransactionDetailsValidate","MissingInTarget","True","False","True","True"
"c364e49c-a825-4a7e-93e8-1cb148238796","Constraint","SFin","DF__Transacti__Targe__3518B3BF","TransactionsValidate","MissingInTarget","True","False","True","True"
"cd91a841-b346-41e2-8181-67704148ea98","Constraint","SFin","DF__Transacti__Targe__360CD7F8","TransactionsValidate","MissingInTarget","True","False","True","True"
"c23f325f-c279-492e-b32b-fd59356594b8","Constraint","SFin","DF__Transacti__Targe__4366D316","TransactionDetailsValidate","MissingInTarget","True","False","True","True"
"abd5ccd9-6a3e-4a9a-b22c-e37a33d9b13f","Constraint","SFin","DF__Transacti__Targe__445AF74F","TransactionDetailsValidate","MissingInTarget","True","False","True","True"
"d562abe1-8a23-4eb8-9c15-c18b93fdf6a5","Constraint","SFin","DF__tvf_Invoi__IsHid__031743D7","tvf_InvoiceScheduleMonthConfigurationValidate","MissingInTarget","True","False","True","True"
"02128408-e7d3-4bf4-89a0-72e07eb51124","Constraint","SFin","DF__tvf_Invoi__IsInf__04FF8C49","tvf_InvoiceScheduleMonthConfigurationValidate","MissingInTarget","True","False","True","True"
"cc27dce3-70e5-4635-97e1-32519119444a","Constraint","SFin","DF__tvf_Invoi__IsInv__040B6810","tvf_InvoiceScheduleMonthConfigurationValidate","MissingInTarget","True","False","True","True"
"7b9b3248-8865-47bf-a4fe-66525b0f9b00","Constraint","SFin","DF__tvf_Invoi__IsRea__02231F9E","tvf_InvoiceScheduleMonthConfigurationValidate","MissingInTarget","True","False","True","True"
"e7fe50ac-557a-4649-a612-25dd28c6ecb2","Constraint","SFin","DF__tvf_Invoi__Messa__05F3B082","tvf_InvoiceScheduleMonthConfigurationValidate","MissingInTarget","True","False","True","True"
"0f9548c7-c86c-4f6d-b05f-dd2eaefaa6ab","Constraint","SFin","DF__tvf_Invoi__Targe__003AD72C","tvf_InvoiceScheduleMonthConfigurationValidate","MissingInTarget","True","False","True","True"
"043f9f69-231c-415c-961f-fc3f6a6aa63c","Constraint","SFin","DF__tvf_Invoi__Targe__012EFB65","tvf_InvoiceScheduleMonthConfigurationValidate","MissingInTarget","True","False","True","True"
"187710c5-8a38-4de7-9c79-8e5eb6d2485f","Constraint","SJob","DF__RibaStage__IsHid__0B81A14F","RibaStagesValidate","MissingInTarget","True","False","True","True"
"7ffbb901-d581-449e-8c40-8092a5a58048","Constraint","SJob","DF__RibaStage__IsInf__0D69E9C1","RibaStagesValidate","MissingInTarget","True","False","True","True"
"e6b5a4b4-8488-4272-ab56-1b15a8170bb3","Constraint","SJob","DF__RibaStage__IsInv__0C75C588","RibaStagesValidate","MissingInTarget","True","False","True","True"
"cbea6663-d3b3-42a4-b7e1-b5481ebd44e9","Constraint","SJob","DF__RibaStage__IsRea__0A8D7D16","RibaStagesValidate","MissingInTarget","True","False","True","True"
"b037928b-3443-4e4d-b211-3c2dd5d527d0","Constraint","SJob","DF__RibaStage__Messa__0E5E0DFA","RibaStagesValidate","MissingInTarget","True","False","True","True"
"89b8e9cd-9dab-45ee-afe8-368be1b99363","Constraint","SJob","DF__RibaStage__Targe__08A534A4","RibaStagesValidate","MissingInTarget","True","False","True","True"
"3333d47a-9196-4910-94ac-2ce09ff6e15f","Constraint","SJob","DF__RibaStage__Targe__099958DD","RibaStagesValidate","MissingInTarget","True","False","True","True"
"51de092b-5cc4-40d6-a660-bddfa7667fee","Constraint","SJob","DF__tvf_JobsV__IsHid__04B4A82F","tvf_JobsValidate","MissingInTarget","True","False","True","True"
"ab06a8b6-93a9-46ea-b9c9-10961d9e2da8","Constraint","SJob","DF__tvf_JobsV__IsInf__069CF0A1","tvf_JobsValidate","MissingInTarget","True","False","True","True"
"048b7537-a4d4-4472-adf4-ccefe8f96444","Constraint","SJob","DF__tvf_JobsV__IsInv__05A8CC68","tvf_JobsValidate","MissingInTarget","True","False","True","True"
"2f31b344-b450-4680-8eab-5506727722b6","Constraint","SJob","DF__tvf_JobsV__IsRea__03C083F6","tvf_JobsValidate","MissingInTarget","True","False","True","True"
"3ee70399-5414-4663-9f5d-2d3a367befdd","Constraint","SJob","DF__tvf_JobsV__Messa__079114DA","tvf_JobsValidate","MissingInTarget","True","False","True","True"
"2e3aabf4-0c2c-48b3-9ac4-c5d6cb96f223","Constraint","SJob","DF__tvf_JobsV__Targe__01D83B84","tvf_JobsValidate","MissingInTarget","True","False","True","True"
"28edf018-87e8-40a7-bfdc-e524fdbc0c27","Constraint","SJob","DF__tvf_JobsV__Targe__02CC5FBD","tvf_JobsValidate","MissingInTarget","True","False","True","True"
"4aaf2bde-1e15-416a-b582-46c6bf03fa93","Constraint","SJob","DF_PurchaseOrders_InvoiceRequestId","PurchaseOrders","MissingInTarget","True","False","True","True"
"4e6d429d-02c3-4706-bba1-71d2762a2616","Constraint","SJob","DF_SubContractorInvoices_SubContractorId","SubContractorInvoices","MissingInTarget","True","False","True","True"
"2016b87e-ea18-4e8a-8583-f0372a002447","Constraint","SJob","FK_PurchaseOrders_InvoiceRequestId","PurchaseOrders","MissingInTarget","True","False","True","True"
"d18d94dc-b8ee-4b59-b786-a7c871c70b74","Constraint","SJob","FK_SubContractorInvoices_SubContractorId","SubContractorInvoices","MissingInTarget","True","False","True","True"
"7ee3fbf5-a7b4-4955-bd06-ba80d2824b9c","Constraint","SMigration","DF_Onboarding_EntityScope_CanDeselect","Onboarding_EntityScope","MissingInTarget","True","False","True","True"
"46c7b62d-9631-4dc1-ab4a-b9afbd6ab00b","Constraint","SMigration","DF_Onboarding_EntityScope_Category","Onboarding_EntityScope","MissingInTarget","True","False","True","True"
"28c9ee8e-93c8-4385-b0b5-3b4acdd3fb14","Constraint","SMigration","DF_Onboarding_EntityScope_CreatedUtc","Onboarding_EntityScope","MissingInTarget","True","False","True","True"
"f7752106-2d98-4fa4-a98e-b2626cfa6a57","Constraint","SMigration","DF_Onboarding_EntityScope_DefaultSelected","Onboarding_EntityScope","MissingInTarget","True","False","True","True"
"cec3a428-2d5a-4c12-a9e5-8ecbdbdeb069","Constraint","SMigration","DF_Onboarding_EntityScope_Description","Onboarding_EntityScope","MissingInTarget","True","False","True","True"
"0cd79058-7d14-4e2a-b455-d6655e7a8916","Constraint","SMigration","DF_Onboarding_EntityScope_HandlerKey","Onboarding_EntityScope","MissingInTarget","True","False","True","True"
"66cabdb9-a5a0-43cf-ba14-fb61dde73bc1","Constraint","SMigration","DF_Onboarding_EntityScope_IsImplemented","Onboarding_EntityScope","MissingInTarget","True","False","True","True"
"ae616686-3fb0-454f-ad01-db3241e1248f","Constraint","SMigration","DF_Onboarding_EntityScope_IsRequired","Onboarding_EntityScope","MissingInTarget","True","False","True","True"
"737c3308-12bf-4aa0-8689-ea29ca0bd700","Constraint","SMigration","DF_Onboarding_EntityScope_IsSupportData","Onboarding_EntityScope","MissingInTarget","True","False","True","True"
"f9515931-6687-4c6a-820e-e11a5530d854","Constraint","SMigration","DF_Onboarding_EntityScope_RequiredDependencyCodes","Onboarding_EntityScope","MissingInTarget","True","False","True","True"
"549b0556-75d0-4ef3-9be5-4e4b71b9f6cf","Constraint","SMigration","DF_Onboarding_EntityScope_RowStatus","Onboarding_EntityScope","MissingInTarget","True","False","True","True"
"3b307a09-6b13-4a13-bc13-91ee9ab816f1","Constraint","SMigration","DF_Onboarding_EntityScope_ScopeType","Onboarding_EntityScope","MissingInTarget","True","False","True","True"
"e7ed421c-fe84-4af7-b42c-695cb3d8fc33","Constraint","SMigration","DF_Onboarding_EntityScope_SourceSchemaName","Onboarding_EntityScope","MissingInTarget","True","False","True","True"
"7d8718d3-2030-47b1-9104-1fa5fbee3ece","Constraint","SMigration","DF_Onboarding_EntityScope_SourceTableName","Onboarding_EntityScope","MissingInTarget","True","False","True","True"
"3143a5d0-fcb0-47d0-8320-602aa01c5c3d","Constraint","SMigration","DF_Onboarding_EntityScope_UpdatedUtc","Onboarding_EntityScope","MissingInTarget","True","False","True","True"
"7d6a2761-62ad-406a-adce-e55e98fbfc32","Constraint","SMigration","DF_Onboarding_RunEntitySelections_IsSelected","Onboarding_RunEntitySelections","MissingInTarget","True","False","True","True"
"401c5443-208e-4b48-a1b6-9ab3f18dedb7","Constraint","SMigration","DF_Onboarding_RunEntitySelections_RowStatus","Onboarding_RunEntitySelections","MissingInTarget","True","False","True","True"
"3060c86d-e703-487f-b5c3-50d8122fed32","Constraint","SMigration","DF_Onboarding_RunEntitySelections_SelectedByUserId","Onboarding_RunEntitySelections","MissingInTarget","True","False","True","True"
"2b152c8a-abb1-4b28-a8ab-1750eda5788b","Constraint","SMigration","DF_Onboarding_RunEntitySelections_SelectedOnUtc","Onboarding_RunEntitySelections","MissingInTarget","True","False","True","True"
"5403c3cd-1c9c-4219-84b0-fc9e30f466b3","Constraint","SMigration","DF_Onboarding_RunEntitySelections_SelectionSource","Onboarding_RunEntitySelections","MissingInTarget","True","False","True","True"
"1494260f-1647-4dbd-9c33-3d153481d572","Constraint","SMigration","DF_SMigration_Onboarding_Run_RowStatus","Onboarding_Run","MissingInTarget","True","False","True","True"
"6785d86e-a6ec-4821-902a-9f0d4ea27e34","Constraint","SMigration","DF_SMigration_Onboarding_Run_SourceServerName","Onboarding_Run","MissingInTarget","True","False","True","True"
"fe059b46-eaa0-4799-98a9-9eee0502487b","Constraint","SMigration","DF_SMigration_Onboarding_Run_TargetDatabaseName","Onboarding_Run","MissingInTarget","True","False","True","True"
"d8e2f10e-3c36-465f-bd03-5f97f3f9805a","Constraint","SMigration","DF_SMigration_Onboarding_Run_TargetServerName","Onboarding_Run","MissingInTarget","True","False","True","True"
"f376522f-e015-4e3e-9754-dec2e2a768e5","Constraint","SMigration","PK_Onboarding_EntityScope","Onboarding_EntityScope","MissingInTarget","True","False","True","True"
"103a54bc-bfbe-4cdb-8a43-543cf00aa023","Constraint","SMigration","PK_Onboarding_RunEntitySelections","Onboarding_RunEntitySelections","MissingInTarget","True","False","True","True"
"4c87f419-c5ad-4b25-bc23-b9ad28eec013","Constraint","SMigration","PK_SMigration_Onboarding_RunStageSelections","Onboarding_RunStageSelections","MissingInTarget","True","False","True","True"
"5d55cfe0-21a1-4710-b3c8-3d9c5a81c285","Constraint","SMigration","PK_SMigration_Onboarding_WorkflowStatuses","Onboarding_WorkflowStatuses","MissingInTarget","True","False","True","True"
"26880055-d9f1-4f25-b52f-b15707d36c04","Constraint","SMigration","UQ_Onboarding_EntityScope_Code","Onboarding_EntityScope","MissingInTarget","True","False","True","True"
"2278a9fb-2d84-4547-8e21-bdec5f299e0e","Constraint","SMigration","UQ_Onboarding_EntityScope_Guid","Onboarding_EntityScope","MissingInTarget","True","False","True","True"
"a2804295-3c7a-42e5-bd1a-2e6c12743b99","Constraint","SMigration","UQ_Onboarding_RunEntitySelections_Guid","Onboarding_RunEntitySelections","MissingInTarget","True","False","True","True"
"11a53c02-5cb7-4358-959e-588337676e39","Constraint","SMigration","UQ_Onboarding_RunEntitySelections_Run_Entity","Onboarding_RunEntitySelections","MissingInTarget","True","False","True","True"
"5b4474ea-3e0d-45ad-8947-c4abbadf1578","Constraint","SSop","DF__tvf_Enqui__IsHid__5CF19AEF","tvf_EnquiriesValidate","MissingInTarget","True","False","True","True"
"868a1abd-9376-4bf1-a4fd-f61d62d66dc8","Constraint","SSop","DF__tvf_Enqui__IsInf__5ED9E361","tvf_EnquiriesValidate","MissingInTarget","True","False","True","True"
"4e77958e-2c88-4e21-8e76-8edf5d0bd1e4","Constraint","SSop","DF__tvf_Enqui__IsInv__5DE5BF28","tvf_EnquiriesValidate","MissingInTarget","True","False","True","True"
"cce124a5-08e2-4549-862a-961565713f6f","Constraint","SSop","DF__tvf_Enqui__IsRea__5BFD76B6","tvf_EnquiriesValidate","MissingInTarget","True","False","True","True"
"116d403b-71d4-4278-a4b1-ad81b76aaaaa","Constraint","SSop","DF__tvf_Enqui__Messa__5FCE079A","tvf_EnquiriesValidate","MissingInTarget","True","False","True","True"
"6497148e-bb8c-4a3c-bc62-b0f9bfb669c9","Constraint","SSop","DF__tvf_Enqui__Targe__5A152E44","tvf_EnquiriesValidate","MissingInTarget","True","False","True","True"
"d1b6197a-5496-47b5-95ea-29c5eb63a827","Constraint","SSop","DF__tvf_Enqui__Targe__5B09527D","tvf_EnquiriesValidate","MissingInTarget","True","False","True","True"
"e16409f9-5a7e-4f0a-a2b1-f53642815324","Constraint","SSop","DF__tvf_Quote__IsHid__1EC97FED","tvf_QuotesValidate","MissingInTarget","True","False","True","True"
"81dc6d5d-1247-4c2a-bb94-aa161e777f9d","Constraint","SSop","DF__tvf_Quote__IsHid__43E5F603","tvf_QuoteItemsValidate","MissingInTarget","True","False","True","True"
"a04069ce-c8e3-44bd-af68-80e0c317e2e0","Constraint","SSop","DF__tvf_Quote__IsInf__20B1C85F","tvf_QuotesValidate","MissingInTarget","True","False","True","True"
"7a5790f7-287e-42e7-818e-cceb5cb9d627","Constraint","SSop","DF__tvf_Quote__IsInf__45CE3E75","tvf_QuoteItemsValidate","MissingInTarget","True","False","True","True"
"9ad88109-c40c-4687-a4f8-6d0ba108e5fa","Constraint","SSop","DF__tvf_Quote__IsInv__1FBDA426","tvf_QuotesValidate","MissingInTarget","True","False","True","True"
"a054a12c-0363-4621-b3cb-a3e665ba2f18","Constraint","SSop","DF__tvf_Quote__IsInv__44DA1A3C","tvf_QuoteItemsValidate","MissingInTarget","True","False","True","True"
"c044255b-b9c3-4f52-a68e-06739377e0a2","Constraint","SSop","DF__tvf_Quote__IsRea__1DD55BB4","tvf_QuotesValidate","MissingInTarget","True","False","True","True"
"7dc91273-b419-4068-9fea-9d8bfa2e4f6a","Constraint","SSop","DF__tvf_Quote__IsRea__42F1D1CA","tvf_QuoteItemsValidate","MissingInTarget","True","False","True","True"
"3ff29614-91f6-400a-b515-8a6737a91403","Constraint","SSop","DF__tvf_Quote__Messa__21A5EC98","tvf_QuotesValidate","MissingInTarget","True","False","True","True"
"cc6b0fae-72cf-49a7-9167-f9e8e28f2eb2","Constraint","SSop","DF__tvf_Quote__Messa__46C262AE","tvf_QuoteItemsValidate","MissingInTarget","True","False","True","True"
"803db319-e6ea-474f-9f4b-ff265e878d4b","Constraint","SSop","DF__tvf_Quote__Targe__1BED1342","tvf_QuotesValidate","MissingInTarget","True","False","True","True"
"5cb0776f-1c4e-4943-bdeb-ff6f865c6041","Constraint","SSop","DF__tvf_Quote__Targe__1CE1377B","tvf_QuotesValidate","MissingInTarget","True","False","True","True"
"77ab3d1f-f6fd-45a5-bff3-0849d76261bb","Constraint","SSop","DF__tvf_Quote__Targe__41098958","tvf_QuoteItemsValidate","MissingInTarget","True","False","True","True"
"46cd3ca8-daee-4226-8618-6843853a0149","Constraint","SSop","DF__tvf_Quote__Targe__41FDAD91","tvf_QuoteItemsValidate","MissingInTarget","True","False","True","True"
"02233123-3949-4cfa-a00b-a107526c8e0b","Constraint","SSop","DF_CriticalProjectNotes_CreatedBy","CriticalProjectNotes","MissingInTarget","True","False","True","True"
"76789fea-808e-41a1-babe-2be6350f323a","Constraint","SSop","DF_CriticalProjectNotes_DateCreated","CriticalProjectNotes","MissingInTarget","True","False","True","True"
"e5ea9167-50cd-4044-99ef-9506e669a280","Constraint","SSop","DF_CriticalProjectNotes_Guid","CriticalProjectNotes","MissingInTarget","True","False","True","True"
"9320e0ea-cec5-4195-b839-0f0dc3c6c3ac","Constraint","SSop","DF_CriticalProjectNotes_ParentGuid","CriticalProjectNotes","MissingInTarget","True","False","True","True"
"144b4614-c553-4169-8384-6a400a5d5bb1","Constraint","SSop","DF_CriticalProjectNotes_ProjectId","CriticalProjectNotes","MissingInTarget","True","False","True","True"
"9e18ce05-30ed-41f1-a6ad-ca33e8be2e24","Constraint","SSop","DF_CriticalProjectNotes_RowStatus","CriticalProjectNotes","MissingInTarget","True","False","True","True"
"19053284-89af-4afa-bc21-6e480446f541","Constraint","SSop","FK_CriticalProjectNotes_CreatedBy","CriticalProjectNotes","MissingInTarget","True","False","True","True"
"050ef49f-22db-4e99-b25e-c9645627793a","Constraint","SSop","FK_CriticalProjectNotes_Guid","CriticalProjectNotes","MissingInTarget","True","False","True","True"
"83a61ae8-bb2a-49ac-b851-81e41af86f4c","Constraint","SSop","FK_CriticalProjectNotes_Projects","CriticalProjectNotes","MissingInTarget","True","False","True","True"
"4a5bb612-3eee-45d8-a7c2-35674a681dc8","Index","SCore","DataObjectTransition.IX_DataObjectTransition_Active_DataObjectGuid_ID","DataObjectTransition","MissingInTarget","True","False","True","True"
"c8d0c97f-550f-4104-bb5c-27af740ca2f2","Index","SCore","WorkflowStatus.IX_WorkflowStatus_Active_ID_Guid","WorkflowStatus","MissingInTarget","True","False","True","True"
"f76ab424-a5b3-48ec-aa9e-e3633ae9a8c3","Index","SMigration","Onboarding_EntityScope.IX_Onboarding_EntityScope_DisplayOrder","Onboarding_EntityScope","MissingInTarget","True","False","True","True"
"5700c65c-f1a4-4e12-a04c-e8ec3c970b64","Index","SMigration","Onboarding_Run.IX_SMigration_Onboarding_Run_Active","Onboarding_Run","MissingInTarget","True","False","True","True"
"aba050d6-6e58-440b-ab1c-bfadc66c1f33","Index","SMigration","Onboarding_RunEntitySelections.IX_Onboarding_RunEntitySelections_RunGuid","Onboarding_RunEntitySelections","MissingInTarget","True","False","True","True"
"0a3a2b28-e766-4f40-9b2c-1c17eb9f0247","Index","SMigration","Onboarding_RunStageSelections.UX_SMigration_Onboarding_RunStageSelections_Run_Entity_Row","Onboarding_RunStageSelections","MissingInTarget","True","False","True","True"
"ad89fef3-f654-4f7f-823c-1b644c6b3fe2","Index","SSop","QuoteItems.IX_QuoteItems_Active_QuoteId_Net","QuoteItems","MissingInTarget","True","False","True","True"
"8c3b8b63-d538-4b8c-81f5-2c538ac0deb2","Index","SSop","Quotes.IX_Quotes_Active_QuoteGrid","Quotes","MissingInTarget","True","False","True","True"
"40a7c2c8-f676-4a05-b6ea-410f4c362c07","View","SCore","UsersGet_Advanced","","MissingInTarget","True","False","True","True"
"53832c3a-9c54-48ab-9365-4d2d2227f528","View","SCore","UserUsageLast7Days","","MissingInTarget","True","False","True","True"
"843912e6-98e1-4118-895b-21eb830210b0","View","SJob","Jobs_DWETL","","Different","True","False","True","True"
"11a255c0-db18-47ba-84f9-1d1724aa73d7","View","SSop","Quote_MergeInfo","","Different","True","False","True","True"
"55d9533f-89ff-4de6-9bd4-cc74d876f30a","Function","SCore","tvf_BusinessUnitsGet","","MissingInTarget","True","False","True","True"
"694eeb1c-f0dc-43cb-8fb9-b986b23bf671","Function","SCore","tvf_DepartmentsGet","","MissingInTarget","True","False","True","True"
"e3714aa0-b643-4d17-b555-667562cb2e2e","Function","SCore","tvf_GetScheduledActivities","","Different","True","False","True","True"
"e92b85fa-c2ad-4565-977e-8b2393f56e33","Function","SCore","tvf_GetUsersForDepartment","","MissingInTarget","True","False","True","True"
"b0f5f846-7cb1-4254-bcdb-8831a4fb41c1","Function","SCore","tvf_UniversalSearch","","MissingInTarget","True","False","True","True"
"2bd78f7e-d333-4339-85e6-507b6f71d814","Function","SCrm","tvf_AccountsCheckForDuplicate","","MissingInTarget","True","False","True","True"
"f011867d-d0be-4d79-8acc-8bcce3db526d","Function","SFin","tvf_AllTransactions","","Different","True","False","True","True"
"3a8fc055-9e54-48fc-b4ae-df65e9b4e4b0","Function","SFin","tvf_InvoiceRequests","","Different","True","False","True","True"
"450638fb-03cb-45c6-aa9e-c638ff641b7a","Function","SFin","tvf_InvoiceScheduleMonthConfigurationValidate","","Different","True","False","True","True"
"c3448475-4471-4ffc-bd2d-aeb11be0af4d","Function","SFin","tvf_JobInvoiceProcessingModeHistory","","MissingInTarget","True","False","True","True"
"7997c00b-93ee-44d6-bc44-616cdca968ba","Function","SFin","tvf_TransactionSageSubmissionMonitor","","Different","True","False","True","True"
"9a65e43d-3d69-41bc-ac25-18bfd42fa1e3","Function","SJob","AssetDuplicateCheck","","MissingInTarget","True","False","True","True"
"c56c89be-60aa-48ce-a0e9-aa5e2f729c11","Function","SJob","tvf_AssetsCheckForDuplicate","","MissingInTarget","True","False","True","True"
"9cecd48e-ae85-4fad-848d-b5edf4995155","Function","SJob","tvf_EngineeringJobsFinancialOverview","","MissingInTarget","True","False","True","True"
"36fdf7b9-f6bb-4f70-bbbe-febff2864afd","Function","SJob","tvf_SubcontractorInvoices","","Different","True","False","True","True"
"f322a3c1-bd61-4104-9195-d47f0a1cb53c","Function","SSop","tvf_EnquiriesValidate","","Different","True","False","True","True"
"a2457b33-6794-4306-ba19-e87993e8db9a","Function","SSop","tvf_ProjectDocumentNavigation","","Different","True","False","True","True"
"e1371735-c2a2-40ce-8913-283e696e056c","Function","SSop","tvf_Quotes","","Different","True","False","True","True"
"5c9efddd-671f-47bf-9072-48b3290b0a9f","StoredProcedure","SFin","InvoiceRequestItemsDelete","","MissingInTarget","True","False","True","True"
"4d268b46-2f3e-4479-9ba0-fd2266024fff","StoredProcedure","SFin","InvoiceScheduleMonthlyDrawdownAmendmentAssert","","MissingInTarget","True","False","True","True"
"1fbf49d3-3d4a-44eb-b410-8773c31cb13e","StoredProcedure","SFin","JobInvoiceProcessingMode_Set","","Different","True","False","True","True"
"e066534f-87b5-4c65-80a4-7e0701b10e4c","StoredProcedure","SFin","SageInboundDocumentStatus_TryClaim","","Different","True","False","True","True"
"16a7ecc2-c1f3-4812-a0c5-3fc26096de29","StoredProcedure","SFin","SageInboundPaymentSync_Worklist","","Different","True","False","True","True"
"889c1181-7d68-4431-b527-3ff71b394c19","StoredProcedure","SFin","TransactionSageSubmission_EnsureQueued","","MissingInTarget","True","False","True","True"
"38b613e5-5b0c-4e7a-99d4-c93ce1570eaa","StoredProcedure","SFin","TransactionSageSubmission_Requeue","","Different","True","False","True","True"
"43016bf9-df99-49a6-a02f-f880bf80ec4d","StoredProcedure","SFin","TransactionsUpsert","","Different","True","False","True","True"
"0519a878-ff9b-4cd9-9990-905827d7e723","StoredProcedure","SFin","TransactionUnbatch","","Different","True","False","True","True"
"fd2be579-7783-4681-b70c-68d745de6b83","StoredProcedure","SJob","JobsUpsert","","Different","True","False","True","True"
"c51b30dd-540a-4dca-b69a-eefbe21c8a1a","StoredProcedure","SJob","PurchaseOrdersUpsert","","Different","True","False","True","True"
"335f432a-db4f-419e-a3bd-218f80f220e7","StoredProcedure","SJob","SubContractorInvoicesUpsert","","Different","True","False","True","True"
"a154a38d-f997-46cc-9253-ff75b9fa5bb1","StoredProcedure","SMigration","MetadataApply_Run","","Different","True","False","True","True"
"6be923c3-a956-46bd-a1d9-6c446cdcfd2d","StoredProcedure","SMigration","MetadataApplyIdentityMap_Build","","Different","True","False","True","True"
"2e3ea95a-23ea-4ac3-9308-fee236bd2952","StoredProcedure","SMigration","MetadataApplyPreview_Get","","Different","True","False","True","True"
"d882dde8-99ae-4512-b73b-215b5c591e83","StoredProcedure","SMigration","MetadataIdentityMapOverride_Upsert","","Different","True","False","True","True"
"23bf5f7b-b1e0-428e-8805-cd238b722606","StoredProcedure","SMigration","MetadataRegistry_SyncFromEntityTypes","","Different","True","False","True","True"
"2f9e0849-c3bb-4379-b3d6-1486582fdcad","StoredProcedure","SMigration","MetadataStage_Run","","Different","True","False","True","True"
"41778869-1a14-414e-a635-742deb9ebf88","StoredProcedure","SMigration","OnboardingAuditDashboard","","Different","True","False","True","True"
"e235e282-7488-4b2b-9199-baa5334572cc","StoredProcedure","SMigration","OnboardingDiff_Report","","Different","True","False","True","True"
"8c14c045-8996-4c8f-8be5-c1d810d0249a","StoredProcedure","SMigration","OnboardingEntityScope_List","","MissingInTarget","True","False","True","True"
"1419fc47-edd1-4416-acc3-7ba7dce88e0f","StoredProcedure","SMigration","OnboardingEntityScope_Seed","","MissingInTarget","True","False","True","True"
"b4e633e2-f61b-4fd2-bc01-77c6bb74963f","StoredProcedure","SMigration","OnboardingImport_Apply","","Different","True","False","True","True"
"12c8a93c-3ffd-4063-9615-d1d3ab62e159","StoredProcedure","SMigration","OnboardingLookup_BusinessUnitGroups","","Different","True","False","True","True"
"c5928fdc-f318-484d-a9ef-fdbb9c1b8b51","StoredProcedure","SMigration","OnboardingLookup_Runs","","Different","True","False","True","True"
"719d21b7-4208-4d59-bef8-503c72669fbe","StoredProcedure","SMigration","OnboardingReport","","Different","True","False","True","True"
"c3df1c17-71e7-4279-95ed-b17bcd9bc299","StoredProcedure","SMigration","OnboardingReport_StagedData","","Different","True","False","True","True"
"55128359-7b60-4c85-b11f-457892b777f3","StoredProcedure","SMigration","OnboardingRun_Reserve","","MissingInTarget","True","False","True","True"
"5acd4822-0d75-4d21-be6b-10909c459ac2","StoredProcedure","SMigration","OnboardingRunEntitySelection_ApplyToStage","","MissingInTarget","True","False","True","True"
"7e9f9abe-f20b-4de6-a6c3-392ab844c9c7","StoredProcedure","SMigration","OnboardingRunEntitySelection_Default","","MissingInTarget","True","False","True","True"
"bcfe1ac8-f634-49a6-b999-66314658c2c5","StoredProcedure","SMigration","OnboardingRunEntitySelection_List","","MissingInTarget","True","False","True","True"
"b0d224a7-d486-42ee-9bac-e25a56b86d14","StoredProcedure","SMigration","OnboardingRunEntitySelection_Save","","MissingInTarget","True","False","True","True"
"e1824769-872d-4eff-a99a-356b10c3bd8b","StoredProcedure","SMigration","OnboardingRunStageSelection_ApplyToStage","","MissingInTarget","True","False","True","True"
"1689683f-1320-46ab-9746-eff0eee27388","StoredProcedure","SMigration","OnboardingRunStageSelection_List","","MissingInTarget","True","False","True","True"
"168a2d21-8251-41ac-b81a-c6c45c3ad7b7","StoredProcedure","SMigration","OnboardingRunStageSelection_Save","","MissingInTarget","True","False","True","True"
"a46cc15b-18cf-490c-9446-e7403ebf68e2","StoredProcedure","SMigration","OnboardingStage_FinaliseApiLoad","","MissingInTarget","True","False","True","True"
"47d1d658-49e0-48b8-a388-2eabb8f39ae7","StoredProcedure","SMigration","OnboardingStage_LoadFromSource","","Different","True","False","True","True"
"2d636dac-e734-431b-92b3-8cea60f8d0d2","StoredProcedure","SMigration","OnboardingStage_Reset","","Different","True","False","True","True"
"efd9a620-76b2-42f4-b840-2380d53c4bed","StoredProcedure","SMigration","OnboardingValidate","","Different","True","False","True","True"
"45b99d77-5ae5-4fbf-835d-0e13af4a540c","StoredProcedure","SMigration","SchemaDeploymentPlan_Get","","Different","True","False","True","True"
"55d3f837-e337-46cc-ba64-af3cdfd41bbf","StoredProcedure","SSop","CriticalProjectNotesDelete","","MissingInTarget","True","False","True","True"
"fdb0559d-ba35-4316-8bb6-e9d3ea398259","StoredProcedure","SSop","CriticalProjectNotesUpsert","","MissingInTarget","True","False","True","True"
"1a2436e1-6573-4057-ae62-8820d90a0c55","StoredProcedure","SSop","EnquiryCreateQuotes","","Different","True","False","True","True"
"cff82cc5-d40b-4aec-850d-247202f3f9a8","StoredProcedure","SSop","QuotesDuplicate","","Different","True","False","True","True"
"5533392d-5d0a-4fe5-9cc8-6833bc030a33","Trigger","SFin","tr_Transactions_RecordBatchApprovalTransition","SFin.Transactions","Different","True","False","True","True"
