--
-- Script was generated by Devart dbForge Data Compare for SQL Server, Version 7.0.249.0
-- Product Home Page: https://www.devart.com/dbforge/sql/datacompare
-- Script date 19/03/2025 15:55:40
-- Source server version: 16.00.1000
-- Source connection string: Data Source=soc-sqldevbre01.esgl.co.uk\General;Integrated Security=True;User ID=ESGL\Richard.Brindley
-- Target server version: 16.00.1000
-- Target connection string: Data Source=soc-sqldevbre01.esgl.co.uk\General;Integrated Security=True;User ID=ESGL\Richard.Brindley
-- Run this script against Concursus_Test to synchronize it with Concursus_Dev
-- Please backup your target database before running this script
--

SET LANGUAGE 'British English'
SET DATEFORMAT ymd
SET ARITHABORT, ANSI_PADDING, ANSI_WARNINGS, CONCAT_NULL_YIELDS_NULL, QUOTED_IDENTIFIER, ANSI_NULLS, NOCOUNT, XACT_ABORT ON
SET NUMERIC_ROUNDABORT, IMPLICIT_TRANSACTIONS OFF
GO



--
-- Start Transaction
--
BEGIN TRANSACTION

--
-- Disabling DML triggers for [SCore].[EntityProperties]
--
GO
DISABLE TRIGGER ALL ON SCore.EntityProperties
GO

IF @@ERROR<>0 OR @@TRANCOUNT=0 BEGIN IF @@TRANCOUNT>0 ROLLBACK SET NOEXEC ON END

--
-- Disabling DML triggers for [SCore].[EntityPropertyGroups]
--
GO
DISABLE TRIGGER ALL ON SCore.EntityPropertyGroups
GO

IF @@ERROR<>0 OR @@TRANCOUNT=0 BEGIN IF @@TRANCOUNT>0 ROLLBACK SET NOEXEC ON END

--
-- Disabling DML triggers for [SCore].[EntityQueries]
--
GO
DISABLE TRIGGER ALL ON SCore.EntityQueries
GO

IF @@ERROR<>0 OR @@TRANCOUNT=0 BEGIN IF @@TRANCOUNT>0 ROLLBACK SET NOEXEC ON END

--
-- Disabling DML triggers for [SCore].[EntityQueryParameters]
--
GO
DISABLE TRIGGER ALL ON SCore.EntityQueryParameters
GO

IF @@ERROR<>0 OR @@TRANCOUNT=0 BEGIN IF @@TRANCOUNT>0 ROLLBACK SET NOEXEC ON END

--
-- Disabling DML triggers for [SCore].[LanguageLabels]
--
GO
DISABLE TRIGGER ALL ON SCore.LanguageLabels
GO

IF @@ERROR<>0 OR @@TRANCOUNT=0 BEGIN IF @@TRANCOUNT>0 ROLLBACK SET NOEXEC ON END

--
-- Disabling DML triggers for [SCore].[LanguageLabelTranslations]
--
GO
DISABLE TRIGGER ALL ON SCore.LanguageLabelTranslations
GO

IF @@ERROR<>0 OR @@TRANCOUNT=0 BEGIN IF @@TRANCOUNT>0 ROLLBACK SET NOEXEC ON END

--
-- Disabling DML triggers for [SUserInterface].[DropDownListDefinitions]
--
GO
DISABLE TRIGGER ALL ON SUserInterface.DropDownListDefinitions
GO

IF @@ERROR<>0 OR @@TRANCOUNT=0 BEGIN IF @@TRANCOUNT>0 ROLLBACK SET NOEXEC ON END

--
-- Dropping constraints from [SCore].[EntityProperties]
--
ALTER TABLE SCore.EntityProperties
  DROP CONSTRAINT IF EXISTS FK_EntityProperties_DropDownListDefinitions
ALTER TABLE SCore.EntityProperties
  DROP CONSTRAINT IF EXISTS FK_EntityProperties_EntityDataTypes
ALTER TABLE SCore.EntityProperties
  DROP CONSTRAINT IF EXISTS FK_EntityProperties_EntityHoBTs
ALTER TABLE SCore.EntityProperties
  DROP CONSTRAINT IF EXISTS FK_EntityProperties_EntityPropertyGroupID
ALTER TABLE SCore.EntityProperties
  DROP CONSTRAINT IF EXISTS FK_EntityProperties_LanguageLabels
ALTER TABLE SCore.EntityProperties
  DROP CONSTRAINT IF EXISTS FK_EntityProperties_RowStatus
GO

IF @@ERROR<>0 OR @@TRANCOUNT=0 BEGIN IF @@TRANCOUNT>0 ROLLBACK SET NOEXEC ON END

--
-- Dropping constraints from [SCore].[EntityPropertyGroups]
--
ALTER TABLE SCore.EntityPropertyGroups
  DROP CONSTRAINT IF EXISTS FK_EntityPropertyGroups_EntityTypes
ALTER TABLE SCore.EntityPropertyGroups
  DROP CONSTRAINT IF EXISTS FK_EntityPropertyGroups_LanguageLabels
ALTER TABLE SCore.EntityPropertyGroups
  DROP CONSTRAINT IF EXISTS FK_EntityPropertyGroups_PropertyGroupLayouts
ALTER TABLE SCore.EntityPropertyGroups
  DROP CONSTRAINT IF EXISTS FK_EntityPropertyGroups_RowStatus
GO

IF @@ERROR<>0 OR @@TRANCOUNT=0 BEGIN IF @@TRANCOUNT>0 ROLLBACK SET NOEXEC ON END

--
-- Dropping constraints from [SCore].[EntityQueries]
--
ALTER TABLE SCore.EntityQueries
  DROP CONSTRAINT IF EXISTS FK_EntityQueries_EntityHoBTs
ALTER TABLE SCore.EntityQueries
  DROP CONSTRAINT IF EXISTS FK_EntityQueries_EntityTypes
ALTER TABLE SCore.EntityQueries
  DROP CONSTRAINT IF EXISTS FK_EntityQueries_RowStatus
GO

IF @@ERROR<>0 OR @@TRANCOUNT=0 BEGIN IF @@TRANCOUNT>0 ROLLBACK SET NOEXEC ON END

--
-- Dropping constraints from [SCore].[EntityQueryParameters]
--
ALTER TABLE SCore.EntityQueryParameters
  DROP CONSTRAINT IF EXISTS FK_EntityQueryParameters_EntityDataTypes
ALTER TABLE SCore.EntityQueryParameters
  DROP CONSTRAINT IF EXISTS FK_EntityQueryParameters_EntityProperties
ALTER TABLE SCore.EntityQueryParameters
  DROP CONSTRAINT IF EXISTS FK_EntityQueryParameters_EntityQueries
ALTER TABLE SCore.EntityQueryParameters
  DROP CONSTRAINT IF EXISTS FK_EntityQueryParameters_RowStatus
GO

IF @@ERROR<>0 OR @@TRANCOUNT=0 BEGIN IF @@TRANCOUNT>0 ROLLBACK SET NOEXEC ON END

--
-- Dropping constraints from [SCore].[EntityTypes]
--
ALTER TABLE SCore.EntityTypes
  DROP CONSTRAINT IF EXISTS FK_EntityTypes_IconId
ALTER TABLE SCore.EntityTypes
  DROP CONSTRAINT IF EXISTS FK_EntityTypes_LanguageLabels
ALTER TABLE SCore.EntityTypes
  DROP CONSTRAINT IF EXISTS FK_EntityTypes_RowStatus
GO

IF @@ERROR<>0 OR @@TRANCOUNT=0 BEGIN IF @@TRANCOUNT>0 ROLLBACK SET NOEXEC ON END

--
-- Dropping constraints from [SCore].[LanguageLabels]
--
ALTER TABLE SCore.LanguageLabels
  DROP CONSTRAINT IF EXISTS FK_LanguageLabels_RowStatus
GO

IF @@ERROR<>0 OR @@TRANCOUNT=0 BEGIN IF @@TRANCOUNT>0 ROLLBACK SET NOEXEC ON END

--
-- Dropping constraints from [SCore].[LanguageLabelTranslations]
--
ALTER TABLE SCore.LanguageLabelTranslations
  DROP CONSTRAINT IF EXISTS FK_LanguageLabelTranslations_LanguageLabels
ALTER TABLE SCore.LanguageLabelTranslations
  DROP CONSTRAINT IF EXISTS FK_LanguageLabelTranslations_Languages
ALTER TABLE SCore.LanguageLabelTranslations
  DROP CONSTRAINT IF EXISTS FK_LanguageLabelTranslations_RowStatus
GO

IF @@ERROR<>0 OR @@TRANCOUNT=0 BEGIN IF @@TRANCOUNT>0 ROLLBACK SET NOEXEC ON END

--
-- Dropping constraints from [SUserInterface].[DropDownListDefinitions]
--
ALTER TABLE SUserInterface.DropDownListDefinitions
  DROP CONSTRAINT IF EXISTS FK_DropDownListDefinitions_EntityTypes
ALTER TABLE SUserInterface.DropDownListDefinitions
  DROP CONSTRAINT IF EXISTS FK_DropDownListDefinitions_RowStatus
GO

IF @@ERROR<>0 OR @@TRANCOUNT=0 BEGIN IF @@TRANCOUNT>0 ROLLBACK SET NOEXEC ON END

--
-- Dropping constraints from [SUserInterface].[GridViewColumnDefinitions]
--
ALTER TABLE SUserInterface.GridViewColumnDefinitions
  DROP CONSTRAINT IF EXISTS FK_GridViewColumnDefinition_GridViewDefinition
ALTER TABLE SUserInterface.GridViewColumnDefinitions
  DROP CONSTRAINT IF EXISTS FK_GridViewColumnDefinitions_LanguageLabelId
ALTER TABLE SUserInterface.GridViewColumnDefinitions
  DROP CONSTRAINT IF EXISTS FK_GridViewColumnDefinitions_RowStatus
GO

IF @@ERROR<>0 OR @@TRANCOUNT=0 BEGIN IF @@TRANCOUNT>0 ROLLBACK SET NOEXEC ON END

--
-- Dropping constraints from [SUserInterface].[GridViewDefinitions]
--
ALTER TABLE SUserInterface.GridViewDefinitions
  DROP CONSTRAINT IF EXISTS FK_GridViewDefinition_GridDefinition
ALTER TABLE SUserInterface.GridViewDefinitions
  DROP CONSTRAINT IF EXISTS FK_GridViewDefinitions_DrawerIconId
ALTER TABLE SUserInterface.GridViewDefinitions
  DROP CONSTRAINT IF EXISTS FK_GridViewDefinitions_EntityTypes
ALTER TABLE SUserInterface.GridViewDefinitions
  DROP CONSTRAINT IF EXISTS FK_GridViewDefinitions_LanguageLabelId
ALTER TABLE SUserInterface.GridViewDefinitions
  DROP CONSTRAINT IF EXISTS FK_GridViewDefinitions_MetricTypes
ALTER TABLE SUserInterface.GridViewDefinitions
  DROP CONSTRAINT IF EXISTS FK_GridViewDefinitions_RowStatus
GO

IF @@ERROR<>0 OR @@TRANCOUNT=0 BEGIN IF @@TRANCOUNT>0 ROLLBACK SET NOEXEC ON END

--
-- Dropping constraints from [SCore].[EntityPropertyActions]
--
ALTER TABLE SCore.EntityPropertyActions
  DROP CONSTRAINT IF EXISTS FK_EntityPropertyActions_EntityProperties
GO

IF @@ERROR<>0 OR @@TRANCOUNT=0 BEGIN IF @@TRANCOUNT>0 ROLLBACK SET NOEXEC ON END

--
-- Dropping constraints from [SCore].[EntityPropertyDependants]
--
ALTER TABLE SCore.EntityPropertyDependants
  DROP CONSTRAINT IF EXISTS FK_EntityPropertyDependants_EntityProperties
GO

IF @@ERROR<>0 OR @@TRANCOUNT=0 BEGIN IF @@TRANCOUNT>0 ROLLBACK SET NOEXEC ON END

--
-- Dropping constraints from [SCore].[MergeDocumentItemIncludes]
--
ALTER TABLE SCore.MergeDocumentItemIncludes
  DROP CONSTRAINT IF EXISTS FK_MergeDocumentItemIncludes_EntityProperties
GO

IF @@ERROR<>0 OR @@TRANCOUNT=0 BEGIN IF @@TRANCOUNT>0 ROLLBACK SET NOEXEC ON END

--
-- Dropping constraints from [SCore].[RecordHistory]
--
ALTER TABLE SCore.RecordHistory
  DROP CONSTRAINT IF EXISTS FK_RecordHistory_EntityPropertyID
GO

IF @@ERROR<>0 OR @@TRANCOUNT=0 BEGIN IF @@TRANCOUNT>0 ROLLBACK SET NOEXEC ON END

--
-- Dropping constraints from [SCore].[SynchronisationErrors]
--
ALTER TABLE SCore.SynchronisationErrors
  DROP CONSTRAINT IF EXISTS FK_SychronisationErrors_EntityPropertyID
GO

IF @@ERROR<>0 OR @@TRANCOUNT=0 BEGIN IF @@TRANCOUNT>0 ROLLBACK SET NOEXEC ON END

--
-- Dropping constraints from [SUserInterface].[ActionMenuItems]
--
ALTER TABLE SUserInterface.ActionMenuItems
  DROP CONSTRAINT IF EXISTS FK_ActionMenuItems_EntityQueries
GO

IF @@ERROR<>0 OR @@TRANCOUNT=0 BEGIN IF @@TRANCOUNT>0 ROLLBACK SET NOEXEC ON END

--
-- Dropping constraints from [SUserInterface].[GridViewActions]
--
ALTER TABLE SUserInterface.GridViewActions
  DROP CONSTRAINT IF EXISTS FK_GridViewActions_EntityQueries
GO

IF @@ERROR<>0 OR @@TRANCOUNT=0 BEGIN IF @@TRANCOUNT>0 ROLLBACK SET NOEXEC ON END

--
-- Dropping constraints from [SUserInterface].[GridViewWidgetQueries]
--
ALTER TABLE SUserInterface.GridViewWidgetQueries
  DROP CONSTRAINT IF EXISTS FK_GridViewWidgetQueries_EntityQueries
GO

IF @@ERROR<>0 OR @@TRANCOUNT=0 BEGIN IF @@TRANCOUNT>0 ROLLBACK SET NOEXEC ON END

--
-- Dropping constraints from [SCore].[DataObjects]
--
ALTER TABLE SCore.DataObjects
  DROP CONSTRAINT IF EXISTS FK_DataObjects_EntityTypes
GO

IF @@ERROR<>0 OR @@TRANCOUNT=0 BEGIN IF @@TRANCOUNT>0 ROLLBACK SET NOEXEC ON END

--
-- Dropping constraints from [SCore].[EntityHobts]
--
ALTER TABLE SCore.EntityHobts
  DROP CONSTRAINT IF EXISTS FK_EntityHoBTs_EntityTypes
GO

IF @@ERROR<>0 OR @@TRANCOUNT=0 BEGIN IF @@TRANCOUNT>0 ROLLBACK SET NOEXEC ON END

--
-- Dropping constraints from [SCore].[MergeDocumentItems]
--
ALTER TABLE SCore.MergeDocumentItems
  DROP CONSTRAINT IF EXISTS FK_MergeDocumentItems_EntityTypes
GO

IF @@ERROR<>0 OR @@TRANCOUNT=0 BEGIN IF @@TRANCOUNT>0 ROLLBACK SET NOEXEC ON END

--
-- Dropping constraints from [SCore].[MergeDocuments]
--
ALTER TABLE SCore.MergeDocuments
  DROP CONSTRAINT IF EXISTS FK_MergeDocuments_EntityTypes
GO

IF @@ERROR<>0 OR @@TRANCOUNT=0 BEGIN IF @@TRANCOUNT>0 ROLLBACK SET NOEXEC ON END

--
-- Dropping constraints from [SCore].[MergeDocumentTables]
--
ALTER TABLE SCore.MergeDocumentTables
  DROP CONSTRAINT IF EXISTS FK_MergeDocumentTables_EntityTypes
GO

IF @@ERROR<>0 OR @@TRANCOUNT=0 BEGIN IF @@TRANCOUNT>0 ROLLBACK SET NOEXEC ON END

--
-- Dropping constraints from [SCore].[RecentItems]
--
ALTER TABLE SCore.RecentItems
  DROP CONSTRAINT IF EXISTS FK_RecentItems_EntityTypes
GO

IF @@ERROR<>0 OR @@TRANCOUNT=0 BEGIN IF @@TRANCOUNT>0 ROLLBACK SET NOEXEC ON END

--
-- Dropping constraints from [SCore].[SharepointEntityStructure]
--
ALTER TABLE SCore.SharepointEntityStructure
  DROP CONSTRAINT IF EXISTS FK_SharepointEntityStructure_EntityTypes
GO

IF @@ERROR<>0 OR @@TRANCOUNT=0 BEGIN IF @@TRANCOUNT>0 ROLLBACK SET NOEXEC ON END

--
-- Dropping constraints from [SUserInterface].[WidgetDashboards]
--
ALTER TABLE SUserInterface.WidgetDashboards
  DROP CONSTRAINT IF EXISTS FK_WidgetDashboards_EntityTypes
GO

IF @@ERROR<>0 OR @@TRANCOUNT=0 BEGIN IF @@TRANCOUNT>0 ROLLBACK SET NOEXEC ON END

--
-- Dropping constraints from [SUserInterface].[GridDefinitions]
--
ALTER TABLE SUserInterface.GridDefinitions
  DROP CONSTRAINT IF EXISTS FK_GridDefinitions_LanguageLabelId
GO

IF @@ERROR<>0 OR @@TRANCOUNT=0 BEGIN IF @@TRANCOUNT>0 ROLLBACK SET NOEXEC ON END

--
-- Dropping constraints from [SUserInterface].[MainMenuItems]
--
ALTER TABLE SUserInterface.MainMenuItems
  DROP CONSTRAINT IF EXISTS FK_MainMenuItems_LanguageLabelId
GO

IF @@ERROR<>0 OR @@TRANCOUNT=0 BEGIN IF @@TRANCOUNT>0 ROLLBACK SET NOEXEC ON END

--
-- Updating data of table [SCore].[EntityProperties]
--
UPDATE SCore.EntityProperties SET EntityDataTypeID = 1 WHERE ID = 791
UPDATE SCore.EntityProperties SET EntityDataTypeID = 1 WHERE ID = 792
UPDATE SCore.EntityProperties SET EntityDataTypeID = 1 WHERE ID = 793
UPDATE SCore.EntityProperties SET EntityDataTypeID = 1 WHERE ID = 803
UPDATE SCore.EntityProperties SET EntityDataTypeID = 1 WHERE ID = 807
UPDATE SCore.EntityProperties SET EntityDataTypeID = 1 WHERE ID = 808
UPDATE SCore.EntityProperties SET EntityDataTypeID = 1 WHERE ID = 809
UPDATE SCore.EntityProperties SET EntityDataTypeID = 1 WHERE ID = 819
UPDATE SCore.EntityProperties SET EntityDataTypeID = 1 WHERE ID = 828
UPDATE SCore.EntityProperties SET EntityDataTypeID = 1 WHERE ID = 829
UPDATE SCore.EntityProperties SET EntityDataTypeID = 1 WHERE ID = 830
UPDATE SCore.EntityProperties SET EntityDataTypeID = 1 WHERE ID = 837
UPDATE SCore.EntityProperties SET RowStatus = 1, EntityDataTypeID = 5 WHERE ID = 1076
UPDATE SCore.EntityProperties SET RowStatus = 1, EntityDataTypeID = 5 WHERE ID = 1077
UPDATE SCore.EntityProperties SET RowStatus = 1, EntityDataTypeID = 1 WHERE ID = 1078
UPDATE SCore.EntityProperties SET RowStatus = 1, EntityDataTypeID = 1 WHERE ID = 1079
UPDATE SCore.EntityProperties SET RowStatus = 1, EntityDataTypeID = 1 WHERE ID = 1080
UPDATE SCore.EntityProperties SET RowStatus = 1, EntityDataTypeID = 1 WHERE ID = 1081
UPDATE SCore.EntityProperties SET RowStatus = 1, EntityDataTypeID = 1 WHERE ID = 1082
UPDATE SCore.EntityProperties SET RowStatus = 1, EntityDataTypeID = 1 WHERE ID = 1083
UPDATE SCore.EntityProperties SET RowStatus = 1, EntityDataTypeID = 1 WHERE ID = 1084
UPDATE SCore.EntityProperties SET RowStatus = 1, EntityDataTypeID = 1 WHERE ID = 1085
UPDATE SCore.EntityProperties SET RowStatus = 1, EntityDataTypeID = 1 WHERE ID = 1086
UPDATE SCore.EntityProperties SET RowStatus = 1, EntityDataTypeID = 1 WHERE ID = 1087
UPDATE SCore.EntityProperties SET RowStatus = 1, EntityDataTypeID = 1 WHERE ID = 1088
UPDATE SCore.EntityProperties SET RowStatus = 1, EntityDataTypeID = 1 WHERE ID = 1089
UPDATE SCore.EntityProperties SET RowStatus = 1, EntityDataTypeID = 1 WHERE ID = 1090
UPDATE SCore.EntityProperties SET RowStatus = 1, EntityDataTypeID = 1 WHERE ID = 1093
UPDATE SCore.EntityProperties SET RowStatus = 1, EntityDataTypeID = 1 WHERE ID = 1094
UPDATE SCore.EntityProperties SET RowStatus = 1, EntityDataTypeID = 1 WHERE ID = 1095
UPDATE SCore.EntityProperties SET RowStatus = 1, EntityDataTypeID = 1 WHERE ID = 1096
UPDATE SCore.EntityProperties SET RowStatus = 1, EntityDataTypeID = 1 WHERE ID = 1097
UPDATE SCore.EntityProperties SET RowStatus = 1, EntityDataTypeID = 1 WHERE ID = 1098
UPDATE SCore.EntityProperties SET RowStatus = 1, EntityDataTypeID = 1 WHERE ID = 1099
UPDATE SCore.EntityProperties SET RowStatus = 1, EntityDataTypeID = 1 WHERE ID = 1100
UPDATE SCore.EntityProperties SET RowStatus = 1, EntityDataTypeID = 1 WHERE ID = 1101
UPDATE SCore.EntityProperties SET RowStatus = 1, EntityDataTypeID = 1 WHERE ID = 1102
UPDATE SCore.EntityProperties SET RowStatus = 1, EntityDataTypeID = 5 WHERE ID = 1103
UPDATE SCore.EntityProperties SET RowStatus = 1, EntityDataTypeID = 5 WHERE ID = 1104
UPDATE SCore.EntityProperties SET RowStatus = 1, EntityDataTypeID = 1 WHERE ID = 1105
UPDATE SCore.EntityProperties SET RowStatus = 1, EntityDataTypeID = 1 WHERE ID = 1106
UPDATE SCore.EntityProperties SET RowStatus = 1, EntityDataTypeID = 1 WHERE ID = 1107
UPDATE SCore.EntityProperties SET RowStatus = 1, EntityDataTypeID = 1 WHERE ID = 1108
UPDATE SCore.EntityProperties SET RowStatus = 1, EntityDataTypeID = 1 WHERE ID = 1109
UPDATE SCore.EntityProperties SET RowStatus = 1, EntityDataTypeID = 1 WHERE ID = 1110
UPDATE SCore.EntityProperties SET RowStatus = 1, EntityDataTypeID = 11 WHERE ID = 1114
UPDATE SCore.EntityProperties SET RowStatus = 1, EntityDataTypeID = 11 WHERE ID = 1115
UPDATE SCore.EntityProperties SET RowStatus = 1, EntityDataTypeID = 11 WHERE ID = 1116
UPDATE SCore.EntityProperties SET RowStatus = 1, EntityDataTypeID = 11 WHERE ID = 1117
UPDATE SCore.EntityProperties SET RowStatus = 1, EntityDataTypeID = 11 WHERE ID = 1118
UPDATE SCore.EntityProperties SET RowStatus = 1, EntityDataTypeID = 11 WHERE ID = 1119
UPDATE SCore.EntityProperties SET RowStatus = 1, EntityDataTypeID = 11 WHERE ID = 1120
UPDATE SCore.EntityProperties SET RowStatus = 1, EntityDataTypeID = 1 WHERE ID = 1121
UPDATE SCore.EntityProperties SET RowStatus = 1, EntityDataTypeID = 1 WHERE ID = 1530
UPDATE SCore.EntityProperties SET RowStatus = 1, EntityDataTypeID = 1 WHERE ID = 1531
UPDATE SCore.EntityProperties SET RowStatus = 1, EntityDataTypeID = 1 WHERE ID = 1532
UPDATE SCore.EntityProperties SET RowStatus = 1, EntityDataTypeID = 1 WHERE ID = 1542
UPDATE SCore.EntityProperties SET RowStatus = 1, EntityDataTypeID = 1 WHERE ID = 1543
UPDATE SCore.EntityProperties SET RowStatus = 1, EntityDataTypeID = 11 WHERE ID = 1544
UPDATE SCore.EntityProperties SET RowStatus = 1, EntityDataTypeID = 11 WHERE ID = 1545
UPDATE SCore.EntityProperties SET RowStatus = 1, EntityDataTypeID = 11 WHERE ID = 1546
UPDATE SCore.EntityProperties SET RowStatus = 1, EntityDataTypeID = 5 WHERE ID = 1548
UPDATE SCore.EntityProperties SET RowStatus = 1, EntityDataTypeID = 5 WHERE ID = 1549
UPDATE SCore.EntityProperties SET RowStatus = 1, EntityDataTypeID = 1 WHERE ID = 1550
UPDATE SCore.EntityProperties SET RowStatus = 1, EntityDataTypeID = 1 WHERE ID = 1551
UPDATE SCore.EntityProperties SET RowStatus = 1, EntityDataTypeID = 1 WHERE ID = 1552
UPDATE SCore.EntityProperties SET RowStatus = 1, EntityDataTypeID = 1 WHERE ID = 1553
UPDATE SCore.EntityProperties SET RowStatus = 1, EntityDataTypeID = 1 WHERE ID = 1554
UPDATE SCore.EntityProperties SET RowStatus = 1, EntityDataTypeID = 1 WHERE ID = 1555
UPDATE SCore.EntityProperties SET RowStatus = 1, EntityDataTypeID = 1 WHERE ID = 1556
UPDATE SCore.EntityProperties SET RowStatus = 1, EntityDataTypeID = 1 WHERE ID = 1557
UPDATE SCore.EntityProperties SET RowStatus = 1, EntityDataTypeID = 1 WHERE ID = 1558
UPDATE SCore.EntityProperties SET RowStatus = 1, EntityDataTypeID = 1 WHERE ID = 1559
UPDATE SCore.EntityProperties SET RowStatus = 1, EntityDataTypeID = 1 WHERE ID = 1560
UPDATE SCore.EntityProperties SET EntityDataTypeID = 1 WHERE ID = 1735
UPDATE SCore.EntityProperties SET EntityDataTypeID = 1 WHERE ID = 1736
UPDATE SCore.EntityProperties SET EntityDataTypeID = 1 WHERE ID = 1737
UPDATE SCore.EntityProperties SET EntityDataTypeID = 1 WHERE ID = 1738
UPDATE SCore.EntityProperties SET EntityDataTypeID = 1 WHERE ID = 1746
UPDATE SCore.EntityProperties SET EntityDataTypeID = 1 WHERE ID = 1747
UPDATE SCore.EntityProperties SET EntityDataTypeID = 1 WHERE ID = 1756
UPDATE SCore.EntityProperties SET EntityDataTypeID = 1 WHERE ID = 1757
UPDATE SCore.EntityProperties SET EntityDataTypeID = 1 WHERE ID = 1764
UPDATE SCore.EntityProperties SET EntityDataTypeID = 1 WHERE ID = 1765
UPDATE SCore.EntityProperties SET EntityDataTypeID = 1 WHERE ID = 1766
UPDATE SCore.EntityProperties SET EntityDataTypeID = 1 WHERE ID = 1767
UPDATE SCore.EntityProperties SET SqlDefaultValueStatement = N'SELECT	p.Guid
FROM	SSop.Projects AS p 
WHERE	(p.Guid = ''[[ParentGuid]]'')
UNION ALL 
SELECT	p.Guid
FROM	SSop.Projects AS p 
JOIN	SJob.Jobs AS j ON (j.ProjectId = p.ID)
WHERE	(j.Guid = ''[[ParentGuid]]'')
UNION ALL 
SELECT	p.Guid
FROM	SSop.Projects AS p 
JOIN	SSop.Enquiries AS e ON (e.ProjectId = p.ID)
WHERE	(e.Guid = ''[[ParentGuid]]'')
UNION ALL 
SELECT	p.Guid
FROM	SSop.Projects AS p 
JOIN	SSop.Quotes AS q ON (q.ProjectId = p.ID)
WHERE	(q.Guid = ''[[ParentGuid]]'')' WHERE ID = 1819
UPDATE SCore.EntityProperties SET SqlDefaultValueStatement = N'SELECT	p.Guid
FROM	SSop.Projects AS p 
WHERE	(p.Guid = ''[[ParentGuid]]'')
UNION ALL 
SELECT	p.Guid
FROM	SSop.Projects AS p 
JOIN	SJob.Jobs AS j ON (j.ProjectId = p.ID)
WHERE	(j.Guid = ''[[ParentGuid]]'')
UNION ALL 
SELECT	p.Guid
FROM	SSop.Projects AS p 
JOIN	SSop.Enquiries AS e ON (e.ProjectId = p.ID)
WHERE	(e.Guid = ''[[ParentGuid]]'')
UNION ALL 
SELECT	p.Guid
FROM	SSop.Projects AS p 
JOIN	SSop.Quotes AS q ON (q.ProjectId = p.ID)
WHERE	(q.Guid = ''[[ParentGuid]]'')' WHERE ID = 1822
UPDATE SCore.EntityProperties SET IsReadOnly = 0 WHERE ID = 1857
UPDATE SCore.EntityProperties SET Name = N'JobTypeGuid', EntityDataTypeID = 2, IsReadOnly = 0, DropDownListDefinitionID = 93 WHERE ID = 2000

--
-- Inserting data into table [SCore].[EntityProperties]
--
GO

IF @@ERROR<>0 OR @@TRANCOUNT=0 BEGIN IF @@TRANCOUNT>0 ROLLBACK SET NOEXEC ON END
SET IDENTITY_INSERT SCore.EntityProperties ON
GO

IF @@ERROR<>0 OR @@TRANCOUNT=0 BEGIN IF @@TRANCOUNT>0 ROLLBACK SET NOEXEC ON END
INSERT SCore.EntityProperties(ID, RowStatus, Guid, Name, LanguageLabelID, EntityHoBTID, EntityDataTypeID, IsReadOnly, IsImmutable, IsUppercase, IsHidden, IsCompulsory, MaxLength, Precision, Scale, DoNotTrackChanges, EntityPropertyGroupID, SortOrder, GroupSortOrder, IsObjectLabel, DropDownListDefinitionID, IsParentRelationship, IsLongitude, IsLatitude, IsIncludedInformation, FixedDefaultValue, SqlDefaultValueStatement, AllowBulkChange, IsVirtual) VALUES (2047, 1, '26e17968-6122-4224-887c-8bd2b8c68e9d', N'AllowExcelOutputOnly', 2809, 57, 4, 0, 0, 0, 0, 0, 1, 1, 0, 0, 95, 0, 0, 0, -1, 0, 0, 0, 0, N'', N'', 0, 0)
INSERT SCore.EntityProperties(ID, RowStatus, Guid, Name, LanguageLabelID, EntityHoBTID, EntityDataTypeID, IsReadOnly, IsImmutable, IsUppercase, IsHidden, IsCompulsory, MaxLength, Precision, Scale, DoNotTrackChanges, EntityPropertyGroupID, SortOrder, GroupSortOrder, IsObjectLabel, DropDownListDefinitionID, IsParentRelationship, IsLongitude, IsLatitude, IsIncludedInformation, FixedDefaultValue, SqlDefaultValueStatement, AllowBulkChange, IsVirtual) VALUES (2048, 1, 'ccf5e69d-3dc4-4a3f-a4e1-8954145f610f', N'ParentGuid', 2810, 124, 6, 0, 0, 0, 0, 0, 16, 0, 0, 0, -1, 0, 0, 0, -1, 0, 0, 0, 0, N'', N'', 0, 0)
INSERT SCore.EntityProperties(ID, RowStatus, Guid, Name, LanguageLabelID, EntityHoBTID, EntityDataTypeID, IsReadOnly, IsImmutable, IsUppercase, IsHidden, IsCompulsory, MaxLength, Precision, Scale, DoNotTrackChanges, EntityPropertyGroupID, SortOrder, GroupSortOrder, IsObjectLabel, DropDownListDefinitionID, IsParentRelationship, IsLongitude, IsLatitude, IsIncludedInformation, FixedDefaultValue, SqlDefaultValueStatement, AllowBulkChange, IsVirtual) VALUES (2049, 1, 'e60b17ba-a963-4adb-bf33-941304087f32', N'Guid', 2811, 102, 6, 1, 0, 0, 1, 0, 16, 0, 0, 1, -1, 0, 0, 0, -1, 0, 0, 0, 0, N'', N'', 0, 0)
INSERT SCore.EntityProperties(ID, RowStatus, Guid, Name, LanguageLabelID, EntityHoBTID, EntityDataTypeID, IsReadOnly, IsImmutable, IsUppercase, IsHidden, IsCompulsory, MaxLength, Precision, Scale, DoNotTrackChanges, EntityPropertyGroupID, SortOrder, GroupSortOrder, IsObjectLabel, DropDownListDefinitionID, IsParentRelationship, IsLongitude, IsLatitude, IsIncludedInformation, FixedDefaultValue, SqlDefaultValueStatement, AllowBulkChange, IsVirtual) VALUES (2050, 1, 'a91ae2df-4bd0-4f97-8228-1ea21b67a0f5', N'ParentGuid', 2812, 102, 6, 0, 0, 0, 0, 0, 16, 0, 0, 0, -1, 0, 0, 0, -1, 0, 0, 0, 0, N'', N'', 0, 0)
INSERT SCore.EntityProperties(ID, RowStatus, Guid, Name, LanguageLabelID, EntityHoBTID, EntityDataTypeID, IsReadOnly, IsImmutable, IsUppercase, IsHidden, IsCompulsory, MaxLength, Precision, Scale, DoNotTrackChanges, EntityPropertyGroupID, SortOrder, GroupSortOrder, IsObjectLabel, DropDownListDefinitionID, IsParentRelationship, IsLongitude, IsLatitude, IsIncludedInformation, FixedDefaultValue, SqlDefaultValueStatement, AllowBulkChange, IsVirtual) VALUES (2051, 1, '1fc78d37-9b47-4e6e-aa6e-2674d92ff9b1', N'RowStatus', 2813, 102, 8, 0, 0, 0, 1, 0, 1, 3, 0, 0, -1, 0, 0, 0, -1, 0, 0, 0, 0, N'', N'', 0, 0)
INSERT SCore.EntityProperties(ID, RowStatus, Guid, Name, LanguageLabelID, EntityHoBTID, EntityDataTypeID, IsReadOnly, IsImmutable, IsUppercase, IsHidden, IsCompulsory, MaxLength, Precision, Scale, DoNotTrackChanges, EntityPropertyGroupID, SortOrder, GroupSortOrder, IsObjectLabel, DropDownListDefinitionID, IsParentRelationship, IsLongitude, IsLatitude, IsIncludedInformation, FixedDefaultValue, SqlDefaultValueStatement, AllowBulkChange, IsVirtual) VALUES (2052, 1, '7b34c266-fb16-4372-903e-ae0f1e704281', N'RowVersion', 2814, 102, 9, 1, 0, 0, 1, 0, 8, 0, 0, 1, -1, 0, 0, 0, -1, 0, 0, 0, 0, N'', N'', 0, 0)
INSERT SCore.EntityProperties(ID, RowStatus, Guid, Name, LanguageLabelID, EntityHoBTID, EntityDataTypeID, IsReadOnly, IsImmutable, IsUppercase, IsHidden, IsCompulsory, MaxLength, Precision, Scale, DoNotTrackChanges, EntityPropertyGroupID, SortOrder, GroupSortOrder, IsObjectLabel, DropDownListDefinitionID, IsParentRelationship, IsLongitude, IsLatitude, IsIncludedInformation, FixedDefaultValue, SqlDefaultValueStatement, AllowBulkChange, IsVirtual) VALUES (2053, 1, 'dc758f87-8a9f-4f7f-80d2-3447e9de841a', N'ParentGuid', 2816, 118, 6, 0, 0, 0, 0, 0, 16, 0, 0, 0, -1, 0, 0, 0, -1, 0, 0, 0, 0, N'', N'', 0, 0)
INSERT SCore.EntityProperties(ID, RowStatus, Guid, Name, LanguageLabelID, EntityHoBTID, EntityDataTypeID, IsReadOnly, IsImmutable, IsUppercase, IsHidden, IsCompulsory, MaxLength, Precision, Scale, DoNotTrackChanges, EntityPropertyGroupID, SortOrder, GroupSortOrder, IsObjectLabel, DropDownListDefinitionID, IsParentRelationship, IsLongitude, IsLatitude, IsIncludedInformation, FixedDefaultValue, SqlDefaultValueStatement, AllowBulkChange, IsVirtual) VALUES (2054, 1, '7b3c0389-8023-4d41-9902-e6e82996c3c6', N'Guid', 2817, 130, 6, 1, 0, 0, 1, 0, 16, 0, 0, 1, -1, 0, 0, 0, -1, 0, 0, 0, 0, N'', N'', 0, 0)
INSERT SCore.EntityProperties(ID, RowStatus, Guid, Name, LanguageLabelID, EntityHoBTID, EntityDataTypeID, IsReadOnly, IsImmutable, IsUppercase, IsHidden, IsCompulsory, MaxLength, Precision, Scale, DoNotTrackChanges, EntityPropertyGroupID, SortOrder, GroupSortOrder, IsObjectLabel, DropDownListDefinitionID, IsParentRelationship, IsLongitude, IsLatitude, IsIncludedInformation, FixedDefaultValue, SqlDefaultValueStatement, AllowBulkChange, IsVirtual) VALUES (2055, 1, '1a8adf91-a5f5-4fde-b5e7-27a40d8a84da', N'ParentGuid', 2818, 67, 6, 0, 0, 0, 0, 0, 16, 0, 0, 0, -1, 0, 0, 0, -1, 0, 0, 0, 0, N'', N'', 0, 0)
INSERT SCore.EntityProperties(ID, RowStatus, Guid, Name, LanguageLabelID, EntityHoBTID, EntityDataTypeID, IsReadOnly, IsImmutable, IsUppercase, IsHidden, IsCompulsory, MaxLength, Precision, Scale, DoNotTrackChanges, EntityPropertyGroupID, SortOrder, GroupSortOrder, IsObjectLabel, DropDownListDefinitionID, IsParentRelationship, IsLongitude, IsLatitude, IsIncludedInformation, FixedDefaultValue, SqlDefaultValueStatement, AllowBulkChange, IsVirtual) VALUES (2056, 1, '92a3385c-8190-481d-bbdc-24b09ac5e3b7', N'DeclinedToQuoteDate', 1325, 123, 12, 0, 0, 0, 0, 0, 0, 0, 0, 0, 93, 0, 5, 0, -1, 0, 0, 0, 0, N'', N'', 0, 0)
INSERT SCore.EntityProperties(ID, RowStatus, Guid, Name, LanguageLabelID, EntityHoBTID, EntityDataTypeID, IsReadOnly, IsImmutable, IsUppercase, IsHidden, IsCompulsory, MaxLength, Precision, Scale, DoNotTrackChanges, EntityPropertyGroupID, SortOrder, GroupSortOrder, IsObjectLabel, DropDownListDefinitionID, IsParentRelationship, IsLongitude, IsLatitude, IsIncludedInformation, FixedDefaultValue, SqlDefaultValueStatement, AllowBulkChange, IsVirtual) VALUES (2057, 0, '86de29cb-f94f-4965-8590-498585492896', N'DateDeclinedToQuote', 1325, 52, 12, 1, 0, 0, 0, 0, 3, 10, 0, 0, -1, 0, 0, 0, -1, 0, 0, 0, 0, N'', N'', 0, 0)
INSERT SCore.EntityProperties(ID, RowStatus, Guid, Name, LanguageLabelID, EntityHoBTID, EntityDataTypeID, IsReadOnly, IsImmutable, IsUppercase, IsHidden, IsCompulsory, MaxLength, Precision, Scale, DoNotTrackChanges, EntityPropertyGroupID, SortOrder, GroupSortOrder, IsObjectLabel, DropDownListDefinitionID, IsParentRelationship, IsLongitude, IsLatitude, IsIncludedInformation, FixedDefaultValue, SqlDefaultValueStatement, AllowBulkChange, IsVirtual) VALUES (2058, 1, '436d6f2b-fd05-41c7-ab2e-71d42899765c', N'DateDeclinedToQuote', 1325, 52, 12, 1, 0, 0, 0, 0, 3, 10, 0, 0, 38, 0, 0, 0, -1, 0, 0, 0, 0, N'', N'', 0, 0)
INSERT SCore.EntityProperties(ID, RowStatus, Guid, Name, LanguageLabelID, EntityHoBTID, EntityDataTypeID, IsReadOnly, IsImmutable, IsUppercase, IsHidden, IsCompulsory, MaxLength, Precision, Scale, DoNotTrackChanges, EntityPropertyGroupID, SortOrder, GroupSortOrder, IsObjectLabel, DropDownListDefinitionID, IsParentRelationship, IsLongitude, IsLatitude, IsIncludedInformation, FixedDefaultValue, SqlDefaultValueStatement, AllowBulkChange, IsVirtual) VALUES (2059, 1, 'de0e48bd-22d6-4c28-a7f2-a41a785483ab', N'NumberOfSiteVisits', 2819, 55, 2, 0, 0, 0, 0, 0, 0, 0, 0, 0, 102, 0, 1, 0, -1, 0, 0, 0, 0, N'', N'', 0, 0)
INSERT SCore.EntityProperties(ID, RowStatus, Guid, Name, LanguageLabelID, EntityHoBTID, EntityDataTypeID, IsReadOnly, IsImmutable, IsUppercase, IsHidden, IsCompulsory, MaxLength, Precision, Scale, DoNotTrackChanges, EntityPropertyGroupID, SortOrder, GroupSortOrder, IsObjectLabel, DropDownListDefinitionID, IsParentRelationship, IsLongitude, IsLatitude, IsIncludedInformation, FixedDefaultValue, SqlDefaultValueStatement, AllowBulkChange, IsVirtual) VALUES (2060, 1, '50c12907-9a8b-4990-9c1e-e6f777ac18f4', N'NumberOfMeetings', 2820, 55, 2, 0, 0, 0, 0, 0, 0, 0, 0, 0, 102, 0, 2, 0, -1, 0, 0, 0, 0, N'', N'', 0, 0)
INSERT SCore.EntityProperties(ID, RowStatus, Guid, Name, LanguageLabelID, EntityHoBTID, EntityDataTypeID, IsReadOnly, IsImmutable, IsUppercase, IsHidden, IsCompulsory, MaxLength, Precision, Scale, DoNotTrackChanges, EntityPropertyGroupID, SortOrder, GroupSortOrder, IsObjectLabel, DropDownListDefinitionID, IsParentRelationship, IsLongitude, IsLatitude, IsIncludedInformation, FixedDefaultValue, SqlDefaultValueStatement, AllowBulkChange, IsVirtual) VALUES (2061, 1, '5a8070ed-9039-43bc-a7ad-9e058aa40cce', N'DeclinedToQuoteReason', 1326, 52, 5, 0, 0, 0, 0, 0, 4000, 0, 0, 0, 38, 0, 0, 0, -1, 0, 0, 0, 0, N'', N'', 0, 0)
GO
SET IDENTITY_INSERT SCore.EntityProperties OFF
GO

IF @@ERROR<>0 OR @@TRANCOUNT=0 BEGIN IF @@TRANCOUNT>0 ROLLBACK SET NOEXEC ON END

--
-- Reseed identity on SCore.EntityProperties
--
DBCC CHECKIDENT('SCore.EntityProperties', RESEED, 2061)
GO

IF @@ERROR<>0 OR @@TRANCOUNT=0 BEGIN IF @@TRANCOUNT>0 ROLLBACK SET NOEXEC ON END

--
-- Inserting data into table [SCore].[EntityPropertyGroups]
--
SET IDENTITY_INSERT SCore.EntityPropertyGroups ON
GO

IF @@ERROR<>0 OR @@TRANCOUNT=0 BEGIN IF @@TRANCOUNT>0 ROLLBACK SET NOEXEC ON END
INSERT SCore.EntityPropertyGroups(ID, RowStatus, Guid, Name, IsHidden, SortOrder, LanguageLabelID, EntityTypeID, PropertyGroupLayoutID) VALUES (102, 1, '20eaf81c-2f3c-4dbe-8eab-36548f9609dd', N'Meetings & Visists', 0, 1, -1, 58, -1)
GO
SET IDENTITY_INSERT SCore.EntityPropertyGroups OFF
GO

IF @@ERROR<>0 OR @@TRANCOUNT=0 BEGIN IF @@TRANCOUNT>0 ROLLBACK SET NOEXEC ON END

--
-- Reseed identity on SCore.EntityPropertyGroups
--
DBCC CHECKIDENT('SCore.EntityPropertyGroups', RESEED, 102)
GO

IF @@ERROR<>0 OR @@TRANCOUNT=0 BEGIN IF @@TRANCOUNT>0 ROLLBACK SET NOEXEC ON END

--
-- Updating data of table [SCore].[EntityQueries]
--
UPDATE SCore.EntityQueries SET Statement = N'SELECT 
	root_hobt.ID
,	root_hobt.RowStatus
,	root_hobt.RowVersion
,	root_hobt.Guid
,	root_hobt.Name
,	[E1D97654-B776-4BB6-A913-3A5B2E250685].Guid AS LanguageLabelID
,	[77B88FCE-FCC3-4C92-94E6-CC61249845C3].Guid AS EntityHoBTID
,	[59E622E7-EDA9-4DB3-A4D5-9439D80D26C1].Guid AS EntityDataTypeID
,	root_hobt.IsReadOnly
,	root_hobt.IsImmutable
,	root_hobt.IsUppercase
,	root_hobt.IsHidden
,	root_hobt.IsCompulsory
,	root_hobt.MaxLength
,	root_hobt.Precision
,	root_hobt.Scale
,	root_hobt.DoNotTrackChanges
,	[216CAEF2-7139-41F2-8C27-D5B9B4517B1A].Guid AS EntityPropertyGroupID
,	root_hobt.SortOrder
,	root_hobt.GroupSortOrder
,	root_hobt.IsObjectLabel
,	[C44B8A2A-8C24-41F0-B85E-E163A4D8E555].Guid AS DropDownListDefinitionID
,	root_hobt.IsParentRelationship
,	root_hobt.IsIncludedInformation
,	root_hobt.IsLatitude
,	root_hobt.IsLongitude
,	root_hobt.FixedDefaultValue
,	root_hobt.SqlDefaultValueStatement
,	root_hobt.AllowBulkChange
,	root_hobt.IsVirtual

FROM SCore.EntityProperties AS root_hobt 
JOIN SCore.LanguageLabels AS [E1D97654-B776-4BB6-A913-3A5B2E250685] ON ([E1D97654-B776-4BB6-A913-3A5B2E250685].ID = root_hobt.LanguageLabelID) 
 JOIN SCore.EntityHobts AS [77B88FCE-FCC3-4C92-94E6-CC61249845C3] ON ([77B88FCE-FCC3-4C92-94E6-CC61249845C3].ID = root_hobt.EntityHoBTID) 
 JOIN SCore.EntityDataTypes AS [59E622E7-EDA9-4DB3-A4D5-9439D80D26C1] ON ([59E622E7-EDA9-4DB3-A4D5-9439D80D26C1].ID = root_hobt.EntityDataTypeID) 
 JOIN SCore.EntityPropertyGroups AS [216CAEF2-7139-41F2-8C27-D5B9B4517B1A] ON ([216CAEF2-7139-41F2-8C27-D5B9B4517B1A].ID = root_hobt.EntityPropertyGroupID) 
 JOIN SUserInterface.DropDownListDefinitions AS [C44B8A2A-8C24-41F0-B85E-E163A4D8E555] ON ([C44B8A2A-8C24-41F0-B85E-E163A4D8E555].ID = root_hobt.DropDownListDefinitionID) 
' WHERE ID = 7
UPDATE SCore.EntityQueries SET Statement = N'SELECT	root_hobt.ID,
		root_hobt.RowStatus,
		root_hobt.RowVersion,
		root_hobt.Guid, 
		root_hobt.Code, 
		root_hobt.NameColumn,
		root_hobt.ValueColumn,
		root_hobt.SqlQuery,
		root_hobt.DefaultSortColumnName, 
		root_hobt.IsDefaultColumn,
		root_hobt.DetailPageUrl,
		root_hobt.IsDetailWindowed,
        root_hobt.InformationPageUrl, 
        root_hobt.GroupColumn,
		root_hobt.ColourHexColumn,
		et.Guid as EntityTypeId
FROM	SUserInterface.DropDownListDefinitions root_hobt
JOIN	SCore.EntityTypes et ON (et.ID = root_hobt.EntityTypeId)' WHERE ID = 14
UPDATE SCore.EntityQueries SET Statement = N'SELECT
        root_hobt.ID,
        root_hobt.RowStatus,
        root_hobt.RowVersion,
        root_hobt.Guid,
        root_hobt.Name,
        root_hobt.ColumnOrder,
        root_hobt.IsPrimaryKey,
        root_hobt.IsHidden,
        root_hobt.IsFiltered,
        root_hobt.IsCombo,
        root_hobt.IsLongitude,
        root_hobt.IsLatitude,
        root_hobt.DisplayFormat,
        root_hobt.Width,
        ll.Guid AS LanguageLabelId,
        gvd.Guid AS GridViewDefinitionId,
        root_hobt.TopHeaderCategory,
       root_hobt.TopHeaderCategoryOrder
FROM
        SUserInterface.GridViewColumnDefinitions root_hobt
JOIN
        SUserInterface.GridViewDefinitions gvd ON (gvd.ID = root_hobt.GridViewDefinitionId) 
JOIN    SCore.LanguageLabels ll on (root_hobt.LanguageLabelId = ll.ID)' WHERE ID = 17
UPDATE SCore.EntityQueries SET Statement = N'EXEC [SUserInterface].[GridViewDefinitionUpsert]  
	@Code = @Code, 
	@RowStatus = @RowStatus, 
	@GridDefinitionGuid = @GridDefinitionGuid, 
	@DetailPageUri = @DetailPageUri, 
	@SqlQuery = @SqlQuery, 
	@DefaultSortColumnName = @DefaultSortColumnName, 
	@SecurableCode = @SecurableCode, 
	@DisplayOrder = @DisplayOrder, 
	@DisplayGroupName = @DisplayGroupName, 
	@MetricSqlQuery = @MetricSqlQuery, 
	@ShowMetric = @ShowMetric, 
	@IsDetailWindowed = @IsDetailWindowed, 
	@EntityTypeGuid = @EntityTypeGuid, 
	@MetricTypeGuid = @MetricTypeGuid, 
	@MetricMin = @MetricMin, 
	@MetricMax = @MetricMax, 
	@MetricMinorUnit = @MetricMinorUnit, 
	@MetricMajorUnit = @MetricMajorUnit, 
	@MetricStartAngle = @MetricStartAngle, 
	@MetricEndAngle = @MetricEndAngle, 
	@MetricReversed = @MetricReversed, 
	@MetricRange1Min = @MetricRange1Min, 
	@MetricRange1Max = @MetricRange1Max, 
	@MetricRange1ColourHex = @MetricRange1ColourHex, 
	@MetricRange2Min = @MetricRange2Min, 
	@MetricRange2Max = @MetricRange2Max, 
	@MetricRange2ColourHex = @MetricRange2ColourHex, 
	@IsDefaultSortDescending = @IsDefaultSortDescending, 
	@AllowNew = @AllowNew, 
	@AllowExcelExport = @AllowExcelExport, 
	@AllowPdfExport = @AllowPdfExport, 
	@AllowCsvExport = @AllowCsvExport, 
	@LanguageLabelGuid = @LanguageLabelGuid, 
	@DrawerIconGuid = @DrawerIconGuid, 
	@GridViewTypeGuid = @GridViewTypeGuid, 
	@AllowBulkChange = @AllowBulkChange, 
	@Guid = @Guid' WHERE ID = 19
UPDATE SCore.EntityQueries SET Statement = N'EXEC [SUserInterface].[GridViewColumnDefinitionUpsert]
  @Name                   = @Name,
  @RowStatus              = @RowStatus,
  @GridViewDefinitionGuid = @GridViewDefinitionGuid,
  @ColumnOrder            = @ColumnOrder,
  @IsPrimaryKey           = @IsPrimaryKey,
  @IsHidden               = @IsHidden,
  @IsFiltered             = @IsFiltered,
  @IsCombo                = @IsCombo,
  @DisplayFormat          = @DisplayFormat,
  @Width                  = @Width,
  @LanguageLabelGuid      = @LanguageLabelGuid,
  @Guid                   = @Guid,
 @TopHeaderCategory = @TopHeaderCategory,
@TopHeaderCategoryOrder = @TopHeaderCategoryOrder' WHERE ID = 20
UPDATE SCore.EntityQueries SET Statement = N'EXEC SUserInterface.DropDownListDefinitionUpsert @Code = @Code,
												 @NameColumn = @NameColumn,
												 @ValueColumn = @ValueColumn,
												 @SqlQuery = @SqlQuery,
												 @DefaultSortColumnName = @DefaultSortColumnName,
												 @IsDefaultColumn = @IsDefaultColumn,
												 @DetailPageURI = @DetailPageURI,
												 @IsDetailWindowed = @IsDetailWindowed, 
												 @EntityTypeGuid = @EntityTypeGuid,
 												 @InformationPageUri = @InformationPageUri,  
                                                                                                 @GroupColumn = @GroupColumn,
												 @Guid = @Guid,
                                                                                                 @ColourHexColumn = @ColourHexColumn;' WHERE ID = 21
UPDATE SCore.EntityQueries SET Statement = N'SELECT
        root_hobt.ID,
        root_hobt.RowStatus,
        root_hobt.RowVersion,
        root_hobt.Guid,
        root_hobt.AgreedFee,
        root_hobt.RibaStage1Fee,
        root_hobt.RibaStage2Fee,
        root_hobt.RibaStage3Fee,
        root_hobt.RibaStage4Fee,
        root_hobt.RibaStage5Fee,
        root_hobt.RibaStage6Fee,
        root_hobt.RibaStage7Fee,
        root_hobt.PreConstructionStageFee,
        root_hobt.ConstructionStageFee,
        root_hobt.ArchiveBoxReference,
        root_hobt.ArchiveReferenceLink,
        root_hobt.CreatedOn,
        root_hobt.ExternalReference,
        root_hobt.IsSubjectToNDA,
        root_hobt.JobCancelled,
        root_hobt.JobCompleted,
        root_hobt.JobDescription,
        root_hobt.JobStarted,
		root_hobt.DeadDate,
        root_hobt.Number,
        root_hobt.VersionID,
        root_hobt.IsCompleteForReview,
        root_hobt.ReviewedDateTimeUTC,
        root_hobt.LegacyID,
        root_hobt.AppFormReceived,
        root_hobt.FeeCap,
        root_hobt.JobDormant,
        root_hobt.CurrentRibaStageId,
        root_hobt.JobTypeID,
        root_hobt.SurveyorID,
        root_hobt.CreatedByUserID,
        root_hobt.ClientAccountID,
        root_hobt.ClientAddressID,
        root_hobt.ClientContactID,
        root_hobt.AgentAccountID,
        root_hobt.AgentAddressID,
        root_hobt.AgentContactID,
        root_hobt.FinanceAccountID,
        root_hobt.FinanceAddressID,
        root_hobt.FinanceContactID,
        root_hobt.OrganisationalUnitID,
        root_hobt.QuoteItemID,
        root_hobt.UprnID,
        root_hobt.ValueOfWorkID,
        root_hobt.ReviewedByUserID,
        root_hobt.ContractID,
        root_hobt.PurchaseOrderNumber,
        root_hobt.ProjectId,
        root_hobt.ValueOfWork,
        root_hobt.ClientAppointmentReceived,
	root_hobt.AppointedFromStageId,
        root_hobt.BillingInstruction
FROM
        SJob.Jobs_Read AS root_hobt' WHERE ID = 30
UPDATE SCore.EntityQueries SET Statement = N'SELECT	root_hobt.ID,
		root_hobt.RowStatus,
		root_hobt.RowVersion,
		root_hobt.Guid,
		root_hobt.Name,
		root_hobt.Code,
		root_hobt.IsPurchaseLedger,
		root_hobt.IsSalesLedger,
		root_hobt.IsLocalAuthority,
		root_hobt.IsFireAuthority,
		root_hobt.IsWaterAuthority,
		root_hobt.CompanyRegistrationNumber,
		root_hobt.LegacyID,
		s.Guid	AS AccountStatusID,
		pa.Guid AS ParentAccountID,
		rmi.Guid AS RelationshipManagerUserId,
		ac.Guid AS MainAccountContactId,
		aa.Guid AS MainAccountAddressId,
        root_hobt.BillingInstruction,
		root_hobt.ConcatenatedNameCode
FROM	SCrm.Accounts	   AS root_hobt
JOIN	SCrm.AccountStatus AS s ON (s.ID   = root_hobt.AccountStatusID)
JOIN	SCrm.Accounts	   AS pa ON (pa.ID = root_hobt.ParentAccountID)
JOIN	Score.Identities AS rmi ON (rmi.ID = root_hobt.RelationshipManagerUserId)
JOIN	SCrm.AccountContacts ac ON (ac.ID = root_hobt.MainAccountContactId)
JOIN	SCrm.AccountAddresses aa ON (aa.ID = root_hobt.MainAccountAddressId)' WHERE ID = 39
UPDATE SCore.EntityQueries SET Statement = N'EXEC SCrm.AccountsUpsert @Name = @Name,							-- nvarchar(250)
						 @Code = @Code,							-- nvarchar(10)
						 @AccountStatusGuid = @AccountStatusGuid,				-- uniqueidentifier
						 @ParentAccountGuid = @ParentAccountGuid,				-- uniqueidentifier
						 @IsPurchaseLedger = @IsPurchaseLedger,				-- bit
						 @IsSalesLedger = @IsSalesLedger,					-- bit
						 @IsLocalAuthority = @IsLocalAuthority,				-- bit
						 @IsFireAuthority = @IsFireAuthority,				-- bit
						 @IsWaterAuthority = @IsWaterAuthority,				-- bit
						 @RelationshipManagerUserGuid = @RelationshipManagerUserGuid,	-- uniqueidentifier
						 @CompanyRegistrationNumber = @CompanyRegistrationNumber,		-- nvarchar(50)
						 @MainAccountAddressGuid = @MainAccountAddressGuid,
						 @MainAccountContactGuid = @MainAccountContactGuid,
						 @Guid = @Guid,							-- uniqueidentifier 
                                                  @BillingInstruction = @BillingInstruction' WHERE ID = 45
UPDATE SCore.EntityQueries SET Statement = N'SELECT 
	root_hobt.Guid
,	[DFBC2B7E-9655-44D7-966E-E749E7F702AA].Guid AS JobID
,	[59D35AD9-A62C-417B-AE34-255C0FA2E3D5].Guid AS AccountID
,	root_hobt.RowVersion
,	root_hobt.RowStatus
,	root_hobt.ID
,	[9D0F7D88-097A-43BF-B667-2C58F8E7AAA3].Guid AS ProjectDirectoryRoleID
,	[9A444DB8-F290-4443-BAC6-D77999EA1DD9].Guid AS ContactID
,	[DED3069E-FA1A-4DD6-8EDC-0C2924215B54].Guid AS ProjectID

FROM SJob.ProjectDirectory AS root_hobt 
JOIN SJob.Jobs AS [DFBC2B7E-9655-44D7-966E-E749E7F702AA] ON ([DFBC2B7E-9655-44D7-966E-E749E7F702AA].ID = root_hobt.JobID) 
 JOIN SCrm.Accounts AS [59D35AD9-A62C-417B-AE34-255C0FA2E3D5] ON ([59D35AD9-A62C-417B-AE34-255C0FA2E3D5].ID = root_hobt.AccountID) 
 JOIN SJob.ProjectDirectoryRoles AS [9D0F7D88-097A-43BF-B667-2C58F8E7AAA3] ON ([9D0F7D88-097A-43BF-B667-2C58F8E7AAA3].ID = root_hobt.ProjectDirectoryRoleID) 
 JOIN SCrm.Contacts AS [9A444DB8-F290-4443-BAC6-D77999EA1DD9] ON ([9A444DB8-F290-4443-BAC6-D77999EA1DD9].ID = root_hobt.ContactID) 
 JOIN SSop.Projects AS [DED3069E-FA1A-4DD6-8EDC-0C2924215B54] ON ([DED3069E-FA1A-4DD6-8EDC-0C2924215B54].ID = root_hobt.ProjectID) 
' WHERE ID = 65
UPDATE SCore.EntityQueries SET Statement = N'EXEC [SJob].[JobsUpsert]  
	@OrganisationalUnitGuid = @OrganisationalUnitGuid, 
	@JobTypeGuid = @JobTypeGuid, 
	@UprnGuid = @UprnGuid, 
	@ClientAccountGuid = @ClientAccountGuid, 
	@ClientAddressGuid = @ClientAddressGuid, 
	@ClientContactGuid = @ClientContactGuid, 
	@AgentAccountGuid = @AgentAccountGuid, 
	@AgentAddressGuid = @AgentAddressGuid, 
	@AgentContactGuid = @AgentContactGuid, 
	@FinanceAccountGuid = @FinanceAccountGuid, 
	@FinanceAddressGuid = @FinanceAddressGuid, 
	@FinanceContactGuid = @FinanceContactGuid, 
	@SurveyorGuid = @SurveyorGuid, 
	@JobDescription = @JobDescription, 
	@IsSubjectToNDA = @IsSubjectToNDA, 
	@JobStarted = @JobStarted, 
	@JobCompleted = @JobCompleted, 
	@JobCancelled = @JobCancelled, 
	@ValueOfWorkGuid = @ValueOfWorkGuid, 
	@AgreedFee = @AgreedFee, 
	@RibaStage1Fee = @RibaStage1Fee, 
	@RibaStage2Fee = @RibaStage2Fee, 
	@RibaStage3Fee = @RibaStage3Fee, 
	@RibaStage4Fee = @RibaStage4Fee, 
	@RibaStage5Fee = @RibaStage5Fee, 
	@RibaStage6Fee = @RibaStage6Fee, 
	@RibaStage7Fee = @RibaStage7Fee, 
	@PreConstructionStageFee = @PreConstructionStageFee, 
	@ConstructionStageFee = @ConstructionStageFee, 
	@ArchiveReferenceLink = @ArchiveReferenceLink, 
	@ArchiveBoxReference = @ArchiveBoxReference, 
	@CreatedOn = @CreatedOn, 
	@ExternalReference = @ExternalReference, 
	@IsCompleteForReview = @IsCompleteForReview, 
	@ReviewedByUserGuid = @ReviewedByUserGuid, 
	@ReviewDateTimeUTC = @ReviewDateTimeUTC, 
	@AppFormReceived = @AppFormReceived, 
	@FeeCap = @FeeCap, 
	@CurrentRibaStageGuid = @CurrentRibaStageGuid, 
	@JobDormant = @JobDormant, 
	@PurchaseOrderNumber = @PurchaseOrderNumber, 
	@ContractGuid = @ContractGuid, 
	@ProjectGuid = @ProjectGuid, 
	@ValueOfWork = @ValueOfWork, 
	@ClientAppointmentReceived = @ClientAppointmentReceived, 
	@AppointedFromStageGuid = @AppointedFromStageGuid, 
	@DeadDate = @DeadDate, 
	@Guid = @Guid, 
	@BillingInstruction = @BillingInstruction' WHERE ID = 67
UPDATE SCore.EntityQueries SET Statement = N'SELECT 
	[01FDD623-FA79-43E2-AC7B-FA45BEF7FC73].Guid AS ClientAddressId
,	[04DD32E8-AE80-4F81-BD9A-F646441AFBE4].Guid AS ClientContactId
,	[F530931A-6E91-4BEB-BF2C-4C48B58C07D9].Guid AS ContractID
,	root_hobt.Date
,	root_hobt.Guid
,	root_hobt.ID
,	root_hobt.Number
,	[07C15164-1D8B-452D-9CEC-EEF64056AB52].Guid AS OrganisationalUnitID
,	root_hobt.Overview
,	[EE947786-1E4A-40D8-B0AD-E2D0B039CF6E].Guid AS QuotingUserId
,	root_hobt.RowStatus
,	root_hobt.RowVersion
,	root_hobt.DateAccepted
,	root_hobt.DateRejected
,	root_hobt.DateSent
,	root_hobt.ExpiryDate
,	[3AFE632D-2EE2-4FD8-8FFC-E696E84E095C].Guid AS QuoteSourceId
,	root_hobt.RejectionReason
,	[3FDEF099-DBC8-4F1D-B8D7-529600A0B62D].Guid AS AgentAddressId
,	[5AA9C5DF-307E-4DEE-9EE0-7B97115E1315].Guid AS AgentContactId
,	root_hobt.ExternalReference
,	root_hobt.IsSubjectToNDA
,	root_hobt.ChaseDate1
,	root_hobt.ChaseDate2
,	root_hobt.FeeCap
,	root_hobt.IsFinal
,	root_hobt.LegacyId
,	root_hobt.SendInfoToAgent
,	root_hobt.SendInfoToClient
,	[7E3459EE-8083-4C0E-9652-03D71A98F857].Guid AS QuotingConsultantId
,	[FC51FD71-51A1-4B7A-BA50-F0C2F2816225].Guid AS AppointmentFromRibaStageId
,	[DA716B55-56FA-40CE-B1E3-50A56F2F233A].Guid AS ProjectId
,	root_hobt.ValueOfWork
,	[34B965DC-8D1F-4066-81BB-852157CBB00F].Guid AS OriginalQuoteId
,	root_hobt.RevisionNumber
,	[93001C06-FD4A-4965-B8EA-EDAF8C16A21E].Guid AS CurrentRibaStageId
,	root_hobt.DeadDate
,	[30E87213-B425-43FC-B37C-6F1F3EDE3AE0].Guid AS EnquiryServiceID
,	root_hobt.ExclusionsAndLimitations
,	root_hobt.LegacySystemID
,       root_hobt.DateDeclinedToQuote
,      root_hobt.DeclinedToQuoteReason

FROM SSop.Quotes AS root_hobt 
JOIN SCrm.AccountAddresses AS [01FDD623-FA79-43E2-AC7B-FA45BEF7FC73] ON ([01FDD623-FA79-43E2-AC7B-FA45BEF7FC73].ID = root_hobt.ClientAddressId) 
 JOIN SCrm.AccountContacts AS [04DD32E8-AE80-4F81-BD9A-F646441AFBE4] ON ([04DD32E8-AE80-4F81-BD9A-F646441AFBE4].ID = root_hobt.ClientContactId) 
 JOIN SSop.Contracts AS [F530931A-6E91-4BEB-BF2C-4C48B58C07D9] ON ([F530931A-6E91-4BEB-BF2C-4C48B58C07D9].ID = root_hobt.ContractID) 
 JOIN SCore.OrganisationalUnits AS [07C15164-1D8B-452D-9CEC-EEF64056AB52] ON ([07C15164-1D8B-452D-9CEC-EEF64056AB52].ID = root_hobt.OrganisationalUnitID) 
 JOIN SCore.Identities AS [EE947786-1E4A-40D8-B0AD-E2D0B039CF6E] ON ([EE947786-1E4A-40D8-B0AD-E2D0B039CF6E].ID = root_hobt.QuotingUserId) 
 JOIN SSop.QuoteSources AS [3AFE632D-2EE2-4FD8-8FFC-E696E84E095C] ON ([3AFE632D-2EE2-4FD8-8FFC-E696E84E095C].ID = root_hobt.QuoteSourceId) 
 JOIN SCrm.AccountAddresses AS [3FDEF099-DBC8-4F1D-B8D7-529600A0B62D] ON ([3FDEF099-DBC8-4F1D-B8D7-529600A0B62D].ID = root_hobt.AgentAddressId) 
 JOIN SCrm.AccountContacts AS [5AA9C5DF-307E-4DEE-9EE0-7B97115E1315] ON ([5AA9C5DF-307E-4DEE-9EE0-7B97115E1315].ID = root_hobt.AgentContactId) 
 JOIN SCore.Identities AS [7E3459EE-8083-4C0E-9652-03D71A98F857] ON ([7E3459EE-8083-4C0E-9652-03D71A98F857].ID = root_hobt.QuotingConsultantId) 
 JOIN SJob.RibaStages AS [FC51FD71-51A1-4B7A-BA50-F0C2F2816225] ON ([FC51FD71-51A1-4B7A-BA50-F0C2F2816225].ID = root_hobt.AppointmentFromRibaStageId) 
 JOIN SSop.Projects AS [DA716B55-56FA-40CE-B1E3-50A56F2F233A] ON ([DA716B55-56FA-40CE-B1E3-50A56F2F233A].ID = root_hobt.ProjectId) 
 JOIN SSop.Quotes AS [34B965DC-8D1F-4066-81BB-852157CBB00F] ON ([34B965DC-8D1F-4066-81BB-852157CBB00F].ID = root_hobt.OriginalQuoteId) 
 JOIN SJob.RibaStages AS [93001C06-FD4A-4965-B8EA-EDAF8C16A21E] ON ([93001C06-FD4A-4965-B8EA-EDAF8C16A21E].ID = root_hobt.CurrentRibaStageId) 
 JOIN SSop.EnquiryServices AS [30E87213-B425-43FC-B37C-6F1F3EDE3AE0] ON ([30E87213-B425-43FC-B37C-6F1F3EDE3AE0].ID = root_hobt.EnquiryServiceID) 
', IsManualStatement = 1 WHERE ID = 82
UPDATE SCore.EntityQueries SET Statement = N'EXEC [SSop].[QuotesUpsert]  
	@OrganisationalUnitGuid = @OrganisationalUnitGuid, 
	@QuotingUserGuid = @QuotingUserGuid, 
	@ContractGuid = @ContractGuid, 
	@Date = @Date, 
	@Overview = @Overview, 
	@ExpiryDate = @ExpiryDate, 
	@DateSent = @DateSent, 
	@DateAccepted = @DateAccepted, 
	@DateRejected = @DateRejected, 
	@RejectionReason = @RejectionReason, 
	@FeeCap = @FeeCap, 
	@IsFinal = @IsFinal, 
	@ExternalReference = @ExternalReference, 
	@QuotingConsultantGuid = @QuotingConsultantGuid, 
	@AppointmentFromRibaStageGuid = @AppointmentFromRibaStageGuid, 
	@CurrentStageGuid = @CurrentStageGuid, 
	@DeadDate = @DeadDate, 
	@EnquiryServiceGuid = @EnquiryServiceGuid, 
	@ProjectGuid = @ProjectGuid, 
	@Guid = @Guid, 
	@JobType = @JobType, 
	@DeclinedToQuoteReason = @DeclinedToQuoteReason' WHERE ID = 85
UPDATE SCore.EntityQueries SET Statement = N'SELECT 
	[A47D9C7E-9DCA-4AE0-B3AD-73A0690EDD92].Guid AS CreatedJobId,
	root_hobt.Details,
	root_hobt.DoNotConsolidateJob,
	root_hobt.Guid,
	root_hobt.ID,
	root_hobt.LegacyId,
	root_hobt.LegacySystemID,
	root_hobt.Net,
	[6BA255D5-2339-4286-A86C-494A2AB1DA4A].Guid AS ProductId,
	[6E8FD1FD-157F-4B88-80CD-C0589CAD9D2A].Guid AS ProvideAtStageID,
	root_hobt.Quantity,
	[7EC6389A-C5BA-4B84-BE24-096C86DF6770].Guid AS QuoteId,
	[EEA4BD07-8A21-4B1B-8050-819EA27E1B11].Guid AS QuoteSectionId,
	root_hobt.RowStatus,
	root_hobt.RowVersion,
	root_hobt.SortOrder,
	root_hobt.VatRate,
        root_hobt.NumberOfSiteVisits,
        root_hobt.NumberOfMeetings
FROM SSop.QuoteItems AS root_hobt 
JOIN SProd.Products AS [6BA255D5-2339-4286-A86C-494A2AB1DA4A] ON ([6BA255D5-2339-4286-A86C-494A2AB1DA4A].ID = root_hobt.ProductId) 
 JOIN SSop.QuoteSections AS [EEA4BD07-8A21-4B1B-8050-819EA27E1B11] ON ([EEA4BD07-8A21-4B1B-8050-819EA27E1B11].ID = root_hobt.QuoteSectionId) 
 JOIN SJob.Jobs AS [A47D9C7E-9DCA-4AE0-B3AD-73A0690EDD92] ON ([A47D9C7E-9DCA-4AE0-B3AD-73A0690EDD92].ID = root_hobt.CreatedJobId) 
 JOIN SJob.RibaStages AS [6E8FD1FD-157F-4B88-80CD-C0589CAD9D2A] ON ([6E8FD1FD-157F-4B88-80CD-C0589CAD9D2A].ID = root_hobt.ProvideAtStageID) 
 JOIN SSop.Quotes AS [7EC6389A-C5BA-4B84-BE24-096C86DF6770] ON ([7EC6389A-C5BA-4B84-BE24-096C86DF6770].ID = root_hobt.QuoteId) 
', IsManualStatement = 1 WHERE ID = 87
UPDATE SCore.EntityQueries SET Statement = N'EXEC [SSop].[QuoteItemsUpsert]  
	@QuoteGuid = @QuoteGuid, 
	@ProductGuid = @ProductGuid, 
	@Details = @Details, 
	@Net = @Net, 
	@VatRate = @VatRate, 
	@DoNotConsolidateJob = @DoNotConsolidateJob, 
	@SortOrder = @SortOrder, 
	@Quantity = @Quantity, 
	@ProvidedAtStageGuid = @ProvidedAtStageGuid, 
	@Guid = @Guid,
        @NumberOfSiteVisits = @NumberOfSiteVisits,
        @NumberOfMeetings = @NumberOfMeetings', IsManualStatement = 1 WHERE ID = 91
UPDATE SCore.EntityQueries SET Statement = N'SELECT * FROM [SSop].[tvf_QuotesValidate] ( @Guid, @DateSent, @DeadDate, @DateRejected, @IsFinal, @RevisionNumber, @OrganisationalUnitGuid, @DateDeclinedToQuote, @DeclinedToQuoteReason) root_hobt' WHERE ID = 103
UPDATE SCore.EntityQueries SET Statement = N'EXEC [SJob].[ActivityTypesUpsert]  
	@Name = @Name, 
	@IsActive = @IsActive, 
	@SortOrder = @SortOrder, 
	@IsFeeTrigger = @IsFeeTrigger, 
	@IsLiveTrigger = @IsLiveTrigger, 
	@IsAdmin = @IsAdmin, 
	@IsScheduleItem = @IsScheduleItem, 
	@Colour = @Colour, 
	@IsMeeting = @IsMeeting, 
	@IsSiteVisit = @IsSiteVisit, 
	@IsCommencementTrigger = @IsCommencementTrigger, 
	@Guid = @Guid, 
	@IsBillable = @IsBillable' WHERE ID = 109
UPDATE SCore.EntityQueries SET Statement = N'SELECT 
	root_hobt.Guid,
	root_hobt.ID,
	root_hobt.IsActive,
	root_hobt.Name,
	[8C9FF97B-D7E8-4BF2-A153-ED7D08A9787A].Guid AS OrganisationalUnitID,
	root_hobt.RowStatus,
	root_hobt.RowVersion,
	root_hobt.SequenceID,
	root_hobt.UsePlanChecks,
	root_hobt.UseTimeSheets
FROM SJob.JobTypes AS root_hobt 
JOIN SCore.OrganisationalUnits AS [8C9FF97B-D7E8-4BF2-A153-ED7D08A9787A] ON ([8C9FF97B-D7E8-4BF2-A153-ED7D08A9787A].ID = root_hobt.OrganisationalUnitID) 
' WHERE ID = 122
UPDATE SCore.EntityQueries SET Statement = N'EXEC [SCore].[MergeDocumentsUpsert]  
	@Name = @Name, 
	@FilenameTemplate = @FilenameTemplate, 
	@EntityTypeGuid = @EntityTypeGuid, 
	@SharepointSiteGuid = @SharepointSiteGuid, 
	@DocumentId = @DocumentId, 
	@LinkedEntityTypeGuid = @LinkedEntityTypeGuid, 
	@AllowPDFOutputOnly = @AllowPDFOutputOnly, 
	@AllowExcelOutputOnly = @AllowExcelOutputOnly, 
	@ProduceOneOutputPerRow = @ProduceOneOutputPerRow, 
	@Guid = @Guid' WHERE ID = 123
UPDATE SCore.EntityQueries SET Statement = N'SELECT 
	root_hobt.AllowPDFOutputOnly,
        root_hobt.AllowExcelOutputOnly,
	root_hobt.DocumentId,
	[2F88C3FF-B564-4B42-84BA-8B527EBABED6].Guid AS EntityTypeId,
	root_hobt.FilenameTemplate,
	root_hobt.Guid,
	root_hobt.ID,
	[FEFEFAA1-DFB4-49FD-BBF6-563AE47DF1C0].Guid AS LinkedEntityTypeId,
	root_hobt.Name,
	root_hobt.ProduceOneOutputPerRow,
	root_hobt.RowStatus,
	root_hobt.RowVersion,
	[6551966B-1294-437E-8E20-E9771C9F2D1E].Guid AS SharepointSiteId
FROM SCore.MergeDocuments AS root_hobt 
JOIN SCore.EntityTypes AS [2F88C3FF-B564-4B42-84BA-8B527EBABED6] ON ([2F88C3FF-B564-4B42-84BA-8B527EBABED6].ID = root_hobt.EntityTypeId) 
 JOIN SCore.EntityTypes AS [FEFEFAA1-DFB4-49FD-BBF6-563AE47DF1C0] ON ([FEFEFAA1-DFB4-49FD-BBF6-563AE47DF1C0].ID = root_hobt.LinkedEntityTypeId) 
 JOIN SCore.SharepointSites AS [6551966B-1294-437E-8E20-E9771C9F2D1E] ON ([6551966B-1294-437E-8E20-E9771C9F2D1E].ID = root_hobt.SharepointSiteId) 
', IsManualStatement = 1 WHERE ID = 125
EXEC(N'UPDATE SCore.EntityQueries SET Statement = N''SELECT 
	[62A7CA41-57FE-4541-9B7B-64C2BECBD403].Guid AS AgentAccountContactId,
	[C6D3628B-9EF6-46E7-A04B-455D7256E180].Guid AS AgentAccountId,
	[518A2AAD-697B-4134-B39D-20C20B5FCD92].Guid AS AgentAddressId,
	root_hobt.AgentAddressLine1,
	root_hobt.AgentAddressLine2,
	root_hobt.AgentAddressLine3,
	root_hobt.AgentAddressNameNumber,
	root_hobt.AgentAddressPostCode,
	[9B125B55-B220-4023-AA54-BABCDF6AFD1B].Guid AS AgentCountryId,
	[7EA7CAB9-F5BC-4B00-AE06-276E3B772910].Guid AS AgentCountyId,
	root_hobt.AgentName,
	root_hobt.AgentTown,
	root_hobt.ChaseDate1,
	root_hobt.ChaseDate2,
	[CCDDA156-B2D7-4F37-AA9E-1CB98F3C11FD].Guid AS ClientAccountContactId,
	[C1AFB8A2-4596-4C64-8267-7F49B9BE04D6].Guid AS ClientAccountId,
	[3611CED8-53C2-4FA8-9ACC-F508149BC716].Guid AS ClientAddressCountryId,
	[A0DB71C1-2E2B-4559-95E4-9CEBF2F01BA5].Guid AS ClientAddressCountyId,
	[8D6A7C6A-9D55-4C03-82F1-75B6BB5BB3CC].Guid AS ClientAddressId,
	root_hobt.ClientAddressLine1,
	root_hobt.ClientAddressLine2,
	root_hobt.ClientAddressLine3,
	root_hobt.ClientAddressNameNumber,
	root_hobt.ClientAddressPostCode,
	root_hobt.ClientAddressTown,
	root_hobt.ClientName,
	root_hobt.ConstructionStageMonths,
	[2B074135-3D54-49A9-ACDE-C82FDB5F9067].Guid AS CreatedByUserId,
	[D020A007-8E39-450B-8575-69D76529659A].Guid AS CurrentProjectRibaStageID,
	root_hobt.Date,
	root_hobt.DeadDate,
	root_hobt.DeclinedToQuoteDate,
	root_hobt.DeclinedToQuoteReason,
	root_hobt.DescriptionOfWorks,
	[DE5A2964-7F7D-4194-962C-11F3FA18DB55].Guid AS EnquirySourceId,
	root_hobt.EnterNewAgentDetails,
	root_hobt.EnterNewClientDetails,
	root_hobt.EnterNewFinanceDetails,
	root_hobt.EnterNewStructureDetails,
	root_hobt.ExpectedProcurementRoute,
	root_hobt.ExternalReference,
	[B7C58113-E763-4B52-82D5-21501514AF8C].Guid AS FinanceAccountId,
	root_hobt.FinanceAccountName,
	[BC7CF205-B05B-41AC-B0CC-E23AEDC459D8].Guid AS FinanceAddressId,
	root_hobt.FinanceAddressLine1,
	root_hobt.FinanceAddressLine2,
	root_hobt.FinanceAddressLine3,
	root_hobt.FinanceAddressNameNumber,
	[02B19759-9D35-447C-9AE2-3C7B9027FEB1].Guid AS FinanceContactId,
	[70FEA0EA-C279-484C-931D-2D23F42D01C3].Guid AS FinanceCountyId,
	root_hobt.FinancePostCode,
	root_hobt.FinanceTown,
	root_hobt.Guid,
	root_hobt.ID,
	root_hobt.IsClientFinanceAccount,
	root_hobt.IsReadyForQuoteReview,
	root_hobt.IsSubjectToNDA,
	root_hobt.KeyDates,
	root_hobt.Notes,
	root_hobt.Number,
	[1C4B6562-A512-4FC9-85EE-F6A2193EBECE].Guid AS OrganisationalUnitID,
	root_hobt.PreConstructionStageMonths,
	[9066A2DA-692E-4EFD-A2F0-FF124E2F366E].Guid AS ProjectId,
	root_hobt.PropertyAddressLine1,
	root_hobt.PropertyAddressLine2,
	root_hobt.PropertyAddressLine3,
	[C1B43942-F1B0-42DD-8AB7-E1D2C02DFA1B].Guid AS PropertyCountryId,
	[EF3E7956-4ECB-49B0-B930-8DB68D545FFB].Guid AS PropertyCountyId,
	[FE002E4D-3B56-499F-93DA-5D43259CBC76].Guid AS PropertyId,
	root_hobt.PropertyNameNumber,
	root_hobt.PropertyPostCode,
	root_hobt.PropertyTown,
	root_hobt.ProposalLetter,
	root_hobt.QuotingDeadlineDate,
	root_hobt.RibaStage0Months,
	root_hobt.RibaStage1Months,
	root_hobt.RibaStage2Months,
	root_hobt.RibaStage3Months,
	root_hobt.RibaStage4Months,
	root_hobt.RibaStage5Months,
	root_hobt.RibaStage6Months,
	root_hobt.RibaStage7Months,
	root_hobt.RowStatus,
	root_hobt.RowVersion,
	root_hobt.SendInfoToAgent,
	root_hobt.SendInfoToClient,
	[9264744B-5F58-461B-953B-0C16D80B8FC7].Guid AS SignatoryIdentityId,
	root_hobt.ValueOfWork
FROM SSop.Enquiries AS root_hobt 
JOIN SCrm.Accounts AS [C6D3628B-9EF6-46E7-A04B-455D7256E180] ON ([C6D3628B-9EF6-46E7-A04B-455D7256E180].ID = root_hobt.AgentAccountId) 
 JOIN SCrm.AccountAddresses AS [518A2AAD-697B-4134-B39D-20C20B5FCD92] ON ([518A2AAD-697B-4134-B39D-20C20B5FCD92].ID = root_hobt.AgentAddressId) 
 JOIN SCrm.Countries AS [9B125B55-B220-4023-AA54-BABCDF6AFD1B] ON ([9B125B55-B220-4023-AA54-BABCDF6AFD1B].ID = root_hobt.AgentCountryId) 
 JOIN SCrm.Counties AS [7EA7CAB9-F5BC-4B00-AE06-276E3B772910] ON ([7EA7CAB9-F5B'
+ N'C-4B00-AE06-276E3B772910].ID = root_hobt.AgentCountyId) 
 JOIN SCrm.Accounts AS [C1AFB8A2-4596-4C64-8267-7F49B9BE04D6] ON ([C1AFB8A2-4596-4C64-8267-7F49B9BE04D6].ID = root_hobt.ClientAccountId) 
 JOIN SCrm.Countries AS [3611CED8-53C2-4FA8-9ACC-F508149BC716] ON ([3611CED8-53C2-4FA8-9ACC-F508149BC716].ID = root_hobt.ClientAddressCountryId) 
 JOIN SCrm.Counties AS [A0DB71C1-2E2B-4559-95E4-9CEBF2F01BA5] ON ([A0DB71C1-2E2B-4559-95E4-9CEBF2F01BA5].ID = root_hobt.ClientAddressCountyId) 
 JOIN SCrm.AccountAddresses AS [8D6A7C6A-9D55-4C03-82F1-75B6BB5BB3CC] ON ([8D6A7C6A-9D55-4C03-82F1-75B6BB5BB3CC].ID = root_hobt.ClientAddressId) 
 JOIN SCore.Identities AS [2B074135-3D54-49A9-ACDE-C82FDB5F9067] ON ([2B074135-3D54-49A9-ACDE-C82FDB5F9067].ID = root_hobt.CreatedByUserId) 
 JOIN SJob.RibaStages AS [D020A007-8E39-450B-8575-69D76529659A] ON ([D020A007-8E39-450B-8575-69D76529659A].ID = root_hobt.CurrentProjectRibaStageID) 
 JOIN SCore.OrganisationalUnits AS [1C4B6562-A512-4FC9-85EE-F6A2193EBECE] ON ([1C4B6562-A512-4FC9-85EE-F6A2193EBECE].ID = root_hobt.OrganisationalUnitID) 
 JOIN SCrm.Countries AS [C1B43942-F1B0-42DD-8AB7-E1D2C02DFA1B] ON ([C1B43942-F1B0-42DD-8AB7-E1D2C02DFA1B].ID = root_hobt.PropertyCountryId) 
 JOIN SCrm.Counties AS [EF3E7956-4ECB-49B0-B930-8DB68D545FFB] ON ([EF3E7956-4ECB-49B0-B930-8DB68D545FFB].ID = root_hobt.PropertyCountyId) 
 JOIN SJob.Properties AS [FE002E4D-3B56-499F-93DA-5D43259CBC76] ON ([FE002E4D-3B56-499F-93DA-5D43259CBC76].ID = root_hobt.PropertyId) 
 JOIN SSop.QuoteSources AS [DE5A2964-7F7D-4194-962C-11F3FA18DB55] ON ([DE5A2964-7F7D-4194-962C-11F3FA18DB55].ID = root_hobt.EnquirySourceId) 
 JOIN SCrm.AccountContacts AS [62A7CA41-57FE-4541-9B7B-64C2BECBD403] ON ([62A7CA41-57FE-4541-9B7B-64C2BECBD403].ID = root_hobt.AgentAccountContactId) 
 JOIN SCrm.AccountContacts AS [CCDDA156-B2D7-4F37-AA9E-1CB98F3C11FD] ON ([CCDDA156-B2D7-4F37-AA9E-1CB98F3C11FD].ID = root_hobt.ClientAccountContactId) 
 JOIN SSop.Projects AS [9066A2DA-692E-4EFD-A2F0-FF124E2F366E] ON ([9066A2DA-692E-4EFD-A2F0-FF124E2F366E].ID = root_hobt.ProjectId) 
 JOIN SCrm.Accounts AS [B7C58113-E763-4B52-82D5-21501514AF8C] ON ([B7C58113-E763-4B52-82D5-21501514AF8C].ID = root_hobt.FinanceAccountId) 
 JOIN SCrm.AccountAddresses AS [BC7CF205-B05B-41AC-B0CC-E23AEDC459D8] ON ([BC7CF205-B05B-41AC-B0CC-E23AEDC459D8].ID = root_hobt.FinanceAddressId) 
 JOIN SCrm.AccountContacts AS [02B19759-9D35-447C-9AE2-3C7B9027FEB1] ON ([02B19759-9D35-447C-9AE2-3C7B9027FEB1].ID = root_hobt.FinanceContactId) 
 JOIN SCrm.Counties AS [70FEA0EA-C279-484C-931D-2D23F42D01C3] ON ([70FEA0EA-C279-484C-931D-2D23F42D01C3].ID = root_hobt.FinanceCountyId) 
 JOIN SCore.Identities AS [9264744B-5F58-461B-953B-0C16D80B8FC7] ON ([9264744B-5F58-461B-953B-0C16D80B8FC7].ID = root_hobt.SignatoryIdentityId) 
'' WHERE ID = 159')
UPDATE SCore.EntityQueries SET Statement = N'EXEC [SSop].[EnquiriesUpsert]  
	@OrganisationalUnitGuid = @OrganisationalUnitGuid, 
	@Date = @Date, 
	@CreatedByUserGuid = @CreatedByUserGuid, 
	@PropertyGuid = @PropertyGuid, 
	@PropertyNameNumber = @PropertyNameNumber, 
	@PropertyAddressLine1 = @PropertyAddressLine1, 
	@PropertyAddressLine2 = @PropertyAddressLine2, 
	@PropertyAddressLine3 = @PropertyAddressLine3, 
	@PropertyCountyGuid = @PropertyCountyGuid, 
	@PropertyPostCode = @PropertyPostCode, 
	@PropertyCountryGuid = @PropertyCountryGuid, 
	@ClientAccountGuid = @ClientAccountGuid, 
	@ClientAddressGuid = @ClientAddressGuid, 
	@ClientAccountContactGuid = @ClientAccountContactGuid, 
	@ClientName = @ClientName, 
	@ClientAddressNameNumber = @ClientAddressNameNumber, 
	@ClientAddressLine1 = @ClientAddressLine1, 
	@ClientAddressLine2 = @ClientAddressLine2, 
	@ClientAddressLine3 = @ClientAddressLine3, 
	@ClientAddressCountyGuid = @ClientAddressCountyGuid, 
	@ClientAddressPostCode = @ClientAddressPostCode, 
	@ClientAddressCountryGuid = @ClientAddressCountryGuid, 
	@AgentAccountGuid = @AgentAccountGuid, 
	@AgentAddressGuid = @AgentAddressGuid, 
	@AgentAccountContactGuid = @AgentAccountContactGuid, 
	@AgentName = @AgentName, 
	@AgentAddressNameNumber = @AgentAddressNameNumber, 
	@AgentAddressLine1 = @AgentAddressLine1, 
	@AgentAddressLine2 = @AgentAddressLine2, 
	@AgentAddressLine3 = @AgentAddressLine3, 
	@AgentAddressCountyGuid = @AgentAddressCountyGuid, 
	@AgentAddressPostCode = @AgentAddressPostCode, 
	@AgentAddressCountryGuid = @AgentAddressCountryGuid, 
	@DescriptionOfWorks = @DescriptionOfWorks, 
	@ValueOfWork = @ValueOfWork, 
	@CurrentProjectRobaStageGuid = @CurrentProjectRobaStageGuid, 
	@RibaStage0Months = @RibaStage0Months, 
	@RibaStage1Months = @RibaStage1Months, 
	@RibaStage2Months = @RibaStage2Months, 
	@RibaStage3Months = @RibaStage3Months, 
	@RibaStage4Months = @RibaStage4Months, 
	@RibaStage5Months = @RibaStage5Months, 
	@RibaStage6Months = @RibaStage6Months, 
	@RibaStage7Months = @RibaStage7Months, 
	@PreConstructionStageMonths = @PreConstructionStageMonths, 
	@ConstructionStageMonths = @ConstructionStageMonths, 
	@SendInfoToClient = @SendInfoToClient, 
	@SendInfoToAgent = @SendInfoToAgent, 
	@KeyDates = @KeyDates, 
	@ExpectedProcurementRoute = @ExpectedProcurementRoute, 
	@Notes = @Notes, 
	@EnquirySourceGuid = @EnquirySourceGuid, 
	@IsReadyForQuoteReview = @IsReadyForQuoteReview, 
	@QuotingDeadlineDate = @QuotingDeadlineDate, 
	@DeclinedToQuoteDate = @DeclinedToQuoteDate, 
	@DeclinedToQuoteReason = @DeclinedToQuoteReason, 
	@ExternalReference = @ExternalReference, 
	@ProjectGuid = @ProjectGuid, 
	@IsSubjectToNDA = @IsSubjectToNDA, 
	@DeadDate = @DeadDate, 
	@ChaseDate1 = @ChaseDate1, 
	@ChaseDate2 = @ChaseDate2, 
	@FinanceAccountGuid = @FinanceAccountGuid, 
	@FinanceAddressGuid = @FinanceAddressGuid, 
	@FinanceContactGuid = @FinanceContactGuid, 
	@FinanceAccountName = @FinanceAccountName, 
	@FinanceAddressNameNumber = @FinanceAddressNameNumber, 
	@FinanceAddressLine1 = @FinanceAddressLine1, 
	@FinanceAddressLine2 = @FinanceAddressLine2, 
	@FinanceAddressLine3 = @FinanceAddressLine3, 
	@FinanceCountyGuid = @FinanceCountyGuid, 
	@FinancePostCode = @FinancePostCode, 
	@EnterNewClientDetails = @EnterNewClientDetails, 
	@EnterNewAgentDetails = @EnterNewAgentDetails, 
	@EnterNewFinanceDetails = @EnterNewFinanceDetails, 
	@EnterNewStructureDetails = @EnterNewStructureDetails, 
	@IsClientFinanceAccount = @IsClientFinanceAccount, 
	@SignatoryIdentityGuid = @SignatoryIdentityGuid, 
	@ProposalLetter = @ProposalLetter, 
	@Guid = @Guid' WHERE ID = 160
UPDATE SCore.EntityQueries SET Statement = N'SELECT
        root_hobt.ID,
        root_hobt.RowStatus,
        root_hobt.RowVersion,
        root_hobt.Guid,
        root_hobt.FullName,
        root_hobt.EmailAddress,
        root_hobt.UserGuid,
        root_hobt.JobTitle,
        root_hobt.IsActive,
        root_hobt.BillableRate,
        root_hobt.Signature,
        ou.Guid AS OriganisationalUnitId,
        c.Guid  AS ContactId
FROM
        SCore.Identities root_hobt
JOIN
        SCore.OrganisationalUnits ou ON (ou.ID = root_hobt.OriganisationalUnitId)
JOIN
        SCrm.Contacts c ON root_hobt.ContactId = c.ID' WHERE ID = 163
UPDATE SCore.EntityQueries SET Statement = N'SELECT 
	[8AA3EE8C-0AA8-4F1B-8C84-A3048A45936F].Guid AS EndRibaStageId
,	[1C74EDD6-BB3C-4C47-BCEF-EDE008AABD2F].Guid AS EnquiryId
,	root_hobt.Guid
,	root_hobt.ID
,	[75B5C70B-C121-4A6F-A632-2502321E9933].Guid AS JobTypeId
,	root_hobt.RowStatus
,	root_hobt.RowVersion
,	[036A7B03-4083-4695-A6AE-64D5F5C2C430].Guid AS StartRibaStageId

FROM SSop.EnquiryServices AS root_hobt 
JOIN SJob.RibaStages AS [8AA3EE8C-0AA8-4F1B-8C84-A3048A45936F] ON ([8AA3EE8C-0AA8-4F1B-8C84-A3048A45936F].ID = root_hobt.EndRibaStageId) 
 JOIN SSop.Enquiries AS [1C74EDD6-BB3C-4C47-BCEF-EDE008AABD2F] ON ([1C74EDD6-BB3C-4C47-BCEF-EDE008AABD2F].ID = root_hobt.EnquiryId) 
 JOIN SJob.JobTypes AS [75B5C70B-C121-4A6F-A632-2502321E9933] ON ([75B5C70B-C121-4A6F-A632-2502321E9933].ID = root_hobt.JobTypeId) 
 JOIN SJob.RibaStages AS [036A7B03-4083-4695-A6AE-64D5F5C2C430] ON ([036A7B03-4083-4695-A6AE-64D5F5C2C430].ID = root_hobt.StartRibaStageId) 
' WHERE ID = 170
UPDATE SCore.EntityQueries SET Statement = N'SELECT 
	root_hobt.AgentAddress,
	root_hobt.AgentAddressBlock,
	root_hobt.AgentAddressLine1,
	root_hobt.AgentAddressLine2,
	root_hobt.AgentAddressLine3,
	root_hobt.AgentCompanyRegNo,
	root_hobt.AgentContactName,
	root_hobt.AgentCounty,
	root_hobt.AgentEmail,
	root_hobt.AgentFirstName,
	root_hobt.AgentMobile,
	root_hobt.AgentName,
	root_hobt.AgentPhone,
	root_hobt.AgentPostcode,
	root_hobt.AgentSurname,
	root_hobt.AgentTown,
	root_hobt.AgreedFee,
	root_hobt.AppointedJobType,
	root_hobt.ClientAddress,
	root_hobt.ClientAddressBlock,
	root_hobt.ClientAddressLine1,
	root_hobt.ClientAddressLine2,
	root_hobt.ClientAddressLine3,
	root_hobt.ClientCompanyRegNo,
	root_hobt.ClientContactName,
	root_hobt.ClientCounty,
	root_hobt.ClientEmail,
	root_hobt.ClientFirstName,
	root_hobt.ClientMobile,
	root_hobt.ClientName,
	root_hobt.ClientPhone,
	root_hobt.ClientPostcode,
	root_hobt.ClientSurname,
	root_hobt.ClientTown,
	root_hobt.ConstructionStageFee,
	root_hobt.CPPReviewed,
	root_hobt.Guid,
	root_hobt.ID,
	root_hobt.JobDescription,
	root_hobt.JobIDString,
	root_hobt.JobNumber,
	root_hobt.JobType,
	root_hobt.LocalAuthority,
	root_hobt.OfficialAddressLine1,
	root_hobt.OfficialAddressLine2,
	root_hobt.OfficialAddressLine3,
	root_hobt.OfficialCounty,
	root_hobt.OfficialEmail,
	root_hobt.OfficialMobile,
	root_hobt.OfficialName,
	root_hobt.OfficialPhone,
	root_hobt.OfficialPostcode,
	root_hobt.OfficialTown,
	root_hobt.ParentGuid,
	root_hobt.PCII,
	root_hobt.PreConstructionStageFee,
	root_hobt.PrincipalContractorAddress,
	root_hobt.PrincipalContractorEmail,
	root_hobt.PrincipalContractorMobile,
	root_hobt.PrincipalContractorName,
	root_hobt.PrincipalContractorPhone,
	root_hobt.PropertyAddress,
	root_hobt.PropertyAddressBlock,
	root_hobt.PropertyAddressLine1,
	root_hobt.PropertyAddressLine2,
	root_hobt.PropertyAddressLine3,
	root_hobt.PropertyCounty,
	root_hobt.PropertyPostcode,
	root_hobt.PropertyShortAddress,
	root_hobt.PropertyTown,
	root_hobt.RibaStage1Fee,
	root_hobt.RibaStage2Fee,
	root_hobt.RibaStage3Fee,
	root_hobt.RibaStage4Fee,
	root_hobt.RibaStage5Fee,
	root_hobt.RibaStage6Fee,
	root_hobt.RibaStage7Fee,
	root_hobt.RowStatus,
	root_hobt.RowVersion,
	root_hobt.SiteCompletionDate,
	root_hobt.SiteStartDate,
	root_hobt.StrategyLastUpdated,
	root_hobt.SurveyorEmail,
	root_hobt.SurveyorInitials,
	root_hobt.SurveyorJobTitle,
	root_hobt.SurveyorName,
	root_hobt.SurveyorPostNominals,
	root_hobt.TotalNetFee,
	root_hobt.UPRN,
	root_hobt.WrittenAppointmentDate
FROM SJob.Job_CDMMergeInfo AS root_hobt 
', SchemaName = N'SJob', ObjectName = N'Job_CDMMergeInfo', IsManualStatement = 0 WHERE ID = 190
UPDATE SCore.EntityQueries SET Statement = N'SELECT 
	root_hobt.ClientAddress,
	root_hobt.ClientAddressBlock,
	root_hobt.ClientAddressLine1,
	root_hobt.ClientAddressLine2,
	root_hobt.ClientAddressLine3,
	root_hobt.ClientCompanyRegNo,
	root_hobt.ClientContactName,
	root_hobt.ClientCounty,
	root_hobt.ClientEmail,
	root_hobt.ClientFirstName,
	root_hobt.ClientMobile,
	root_hobt.ClientName,
	root_hobt.ClientPhone,
	root_hobt.ClientPostcode,
	root_hobt.ClientSurname,
	root_hobt.ClientTown,
	root_hobt.Construction,
	root_hobt.FeeCap,
	root_hobt.Guid,
	root_hobt.ID,
	root_hobt.OfficialAddressLine1,
	root_hobt.OfficialAddressLine2,
	root_hobt.OfficialAddressLine3,
	root_hobt.OfficialCounty,
	root_hobt.OfficialEmail,
	root_hobt.OfficialMobile,
	root_hobt.OfficialName,
	root_hobt.OfficialPhone,
	root_hobt.OfficialPostcode,
	root_hobt.OfficialTown,
	root_hobt.PreConstruction,
	root_hobt.PropertyAddress,
	root_hobt.PropertyAddressBlock,
	root_hobt.PropertyAddressLine1,
	root_hobt.PropertyAddressLine2,
	root_hobt.PropertyAddressLine3,
	root_hobt.PropertyCounty,
	root_hobt.PropertyPostcode,
	root_hobt.PropertyShortAddress,
	root_hobt.PropertyTown,
	root_hobt.QuoteDate,
	root_hobt.QuoteNumber,
	root_hobt.QuoteOverview,
	root_hobt.QuotingConsultantEmail,
	root_hobt.QuotingConsultantInitials,
	root_hobt.QuotingConsultantJobTitle,
	root_hobt.QuotingConsultantName,
	root_hobt.QuotingConsultantPostNominals,
	root_hobt.QuotingUserEmail,
	root_hobt.QuotingUserInitials,
	root_hobt.QuotingUserJobTitle,
	root_hobt.QuotingUserName,
	root_hobt.QuotingUserPostNominals,
	root_hobt.RecipientAddress,
	root_hobt.RecipientAddressBlock,
	root_hobt.RecipientAddressLine1,
	root_hobt.RecipientAddressLine2,
	root_hobt.RecipientAddressLine3,
	root_hobt.RecipientCompanyRegNo,
	root_hobt.RecipientContactName,
	root_hobt.RecipientCounty,
	root_hobt.RecipientEmail,
	root_hobt.RecipientFirstName,
	root_hobt.RecipientMobile,
	root_hobt.RecipientName,
	root_hobt.RecipientPhone,
	root_hobt.RecipientPostcode,
	root_hobt.RecipientSurname,
	root_hobt.RecipientTown,
	root_hobt.RowStatus,
	root_hobt.RowVersion,
	root_hobt.Stage1Net,
	root_hobt.Stage2Net,
	root_hobt.Stage3Net,
	root_hobt.Stage4Net,
	root_hobt.Stage5Net,
	root_hobt.Stage6Net,
	root_hobt.Stage7Net,
	root_hobt.TotalNetFees,
	root_hobt.UPRN
FROM SSop.Quote_MergeInfo AS root_hobt 
' WHERE ID = 191
UPDATE SCore.EntityQueries SET Statement = N'SELECT	root_hobt.ID,
		root_hobt.RowStatus,
		root_hobt.RowVersion,
		root_hobt.Guid,
		j.Guid AS JobID,
		i.Guid AS CreatedByUserID,
		root_hobt.CreatedDateTime,
		root_hobt.RibaStage0Change,
		root_hobt.RibaStage1Change,
		root_hobt.RibaStage2Change,
		root_hobt.RibaStage3Change,
		root_hobt.RibaStage4Change,
		root_hobt.RibaStage5Change,
		root_hobt.RibaStage6Change,
		root_hobt.RibaStage7Change,

		-- VISIT CHANGES
        root_hobt.RibaStage0VisitChange,
        root_hobt.RibaStage1VisitChange,
		root_hobt.RibaStage2VisitChange,
		root_hobt.RibaStage3VisitChange,
		root_hobt.RibaStage4VisitChange,
		root_hobt.RibaStage5VisitChange,
		root_hobt.RibaStage6VisitChange,
		root_hobt.RibaStage7VisitChange,

		--MEETING CHANGES
        root_hobt.RibaStage0MeetingChange,
        root_hobt.RibaStage1MeetingChange,
		root_hobt.RibaStage2MeetingChange,
		root_hobt.RibaStage3MeetingChange,
		root_hobt.RibaStage4MeetingChange,
		root_hobt.RibaStage5MeetingChange,
		root_hobt.RibaStage6MeetingChange,
		root_hobt.RibaStage7MeetingChange,

		
		root_hobt.PreConstructionStageChange,
		root_hobt.ConstructionStageChange,
		-- PRE + CONSTRUCTION CHANGES
		root_hobt.PreConstructionStageMeetingChange,
		root_hobt.PreConstructionStageVisitChange,
		root_hobt.ConstructionStageMeetingChange,
		root_hobt.ConstructionStageVisitChange,

		root_hobt.FeeCapChange
FROM	SJob.FeeAmendment root_hobt
JOIN	SJob.Jobs j ON (j.ID = root_hobt.JobID)
JOIN	SCore.Identities i ON (i.ID = root_hobt.CreatedByUserID)' WHERE ID = 192
UPDATE SCore.EntityQueries SET Statement = N'EXEC SJob.FeeAmendmentsUpsert @JobGuid = @JobGuid,			-- uniqueidentifier
							  @RibaStage0Change = @RibaStage0Change, -- decimal(9, 2)
							  @RibaStage1Change = @RibaStage1Change, -- decimal(9, 2)
							  @RibaStage2Change = @RibaStage2Change, -- decimal(9, 2)
							  @RibaStage3Change = @RibaStage3Change, -- decimal(9, 2)
							  @RibaStage4Change = @RibaStage4Change, -- decimal(9, 2)
							  @RibaStage5Change = @RibaStage5Change, -- decimal(9, 2)
							  @RibaStage6Change = @RibaStage6Change, -- decimal(9, 2)
							  @RibaStage7Change = @RibaStage7Change, -- decimal(9, 2)
                                                          
                                                           -- Visits
                                                          @RibaStage0VisitChange = @RibaStage0VisitChange, -- decimal(9, 2)
							  @RibaStage1VisitChange = @RibaStage1VisitChange, -- decimal(9, 2)
							  @RibaStage2VisitChange = @RibaStage2VisitChange, -- decimal(9, 2)
							  @RibaStage3VisitChange = @RibaStage3VisitChange, -- decimal(9, 2)
							  @RibaStage4VisitChange = @RibaStage4VisitChange, -- decimal(9, 2)
							  @RibaStage5VisitChange = @RibaStage5VisitChange, -- decimal(9, 2)
							  @RibaStage6VisitChange = @RibaStage6VisitChange, -- decimal(9, 2)
							  @RibaStage7VisitChange = @RibaStage7VisitChange, -- decimal(9, 2)

                                                           -- Meetings
                                                          @RibaStage0MeetingChange = @RibaStage0MeetingChange, -- decimal(9, 2)
							  @RibaStage1MeetingChange = @RibaStage1MeetingChange, -- decimal(9, 2)
							  @RibaStage2MeetingChange = @RibaStage2MeetingChange, -- decimal(9, 2)
							  @RibaStage3MeetingChange = @RibaStage3MeetingChange, -- decimal(9, 2)
							  @RibaStage4MeetingChange = @RibaStage4MeetingChange, -- decimal(9, 2)
							  @RibaStage5MeetingChange = @RibaStage5MeetingChange, -- decimal(9, 2)
							  @RibaStage6MeetingChange = @RibaStage6MeetingChange, -- decimal(9, 2)
							  @RibaStage7MeetingChange = @RibaStage7MeetingChange, -- decimal(9, 2)

							  @PreConstructionStageChange = @PreConstructionStageChange,
							  @ConstructionStageChange = @ConstructionStageChange,

                                                           -- construction + preconstruction
                                                            @PreConstructionStageMeetingChange = @PreConstructionStageMeetingChange,
			                                    @PreConstructionStageVisitChange = @PreConstructionStageVisitChange,
			                                   @ConstructionStageMeetingChange = @ConstructionStageMeetingChange,
			                                   @ConstructionStageVisitChange =  @ConstructionStageVisitChange,
							  @FeeCapChange = @FeeCapChange,		-- decimal(9, 2)
							  @Guid = @Guid				-- uniqueidentifier
' WHERE ID = 193
UPDATE SCore.EntityQueries SET Statement = N'SELECT ID AS Account_ID,
	   Guid,
	   RowStatus,
	   RowVersion,
	   MainAddress,
	   MainPhone,
	   MainEmail
FROM	SCrm.Accounts_CalculatedFields root_hobt' WHERE ID = 209
UPDATE SCore.EntityQueries SET Statement = N'
SELECT 
	[3D00EDE9-26D4-47DA-95BE-7374C084BADD].Guid AS AgentAccountId,
	[D8D47C34-0EA4-41F0-950D-DB45011865AA].Guid AS ClientAccountId,
	root_hobt.DescriptionOfWorks,
	[9B2655E2-4696-4B1E-9013-DA6AFE6CB728].Guid AS EnquiryId,
	root_hobt.JobType,
        root_hobt.JobTypeGuid,
	[0E518042-9A71-44B7-8549-305DB3E09225].Guid AS PropertyId,
	root_hobt.QuotingDeadlineDate
FROM SSop.Quote_ExtendedInfo AS root_hobt 
JOIN SCrm.Accounts AS [D8D47C34-0EA4-41F0-950D-DB45011865AA] ON ([D8D47C34-0EA4-41F0-950D-DB45011865AA].ID = root_hobt.ClientAccountId) 
 JOIN SCrm.Accounts AS [3D00EDE9-26D4-47DA-95BE-7374C084BADD] ON ([3D00EDE9-26D4-47DA-95BE-7374C084BADD].ID = root_hobt.AgentAccountId) 
 JOIN SJob.Properties AS [0E518042-9A71-44B7-8549-305DB3E09225] ON ([0E518042-9A71-44B7-8549-305DB3E09225].ID = root_hobt.PropertyId) 
 JOIN SSop.Enquiries AS [9B2655E2-4696-4B1E-9013-DA6AFE6CB728] ON ([9B2655E2-4696-4B1E-9013-DA6AFE6CB728].ID = root_hobt.EnquiryId) 
', IsManualStatement = 1 WHERE ID = 212
UPDATE SCore.EntityQueries SET Statement = N'SELECT 
	root_hobt.AcceptedQuotesCount,
	root_hobt.AcceptedQuotesTotalValue,
	root_hobt.EnquiriesCount,
	root_hobt.Guid,
	root_hobt.Id,
	root_hobt.JobsActiveAgreedFeesTotal,
	root_hobt.JobsActiveCount,
	root_hobt.JobsActiveInvoicedFeesTotal,
	root_hobt.JobsActiveRemainingFeesTotal,
	root_hobt.JobsCancelledAgreedFeesTotal,
	root_hobt.JobsCancelledCount,
	root_hobt.JobsCancelledInvoicedFeesTotal,
	root_hobt.JobsCancelledUninvoicedFeesTotal,
	root_hobt.JobsCompletedAgreedFeesTotal,
	root_hobt.JobsCompletedCount,
	root_hobt.JobsCompletedInvoicedFeesTotal,
	root_hobt.JobsCompletedUninvoicesFeesTotal,
	root_hobt.JobsCount,
	root_hobt.JobsTotalAgreedFeesTotal,
	root_hobt.JobsTotalInvoicedFeesTotal,
	root_hobt.JobsTotalRemainingFeesTotal,
	root_hobt.ListLabel,
	root_hobt.PendingQuotesCount,
	root_hobt.PendingQuotesTotelValue,
	root_hobt.PercentageAchievableRevenueAchieved,
	root_hobt.PercentageCompleted,
	root_hobt.QuotesCount,
	root_hobt.QuotesTotalValue,
	root_hobt.RejectedQuotesCount,
	root_hobt.RejectedQuotesTotalValue,
	root_hobt.RowStatus,
	root_hobt.RowVersion
FROM SSop.Project_ExtendedInfo AS root_hobt 
' WHERE ID = 213
UPDATE SCore.EntityQueries SET Statement = N'SELECT 
	root_hobt.ExternalReference
,	root_hobt.Guid
,	root_hobt.ID
,	root_hobt.Number
,	root_hobt.ProjectCompleted
,	root_hobt.ProjectDescription
,	root_hobt.ProjectProjectedEndDate
,	root_hobt.ProjectProjectsStartDate
,	root_hobt.RowStatus
,	root_hobt.RowVersion
,	root_hobt.IsSubjectToNDA

FROM SSop.Projects AS root_hobt 
' WHERE ID = 214
UPDATE SCore.EntityQueries SET Statement = N'SELECT	root_hobt.ID,
		root_hobt.Label,
		root_hobt.Class,
		root_hobt.SortOrder 
FROM	[SJob].[Activities_DataPills](@SurveyorGuid, @BillableHours, @JobGuid, @RibaStageGuid, @IsAdditionalWork, @Guid) root_hobt' WHERE ID = 257
UPDATE SCore.EntityQueries SET Statement = N'SELECT
		root_hobt.ID,
		root_hobt.RowStatus,
		root_hobt.RowVersion,
		root_hobt.Guid,
		root_hobt.Notes,
		i.Guid as RequesterUserId,
		root_hobt.CreatedDateTimeUTC,
		j.Guid as JobId,
        j.Number as Number,
        i.FullName as SurveyorName,
        Ac.Guid as FinanceAccountID, -- new
        j.BillingInstruction AS JobBillingInstruction, -- [CBLD-521]
	Ac.BillingInstruction AS AccountBillingInstruction -- [CBLD-521]
FROM
		SFin.InvoiceRequests root_hobt
JOIN
		SJob.Jobs j ON (j.ID = root_hobt.JobId)
JOIN
		SCrm.Accounts Ac ON (j.FinanceAccountID = Ac.ID) -- new
JOIN
		SCore.Identities i ON (i.ID = root_hobt.RequesterUserId)' WHERE ID = 258
UPDATE SCore.EntityQueries SET Statement = N'SELECT 
	root_hobt.Guid,
	root_hobt.ID,
	[E779FDBF-3727-4C37-B19D-4BCC6F71314F].Guid AS IncludedMergeDocumentId,
	[0BEC90D5-4330-467B-B271-2D2A4364D00F].Guid AS MergeDocumentItemId,
	root_hobt.RowStatus,
	root_hobt.RowVersion,
	root_hobt.SortOrder,
	[A7575B42-582C-4E04-A3C4-59ADA04EF33A].Guid AS SourceDocumentEntityPropertyId,
	[1A289995-4638-4F67-B706-CD3E3E3C80E0].Guid AS SourceSharePointItemEntityPropertyId
FROM SCore.MergeDocumentItemIncludes AS root_hobt 
JOIN SCore.MergeDocumentItems AS [0BEC90D5-4330-467B-B271-2D2A4364D00F] ON ([0BEC90D5-4330-467B-B271-2D2A4364D00F].ID = root_hobt.MergeDocumentItemId) 
 JOIN SCore.EntityProperties AS [A7575B42-582C-4E04-A3C4-59ADA04EF33A] ON ([A7575B42-582C-4E04-A3C4-59ADA04EF33A].ID = root_hobt.SourceDocumentEntityPropertyId) 
 JOIN SCore.EntityProperties AS [1A289995-4638-4F67-B706-CD3E3E3C80E0] ON ([1A289995-4638-4F67-B706-CD3E3E3C80E0].ID = root_hobt.SourceSharePointItemEntityPropertyId) 
 JOIN SCore.MergeDocuments AS [E779FDBF-3727-4C37-B19D-4BCC6F71314F] ON ([E779FDBF-3727-4C37-B19D-4BCC6F71314F].ID = root_hobt.IncludedMergeDocumentId) 
' WHERE ID = 272
UPDATE SCore.EntityQueries SET Statement = N'SELECT 
	root_hobt.BookmarkName,
	[02A636D3-60AA-4516-8303-3B12D2497685].Guid AS EntityTypeId,
	root_hobt.Guid,
	root_hobt.ID,
	root_hobt.ImageColumns,
	[B86CAFA7-C6E8-4AC5-A606-7A2289ACDDC9].Guid AS MergeDocumentId,
	[9BFBE9EC-9DDB-4FCC-8513-9EB5F2C1593C].Guid AS MergeDocumentItemTypeId,
	root_hobt.RowStatus,
	root_hobt.RowVersion,
	root_hobt.SubFolderPath
FROM SCore.MergeDocumentItems AS root_hobt 
JOIN SCore.MergeDocuments AS [B86CAFA7-C6E8-4AC5-A606-7A2289ACDDC9] ON ([B86CAFA7-C6E8-4AC5-A606-7A2289ACDDC9].ID = root_hobt.MergeDocumentId) 
 JOIN SCore.MergeDocumentItemTypes AS [9BFBE9EC-9DDB-4FCC-8513-9EB5F2C1593C] ON ([9BFBE9EC-9DDB-4FCC-8513-9EB5F2C1593C].ID = root_hobt.MergeDocumentItemTypeId) 
 JOIN SCore.EntityTypes AS [02A636D3-60AA-4516-8303-3B12D2497685] ON ([02A636D3-60AA-4516-8303-3B12D2497685].ID = root_hobt.EntityTypeId) 
' WHERE ID = 273
UPDATE SCore.EntityQueries SET Statement = N'SELECT 
	root_hobt.ID
,	root_hobt.Guid
,	root_hobt.RowStatus
,	root_hobt.RowVersion
,	root_hobt.Name
,	root_hobt.IsImageType

FROM SCore.MergeDocumentItemTypes AS root_hobt 
' WHERE ID = 276
UPDATE SCore.EntityQueries SET Statement = N'SELECT 
	root_hobt.ID
,	root_hobt.Guid
,	root_hobt.RowStatus
,	root_hobt.RowVersion
,	[E9D4ABB8-AACF-4ECF-8EAC-1DFA642106F7].Guid AS ProjectID
,	root_hobt.Detail
,	root_hobt.DateTime

FROM SSop.ProjectKeyDates AS root_hobt 
JOIN SSop.Projects AS [E9D4ABB8-AACF-4ECF-8EAC-1DFA642106F7] ON ([E9D4ABB8-AACF-4ECF-8EAC-1DFA642106F7].ID = root_hobt.ProjectID) 
' WHERE ID = 281
UPDATE SCore.EntityQueries SET Statement = N'SELECT 
	[CF303924-00E4-4D84-8E04-16B74316BD33].Guid AS QuoteId
,	root_hobt.DateAccepted
,	root_hobt.DateSent
,	root_hobt.DateRejected
,	root_hobt.Number
,	root_hobt.RevisionNumber
,       root_hobt.DeclinedToQuoteDate
FROM SSop.EnquiryService_ExtendedInfo AS root_hobt 
JOIN SSop.Quotes AS [CF303924-00E4-4D84-8E04-16B74316BD33] ON ([CF303924-00E4-4D84-8E04-16B74316BD33].ID = root_hobt.QuoteId) 
', IsManualStatement = 1 WHERE ID = 287
UPDATE SCore.EntityQueries SET Statement = N'EXEC [SSop].[EnquiryServicesExtUpsert]  @DateSent = @DateSent, @DateAccepted = @DateAccepted, @DateRejected = @DateRejected, @QuoteGuid = @QuoteGuid, @Guid = @Guid, @DateDeclinedToQuote = @DateDeclinedToQuote', IsManualStatement = 1 WHERE ID = 288
UPDATE SCore.EntityQueries SET Statement = N'EXEC [SSop].[EnquiryCreateJobs]  
	@Guid = @Guid' WHERE ID = 289
UPDATE SCore.EntityQueries SET Statement = N'EXEC [SSop].[QuoteDelete]  
	@Guid = @Guid' WHERE ID = 290
UPDATE SCore.EntityQueries SET Statement = N'SELECT 
	root_hobt.AgentAddress,
	root_hobt.AgentAddressBlock,
	root_hobt.AgentAddressLine1,
	root_hobt.AgentAddressLine2,
	root_hobt.AgentAddressLine3,
	root_hobt.AgentCompanyRegNo,
	root_hobt.AgentContactName,
	root_hobt.AgentCounty,
	root_hobt.AgentEmail,
	root_hobt.AgentFirstName,
	root_hobt.AgentMobile,
	root_hobt.AgentName,
	root_hobt.AgentPhone,
	root_hobt.AgentPostcode,
	root_hobt.AgentSurname,
	root_hobt.AgentTown,
	root_hobt.ClientAddress,
	root_hobt.ClientAddressBlock,
	root_hobt.ClientAddressLine1,
	root_hobt.ClientAddressLine2,
	root_hobt.ClientAddressLine3,
	root_hobt.ClientCompanyRegNo,
	root_hobt.ClientContactName,
	root_hobt.ClientCounty,
	root_hobt.ClientEmail,
	root_hobt.ClientFirstName,
	root_hobt.ClientMobile,
	root_hobt.ClientName,
	root_hobt.ClientPhone,
	root_hobt.ClientPostcode,
	root_hobt.ClientSurname,
	root_hobt.ClientTown,
	root_hobt.DescriptionOfWorks,
	root_hobt.EnquiryDate,
	root_hobt.EnquiryNumber,
	root_hobt.FinanceAddress,
	root_hobt.FinanceAddressBlock,
	root_hobt.FinanceAddressLine1,
	root_hobt.FinanceAddressLine2,
	root_hobt.FinanceAddressLine3,
	root_hobt.FinanceCompanyRegNo,
	root_hobt.FinanceContactName,
	root_hobt.FinanceCounty,
	root_hobt.FinanceEmail,
	root_hobt.FinanceFirstName,
	root_hobt.FinanceMobile,
	root_hobt.FinanceName,
	root_hobt.FinancePhone,
	root_hobt.FinancePostcode,
	root_hobt.FinanceSurname,
	root_hobt.FinanceTown,
	root_hobt.Guid,
	root_hobt.ID,
	root_hobt.OfficialAddressLine1,
	root_hobt.OfficialAddressLine2,
	root_hobt.OfficialAddressLine3,
	root_hobt.OfficialCounty,
	root_hobt.OfficialEmail,
	root_hobt.OfficialMobile,
	root_hobt.OfficialName,
	root_hobt.OfficialPhone,
	root_hobt.OfficialPostcode,
	root_hobt.OfficialTown,
	root_hobt.ParentGuid,
	root_hobt.PropertyAddress,
	root_hobt.PropertyAddressBlock,
	root_hobt.PropertyAddressLine1,
	root_hobt.PropertyAddressLine2,
	root_hobt.PropertyAddressLine3,
	root_hobt.PropertyCounty,
	root_hobt.PropertyPostcode,
	root_hobt.PropertyShortAddress,
	root_hobt.PropertyTown,
	root_hobt.ProposalLetter,
	root_hobt.RecipientAddress,
	root_hobt.RecipientAddressBlock,
	root_hobt.RecipientAddressLine1,
	root_hobt.RecipientAddressLine2,
	root_hobt.RecipientAddressLine3,
	root_hobt.RecipientCompanyRegNo,
	root_hobt.RecipientContactName,
	root_hobt.RecipientCounty,
	root_hobt.RecipientEmail,
	root_hobt.RecipientFirstName,
	root_hobt.RecipientMobile,
	root_hobt.RecipientName,
	root_hobt.RecipientPhone,
	root_hobt.RecipientPostcode,
	root_hobt.RecipientSurname,
	root_hobt.RecipientTown,
	root_hobt.RowStatus,
	root_hobt.RowVersion,
	root_hobt.SignatoryInitials,
	root_hobt.SignatoryJobTitle,
	root_hobt.SignatoryName,
	root_hobt.SignatoryPostNominals,
	root_hobt.SignatorytEmail,
	root_hobt.TotalFee,
	root_hobt.UPRN
FROM SSop.Enquiry_MergeInfo AS root_hobt 
', IsManualStatement = 0 WHERE ID = 291
UPDATE SCore.EntityQueries SET Statement = N'SELECT 
	[56C69394-5430-42BA-A4E2-4D12A3D0777C].Guid AS EnquiryId,
	root_hobt.Guid,
	root_hobt.ID,
	root_hobt.Item,
	root_hobt.RowStatus,
	root_hobt.RowVersion
FROM SSop.ScheduleOfClientInformation AS root_hobt 
JOIN SSop.Enquiries AS [56C69394-5430-42BA-A4E2-4D12A3D0777C] ON ([56C69394-5430-42BA-A4E2-4D12A3D0777C].ID = root_hobt.EnquiryId) 
' WHERE ID = 292
UPDATE SCore.EntityQueries SET Statement = N'EXEC [SSop].[ScheduleOfClientInformationUpsert]  
	@EnquiryGuid = @EnquiryGuid, 
	@Item = @Item, 
	@Guid = @Guid' WHERE ID = 293
UPDATE SCore.EntityQueries SET Statement = N'SELECT 
	root_hobt.EnquiryGuid,
	root_hobt.Guid,
	root_hobt.ID,
	root_hobt.ParentGuid,
	root_hobt.QuoteGuid,
	root_hobt.RowStatus,
	root_hobt.RowVersion
FROM SSop.EnquiryService_MergeInfo AS root_hobt 
' WHERE ID = 295
UPDATE SCore.EntityQueries SET Statement = N'SELECT 
	root_hobt.Guid,
	root_hobt.ID,
	root_hobt.Item,
	root_hobt.ParentGuid,
	root_hobt.RowStatus,
	root_hobt.RowVersion
FROM SSop.ScheduleOfClientInfo_MergeInfo AS root_hobt 
' WHERE ID = 296
UPDATE SCore.EntityQueries SET Statement = N'SELECT 
	root_hobt.Accept,
	root_hobt.EnquiryGuid,
	root_hobt.Guid,
	root_hobt.ID,
	root_hobt.Name,
	root_hobt.ParentGuid,
	root_hobt.RowStatus,
	root_hobt.RowVersion
FROM SSop.EnquiryAcceptanceServices_MergeInfo AS root_hobt 
' WHERE ID = 297
UPDATE SCore.EntityQueries SET Statement = N'EXEC [SCore].[MergeDocumentsDelete]  
	@Guid = @Guid' WHERE ID = 298
UPDATE SCore.EntityQueries SET Statement = N'EXEC [SUserInterface].[GridViewDefinitionsDelete]  
	@Guid = @Guid' WHERE ID = 299
UPDATE SCore.EntityQueries SET Statement = N'EXEC [SUserInterface].[GridViewColumnDefinitionsDelete]  
	@Guid = @Guid' WHERE ID = 300
UPDATE SCore.EntityQueries SET Statement = N'SELECT 
	root_hobt.Description,
	root_hobt.Guid,
	root_hobt.ID,
	root_hobt.LineNet,
	root_hobt.RowStatus,
	root_hobt.RowVersion
FROM SSop.QuoteItems_MergeInfo AS root_hobt 
' WHERE ID = 301
UPDATE SCore.EntityQueries SET Statement = N'SELECT 
	root_hobt.ActivityDate,
	root_hobt.ActivityNotes,
	root_hobt.ActivityTitle,
	root_hobt.ActivityType,
	root_hobt.AgentAddress,
	root_hobt.AgentAddressBlock,
	root_hobt.AgentAddressLine1,
	root_hobt.AgentAddressLine2,
	root_hobt.AgentAddressLine3,
	root_hobt.AgentCompanyRegNo,
	root_hobt.AgentContactName,
	root_hobt.AgentCounty,
	root_hobt.AgentEmail,
	root_hobt.AgentFirstName,
	root_hobt.AgentMobile,
	root_hobt.AgentName,
	root_hobt.AgentPhone,
	root_hobt.AgentPostcode,
	root_hobt.AgentSurname,
	root_hobt.AgentTown,
	root_hobt.ClientAddress,
	root_hobt.ClientAddressBlock,
	root_hobt.ClientAddressLine1,
	root_hobt.ClientAddressLine2,
	root_hobt.ClientAddressLine3,
	root_hobt.ClientCompanyRegNo,
	root_hobt.ClientContactName,
	root_hobt.ClientCounty,
	root_hobt.ClientEmail,
	root_hobt.ClientFirstName,
	root_hobt.ClientMobile,
	root_hobt.ClientName,
	root_hobt.ClientPhone,
	root_hobt.ClientPostcode,
	root_hobt.ClientSurname,
	root_hobt.ClientTown,
	root_hobt.Guid,
	root_hobt.ID,
	root_hobt.JobDescription,
	root_hobt.JobNumber,
	root_hobt.JobType,
	root_hobt.LocalAuthority,
	root_hobt.OfficialAddressLine1,
	root_hobt.OfficialAddressLine2,
	root_hobt.OfficialAddressLine3,
	root_hobt.OfficialCounty,
	root_hobt.OfficialEmail,
	root_hobt.OfficialMobile,
	root_hobt.OfficialName,
	root_hobt.OfficialPhone,
	root_hobt.OfficialPostcode,
	root_hobt.OfficialTown,
	root_hobt.ParentGuid,
	root_hobt.PropertyAddress,
	root_hobt.PropertyAddressBlock,
	root_hobt.PropertyAddressLine1,
	root_hobt.PropertyAddressLine2,
	root_hobt.PropertyAddressLine3,
	root_hobt.PropertyCounty,
	root_hobt.PropertyPostcode,
	root_hobt.PropertyShortAddress,
	root_hobt.PropertyTown,
	root_hobt.RowStatus,
	root_hobt.RowVersion,
	root_hobt.SurveyorEmail,
	root_hobt.SurveyorInitials,
	root_hobt.SurveyorJobTitle,
	root_hobt.SurveyorName,
	root_hobt.SurveyorPostNominals,
	root_hobt.UPRN
FROM SJob.Activity_MergeInfo AS root_hobt 
', IsManualStatement = 0 WHERE ID = 303
UPDATE SCore.EntityQueries SET Statement = N'SELECT 
	root_hobt.DisplayName,
	root_hobt.Email,
	root_hobt.FirstName,
	root_hobt.Guid,
	root_hobt.ID,
	root_hobt.Mobile,
	root_hobt.ParentGuid,
	root_hobt.Phone,
	root_hobt.RowStatus,
	root_hobt.RowVersion,
	root_hobt.Surname
FROM SCrm.Contact_MergeInfo AS root_hobt 
' WHERE ID = 304
UPDATE SCore.EntityQueries SET Statement = N'SELECT 
	root_hobt.AgentAddress,
	root_hobt.AgentAddressBlock,
	root_hobt.AgentAddressLine1,
	root_hobt.AgentAddressLine2,
	root_hobt.AgentAddressLine3,
	root_hobt.AgentCompanyRegNo,
	root_hobt.AgentContactName,
	root_hobt.AgentCounty,
	root_hobt.AgentEmail,
	root_hobt.AgentFirstName,
	root_hobt.AgentMobile,
	root_hobt.AgentName,
	root_hobt.AgentPhone,
	root_hobt.AgentPostcode,
	root_hobt.AgentSurname,
	root_hobt.AgentTown,
	root_hobt.AgreedFee,
	root_hobt.ClientAddress,
	root_hobt.ClientAddressBlock,
	root_hobt.ClientAddressLine1,
	root_hobt.ClientAddressLine2,
	root_hobt.ClientAddressLine3,
	root_hobt.ClientAppointmentReceived,
	root_hobt.ClientCompanyRegNo,
	root_hobt.ClientContactName,
	root_hobt.ClientCounty,
	root_hobt.ClientEmail,
	root_hobt.ClientFirstName,
	root_hobt.ClientMobile,
	root_hobt.ClientName,
	root_hobt.ClientPhone,
	root_hobt.ClientPostcode,
	root_hobt.ClientSurname,
	root_hobt.ClientTown,
	root_hobt.ConstructionStageFee,
	root_hobt.Guid,
	root_hobt.ID,
	root_hobt.JobDescription,
	root_hobt.JobIDString,
	root_hobt.JobNumber,
	root_hobt.JobType,
	root_hobt.LocalAuthority,
	root_hobt.OfficialAddressLine1,
	root_hobt.OfficialAddressLine2,
	root_hobt.OfficialAddressLine3,
	root_hobt.OfficialCounty,
	root_hobt.OfficialEmail,
	root_hobt.OfficialMobile,
	root_hobt.OfficialName,
	root_hobt.OfficialPhone,
	root_hobt.OfficialPostcode,
	root_hobt.OfficialTown,
	root_hobt.PreConstructionStageFee,
	root_hobt.PropertyAddress,
	root_hobt.PropertyAddressBlock,
	root_hobt.PropertyAddressLine1,
	root_hobt.PropertyAddressLine2,
	root_hobt.PropertyAddressLine3,
	root_hobt.PropertyCounty,
	root_hobt.PropertyPostcode,
	root_hobt.PropertyShortAddress,
	root_hobt.PropertyTown,
	root_hobt.RibaStage1Fee,
	root_hobt.RibaStage2Fee,
	root_hobt.RibaStage3Fee,
	root_hobt.RibaStage4Fee,
	root_hobt.RibaStage5Fee,
	root_hobt.RibaStage6Fee,
	root_hobt.RibaStage7Fee,
	root_hobt.RowStatus,
	root_hobt.RowVersion,
	root_hobt.SurveyorEmail,
	root_hobt.SurveyorInitials,
	root_hobt.SurveyorJobTitle,
	root_hobt.SurveyorName,
	root_hobt.SurveyorPostNominals,
	root_hobt.TotalNetFee,
	root_hobt.UPRN
FROM SJob.Job_MergeInfo AS root_hobt 
' WHERE ID = 305
UPDATE SCore.EntityQueries SET Statement = N'SELECT 
	root_hobt.ActivityEndDate,
	root_hobt.ActivityNotes,
	root_hobt.ActivityStartDate,
	root_hobt.ActivityTitle,
	root_hobt.ActivityType,
	root_hobt.Guid,
	root_hobt.ID,
	root_hobt.ParentGuid,
	root_hobt.RowStatus,
	root_hobt.RowVersion,
	root_hobt.SurveyorName
FROM SJob.Activity_Table_MergeInfo AS root_hobt 
' WHERE ID = 306
GO

IF @@ERROR<>0 OR @@TRANCOUNT=0 BEGIN IF @@TRANCOUNT>0 ROLLBACK SET NOEXEC ON END

--
-- Inserting data into table [SCore].[EntityQueryParameters]
--
SET IDENTITY_INSERT SCore.EntityQueryParameters ON
GO

IF @@ERROR<>0 OR @@TRANCOUNT=0 BEGIN IF @@TRANCOUNT>0 ROLLBACK SET NOEXEC ON END
INSERT SCore.EntityQueryParameters(ID, RowStatus, Guid, Name, EntityQueryID, EntityDataTypeID, MappedEntityPropertyID, DefaultValue, IsInput, IsOutput, IsReturnColumn) VALUES (1285, 1, '6bd78fb3-3792-4d12-baec-c9525b4dc661', N'@AllowExcelOutputOnly', 123, 4, 2047, N'', 1, 0, 0)
INSERT SCore.EntityQueryParameters(ID, RowStatus, Guid, Name, EntityQueryID, EntityDataTypeID, MappedEntityPropertyID, DefaultValue, IsInput, IsOutput, IsReturnColumn) VALUES (1286, 1, '5c43e93b-06f7-48b4-bd4b-0c12e7cceea8', N'@JobType', 85, 6, 2000, N'', 1, 0, 0)
INSERT SCore.EntityQueryParameters(ID, RowStatus, Guid, Name, EntityQueryID, EntityDataTypeID, MappedEntityPropertyID, DefaultValue, IsInput, IsOutput, IsReturnColumn) VALUES (1287, 1, 'e46c050b-dca2-4dfd-b64a-60af212faf52', N'@DateDeclinedToQuote', 288, 12, 2056, N'', 1, 0, 0)
INSERT SCore.EntityQueryParameters(ID, RowStatus, Guid, Name, EntityQueryID, EntityDataTypeID, MappedEntityPropertyID, DefaultValue, IsInput, IsOutput, IsReturnColumn) VALUES (1288, 254, '6b95c9b3-bea0-4b1b-936f-c249c88742ac', N'@EnquiryID', 103, 2, 1217, N'0', 1, 0, 0)
INSERT SCore.EntityQueryParameters(ID, RowStatus, Guid, Name, EntityQueryID, EntityDataTypeID, MappedEntityPropertyID, DefaultValue, IsInput, IsOutput, IsReturnColumn) VALUES (1289, 1, '6397e7d2-fa40-4dae-98f1-6daa5dfa46c1', N'@NumberOfSiteVisits', 91, 2, 2059, N'', 1, 0, 0)
INSERT SCore.EntityQueryParameters(ID, RowStatus, Guid, Name, EntityQueryID, EntityDataTypeID, MappedEntityPropertyID, DefaultValue, IsInput, IsOutput, IsReturnColumn) VALUES (1290, 1, '68daad1d-c07a-4c0e-9d30-df1c7a66d69d', N'@NumberOfMeetings', 91, 2, 2060, N'', 1, 0, 0)
INSERT SCore.EntityQueryParameters(ID, RowStatus, Guid, Name, EntityQueryID, EntityDataTypeID, MappedEntityPropertyID, DefaultValue, IsInput, IsOutput, IsReturnColumn) VALUES (1291, 1, '582c720c-2f8d-461b-8623-e1e9b066c460', N'@DeclinedToQuoteReason', 85, 5, 2061, N'', 1, 0, 0)
INSERT SCore.EntityQueryParameters(ID, RowStatus, Guid, Name, EntityQueryID, EntityDataTypeID, MappedEntityPropertyID, DefaultValue, IsInput, IsOutput, IsReturnColumn) VALUES (1292, 1, '6fd3233d-f83a-42d4-936d-8a0cbead1760', N'@DeclinedToQuoteReason', 103, 5, 2061, N'', 1, 0, 0)
INSERT SCore.EntityQueryParameters(ID, RowStatus, Guid, Name, EntityQueryID, EntityDataTypeID, MappedEntityPropertyID, DefaultValue, IsInput, IsOutput, IsReturnColumn) VALUES (1293, 1, '91eea809-d1b4-4948-abde-c355711f198a', N'@DateDeclinedToQuote', 103, 12, 2058, N'', 1, 0, 0)
GO
SET IDENTITY_INSERT SCore.EntityQueryParameters OFF
GO

IF @@ERROR<>0 OR @@TRANCOUNT=0 BEGIN IF @@TRANCOUNT>0 ROLLBACK SET NOEXEC ON END

--
-- Reseed identity on SCore.EntityQueryParameters
--
DBCC CHECKIDENT('SCore.EntityQueryParameters', RESEED, 1293)
GO

IF @@ERROR<>0 OR @@TRANCOUNT=0 BEGIN IF @@TRANCOUNT>0 ROLLBACK SET NOEXEC ON END

--
-- Inserting data into table [SCore].[EntityTypes]
--
SET IDENTITY_INSERT SCore.EntityTypes ON
GO

IF @@ERROR<>0 OR @@TRANCOUNT=0 BEGIN IF @@TRANCOUNT>0 ROLLBACK SET NOEXEC ON END
INSERT SCore.EntityTypes(ID, RowStatus, Guid, Name, IsReadOnlyOffline, IsRequiredSystemData, HasDocuments, LanguageLabelID, DoNotTrackChanges, IsRootEntity, DetailPageUrl, IconId, IsMetaData) VALUES (167, 1, '39fbb1d4-ed18-4142-8a85-7faf4e4a3c58', N'Account_ Merge Info', 0, 0, 0, 2815, 0, 0, N'', -1, 0)
GO
SET IDENTITY_INSERT SCore.EntityTypes OFF
GO

IF @@ERROR<>0 OR @@TRANCOUNT=0 BEGIN IF @@TRANCOUNT>0 ROLLBACK SET NOEXEC ON END

--
-- Reseed identity on SCore.EntityTypes
--
DBCC CHECKIDENT('SCore.EntityTypes', RESEED, 167)
GO

IF @@ERROR<>0 OR @@TRANCOUNT=0 BEGIN IF @@TRANCOUNT>0 ROLLBACK SET NOEXEC ON END

--
-- Inserting data into table [SCore].[LanguageLabels]
--
SET IDENTITY_INSERT SCore.LanguageLabels ON
GO

IF @@ERROR<>0 OR @@TRANCOUNT=0 BEGIN IF @@TRANCOUNT>0 ROLLBACK SET NOEXEC ON END
INSERT SCore.LanguageLabels(ID, RowStatus, Guid, Name) VALUES (2809, 1, '06d10959-6809-41c6-bbb2-e071d1ff95ef', N'SCore.MergeDocuments.AllowExcelOutputOnly')
INSERT SCore.LanguageLabels(ID, RowStatus, Guid, Name) VALUES (2810, 1, '5f1fc52a-0461-451b-8356-af626eb71861', N'[SSop].[Enquiry_MergeInfo].[ParentGuid]')
INSERT SCore.LanguageLabels(ID, RowStatus, Guid, Name) VALUES (2811, 1, 'd83d1797-d93d-4d14-b5a6-6b0390867464', N'[SCrm].[Contact_MergeInfo].[Guid]')
INSERT SCore.LanguageLabels(ID, RowStatus, Guid, Name) VALUES (2812, 1, '7658031f-5808-45e7-af8d-9d06e108abbb', N'[SCrm].[Contact_MergeInfo].[ParentGuid]')
INSERT SCore.LanguageLabels(ID, RowStatus, Guid, Name) VALUES (2813, 1, 'f19e0685-8743-4697-bae1-4c691b864988', N'[SCrm].[Contact_MergeInfo].[RowStatus]')
INSERT SCore.LanguageLabels(ID, RowStatus, Guid, Name) VALUES (2814, 1, '440a98a2-9d5f-4ad8-a322-559ae4bfee37', N'[SCrm].[Contact_MergeInfo].[RowVersion]')
INSERT SCore.LanguageLabels(ID, RowStatus, Guid, Name) VALUES (2815, 1, '99036440-2cad-4949-afa7-c266d6358358', N'Account_ Merge Info')
INSERT SCore.LanguageLabels(ID, RowStatus, Guid, Name) VALUES (2816, 1, 'ab81ee27-f07c-4340-97ab-6747a080870d', N'[SJob].[Activity_MergeInfo].[ParentGuid]')
INSERT SCore.LanguageLabels(ID, RowStatus, Guid, Name) VALUES (2817, 1, 'cbbfcea7-1274-4e73-b220-fa6157f5ea75', N'[SSop].[EnquiryAcceptanceServices_MergeInfo].[Guid]')
INSERT SCore.LanguageLabels(ID, RowStatus, Guid, Name) VALUES (2818, 1, 'be1b933f-2000-4d55-93a5-121ee7a0a28d', N'[SJob].[Job_CDMMergeInfo].[ParentGuid]')
INSERT SCore.LanguageLabels(ID, RowStatus, Guid, Name) VALUES (2819, 1, '7b141fdd-036c-46f4-b0f8-7f3f029273e5', N'[SSop].[QuoteItems].[NumberOfVisits]')
INSERT SCore.LanguageLabels(ID, RowStatus, Guid, Name) VALUES (2820, 1, '40fd269b-4299-483d-86d8-471c86ce71c7', N'[SSop].[QuoteItems].[NumberOfMeetings]')
GO
SET IDENTITY_INSERT SCore.LanguageLabels OFF
GO

IF @@ERROR<>0 OR @@TRANCOUNT=0 BEGIN IF @@TRANCOUNT>0 ROLLBACK SET NOEXEC ON END

--
-- Reseed identity on SCore.LanguageLabels
--
DBCC CHECKIDENT('SCore.LanguageLabels', RESEED, 2820)
GO

IF @@ERROR<>0 OR @@TRANCOUNT=0 BEGIN IF @@TRANCOUNT>0 ROLLBACK SET NOEXEC ON END

--
-- Updating data of table [SCore].[LanguageLabelTranslations]
--
UPDATE SCore.LanguageLabelTranslations SET Text = N'Bookmark/Control Name' WHERE ID = 2534

--
-- Inserting data into table [SCore].[LanguageLabelTranslations]
--
GO

IF @@ERROR<>0 OR @@TRANCOUNT=0 BEGIN IF @@TRANCOUNT>0 ROLLBACK SET NOEXEC ON END
SET IDENTITY_INSERT SCore.LanguageLabelTranslations ON
GO

IF @@ERROR<>0 OR @@TRANCOUNT=0 BEGIN IF @@TRANCOUNT>0 ROLLBACK SET NOEXEC ON END
INSERT SCore.LanguageLabelTranslations(ID, RowStatus, Guid, Text, TextPlural, LanguageLabelID, LanguageID, HelpText) VALUES (2849, 1, '8faefa4d-e2f9-4158-ad5b-3013c74cb33e', N'Allow Excel Only Output', N'', 2809, 1, N'')
INSERT SCore.LanguageLabelTranslations(ID, RowStatus, Guid, Text, TextPlural, LanguageLabelID, LanguageID, HelpText) VALUES (2850, 1, '82cd2107-2afb-442c-93fd-5d109214c3b4', N'Parent Guid', N'', 2810, 1, N'')
INSERT SCore.LanguageLabelTranslations(ID, RowStatus, Guid, Text, TextPlural, LanguageLabelID, LanguageID, HelpText) VALUES (2851, 1, 'ddbffca7-04d1-4907-a64a-e680c6fdf10f', N'Guid', N'', 2811, 1, N'')
INSERT SCore.LanguageLabelTranslations(ID, RowStatus, Guid, Text, TextPlural, LanguageLabelID, LanguageID, HelpText) VALUES (2852, 1, '6aafd52e-7615-4594-bb97-122f8d9f0935', N'Parent Guid', N'', 2812, 1, N'')
INSERT SCore.LanguageLabelTranslations(ID, RowStatus, Guid, Text, TextPlural, LanguageLabelID, LanguageID, HelpText) VALUES (2853, 1, '80b5489f-81ae-455a-b6d4-3dfc788417f8', N'Row Status', N'', 2813, 1, N'')
INSERT SCore.LanguageLabelTranslations(ID, RowStatus, Guid, Text, TextPlural, LanguageLabelID, LanguageID, HelpText) VALUES (2854, 1, 'e6e93ef9-9596-4807-b697-b2594ea348d4', N'Row Version', N'', 2814, 1, N'')
INSERT SCore.LanguageLabelTranslations(ID, RowStatus, Guid, Text, TextPlural, LanguageLabelID, LanguageID, HelpText) VALUES (2855, 1, '5a992bc8-7091-4d57-8d9d-9fb5d1966670', N'Account_ Merge Info', N'', 2815, 1, N'')
INSERT SCore.LanguageLabelTranslations(ID, RowStatus, Guid, Text, TextPlural, LanguageLabelID, LanguageID, HelpText) VALUES (2856, 1, '963fce36-454e-4a25-8c29-ef0f2cca117e', N'Parent Guid', N'', 2816, 1, N'')
INSERT SCore.LanguageLabelTranslations(ID, RowStatus, Guid, Text, TextPlural, LanguageLabelID, LanguageID, HelpText) VALUES (2857, 1, 'f640319e-b7b1-40b0-a53d-7d6bd4287993', N'Guid', N'', 2817, 1, N'')
INSERT SCore.LanguageLabelTranslations(ID, RowStatus, Guid, Text, TextPlural, LanguageLabelID, LanguageID, HelpText) VALUES (2858, 1, '6076ce7b-37f2-4328-a99e-5b9a2e9d5c36', N'Parent Guid', N'', 2818, 1, N'')
INSERT SCore.LanguageLabelTranslations(ID, RowStatus, Guid, Text, TextPlural, LanguageLabelID, LanguageID, HelpText) VALUES (2859, 1, '3d6ee76d-030b-43d9-a810-f2977270fd09', N'Number of Visits', N'Number of Visits', 2819, 1, N'')
INSERT SCore.LanguageLabelTranslations(ID, RowStatus, Guid, Text, TextPlural, LanguageLabelID, LanguageID, HelpText) VALUES (2860, 1, '7363805a-d4b1-46ee-ba96-747039017ce8', N'Number of Meetings', N'Number of Meetings', 2820, 1, N'')
GO
SET IDENTITY_INSERT SCore.LanguageLabelTranslations OFF
GO

IF @@ERROR<>0 OR @@TRANCOUNT=0 BEGIN IF @@TRANCOUNT>0 ROLLBACK SET NOEXEC ON END

--
-- Reseed identity on SCore.LanguageLabelTranslations
--
DBCC CHECKIDENT('SCore.LanguageLabelTranslations', RESEED, 2860)
GO

IF @@ERROR<>0 OR @@TRANCOUNT=0 BEGIN IF @@TRANCOUNT>0 ROLLBACK SET NOEXEC ON END

--
-- Updating data of table [SUserInterface].[DropDownListDefinitions]
--
UPDATE SUserInterface.DropDownListDefinitions SET SqlQuery = N'SELECT	TOP(10) root_hobt.Guid,
		root_hobt.Name
FROM	SSop.Contracts_DDL root_hobt
WHERE	(root_hobt.AccountGuid = ''[[ParentGuid]]'')' WHERE ID = 30
UPDATE SUserInterface.DropDownListDefinitions SET SqlQuery = N'SELECT  root_hobt.Guid, 
		(CASE WHEN root_hobt.Title = '''' THEN ''-'' ELSE CONCAT(root_hobt.Title, '' '', CASE WHEN Act.IsBillable = 1 THEN ''(Billable)'' ELSE ''(Non-Billable)'' END) END) AS Title,
                Act.IsBillable
FROM    SJob.Activities root_hobt
JOIN    SJob.ActivityTypes AS Act ON (root_hobt.ActivityTypeID = Act.ID)
WHERE	(EXISTS 
			(
				SELECT	1
				FROM	SFin.InvoiceRequests AS ir
				WHERE	(ir.Guid = ''[[ParentGuid]]'')
					AND	(ir.JobId = root_hobt.JobID)
			)
		)  


' WHERE ID = 84
UPDATE SUserInterface.DropDownListDefinitions SET SqlQuery = N'SELECT 
		ac.Name,
		ac.Guid
FROM 
		SJob.Jobs root_hobt
INNER JOIN SCrm.Accounts ac ON (ac.ID = root_hobt.FinanceAccountID)
WHERE (root_hobt.Guid =  ''[[ParentGuid]]'')' WHERE ID = 86
UPDATE SUserInterface.DropDownListDefinitions SET SqlQuery = N'SELECT	root_hobt.Guid,
		root_hobt.Name
FROM	SCore.MergeDocumentItemTypes AS root_hobt' WHERE ID = 87
UPDATE SUserInterface.DropDownListDefinitions SET SqlQuery = N'SELECT	root_hobt.Guid,
		root_hobt.BookmarkName
FROM	SCore.MergeDocumentItems AS root_hobt' WHERE ID = 88
UPDATE SUserInterface.DropDownListDefinitions SET SqlQuery = N'SELECT	root_hobt.Guid, 
		root_hobt.Name
FROM	SSop.EnquiryService_DDL root_hobt' WHERE ID = 89
UPDATE SUserInterface.DropDownListDefinitions SET SqlQuery = N'SELECT	TOP(10) root_hobt.ListName, 
		root_hobt.Guid
FROM	SProd.tvf_Products(1) root_hobt
WHERE	((root_hobt.CreatedJobType = -1)
	OR	(EXISTS
			(
				SELECT	1
				FROM	SSop.Quotes AS q
				JOIN	SSop.EnquiryServices es ON (es.ID = q.EnquiryServiceID)
				WHERE	(es.JobTypeId = root_hobt.CreatedJobType)
					AND	(q.Guid = ''[[ParentGuid]]'')
			)
		))' WHERE ID = 90
UPDATE SUserInterface.DropDownListDefinitions SET SqlQuery = N'SELECT TOP(10) root_hobt.Guid,
           CASE WHEN root_hobt.Code <> '''' THEN root_hobt.Name + '' - '' + root_hobt.Code
                ELSE root_hobt.Name
           END AS Name
    FROM SCrm.Accounts root_hobt' WHERE ID = 91
UPDATE SUserInterface.DropDownListDefinitions SET SqlQuery = N'SELECT TOP(10)
             root_hobt.ConcatenatedNameCode,
             root_hobt.Guid,
             root_hobt.ColourHex
FROM SCrm.LiveSageColourAccounts root_hobt' WHERE ID = 92

--
-- Inserting data into table [SUserInterface].[DropDownListDefinitions]
--
GO

IF @@ERROR<>0 OR @@TRANCOUNT=0 BEGIN IF @@TRANCOUNT>0 ROLLBACK SET NOEXEC ON END
SET IDENTITY_INSERT SUserInterface.DropDownListDefinitions ON
GO

IF @@ERROR<>0 OR @@TRANCOUNT=0 BEGIN IF @@TRANCOUNT>0 ROLLBACK SET NOEXEC ON END
INSERT SUserInterface.DropDownListDefinitions(ID, RowStatus, Guid, Code, NameColumn, ValueColumn, SqlQuery, DefaultSortColumnName, IsDefaultColumn, DetailPageUrl, IsDetailWindowed, EntityTypeId, InformationPageUrl, GroupColumn, ColourHexColumn) VALUES (93, 1, '7da1444e-4407-4c3b-8469-14851a5ed0fa', N'JOB TYPE - QUOTES', N'Name', N'Guid', N'SELECT root_hobt.Name, root_hobt.Guid
FROM SJob.JobTypes root_hobt
', N'Name', N'0', N'', 0, 41, N'', N'', N'#000000')
GO
SET IDENTITY_INSERT SUserInterface.DropDownListDefinitions OFF
GO

IF @@ERROR<>0 OR @@TRANCOUNT=0 BEGIN IF @@TRANCOUNT>0 ROLLBACK SET NOEXEC ON END

--
-- Reseed identity on SUserInterface.DropDownListDefinitions
--
DBCC CHECKIDENT('SUserInterface.DropDownListDefinitions', RESEED, 93)
GO

IF @@ERROR<>0 OR @@TRANCOUNT=0 BEGIN IF @@TRANCOUNT>0 ROLLBACK SET NOEXEC ON END

--
-- Updating data of table [SUserInterface].[GridViewColumnDefinitions]
--
UPDATE SUserInterface.GridViewColumnDefinitions SET Width = N'220px' WHERE ID = 930
GO

IF @@ERROR<>0 OR @@TRANCOUNT=0 BEGIN IF @@TRANCOUNT>0 ROLLBACK SET NOEXEC ON END

--
-- Updating data of table [SUserInterface].[GridViewDefinitions]
--
UPDATE SUserInterface.GridViewDefinitions SET SqlQuery = N'SELECT	ID,
		Guid,
		RowStatus,
		Number,
		RealNet AS Net,
		RealVat AS Vat,
		RealGross AS Gross,
		RealOutstanding AS Outstanding,
		Date,
		Type,
		Surveyor,
SageTransactionReference
FROM	SJob.tvf_JobTransactions([[UserId]], ''[[ParentGuid]]'') root_hobt' WHERE ID = 89
UPDATE SUserInterface.GridViewDefinitions SET SqlQuery = N'SELECT	ID,
		RowStatus,
		RowVersion,
		Guid,
		JobType,
		Quote,
		QuoteNet,
		StartRibaStage,
		EndRibaStage ,
QuoteStatus
FROM	SSop.tvf_EnquiryServices([[UserId]], ''[[ParentGuid]]'') root_hobt' WHERE ID = 103
UPDATE SUserInterface.GridViewDefinitions SET SqlQuery = N'SELECT	root_hobt.ID,
		root_hobt.RowStatus,
		root_hobt.RowVersion,
		root_hobt.Guid,
		root_hobt.CreatedDateTime,
		root_hobt.TotalRibaStageChange,
		root_hobt.FeeCapChange,
		root_hobt.FullName,
               root_hobt.TotalMeetingChange,
               root_hobt.TotalVisitChange
FROM	SJob.tvf_FeeAmendments([[UserId]], ''[[ParentGuid]]'') root_hobt' WHERE ID = 114
UPDATE SUserInterface.GridViewDefinitions SET SqlQuery = N'SELECT	ID,
		RowStatus,
		RowVersion,
		Guid,
		Number,
		ExternalReference,
		DescriptionOfWorks,
		ClientAgentAccount,
                uprn,
                EnquiryStatus,
                Disciplines,
                Property,
               OrgUnit
FROM	SSop.tvf_Enquiries([[UserId]]) root_hobt' WHERE ID = 126
UPDATE SUserInterface.GridViewDefinitions SET MetricSqlQuery = N'SELECT CONVERT(DECIMAL(9,2), COUNT(1)) AS MetricValue1, N''#ff0000'' Value1ColourHex, 
CONVERT(DECIMAL(9,2), 0) AS MetricValue2, N''#0000ff'' Value2ColourHex FROM SJob.tvf_Jobs_TeamDormant([[UserId]]) ' WHERE ID = 133
UPDATE SUserInterface.GridViewDefinitions SET SqlQuery = N'SELECT  root_hobt.ID,
		root_hobt.RowStatus,
		root_hobt.Guid,
		root_hobt.Type,
		root_hobt.EntityTypeId,
		root_hobt.SortOrder,
		root_hobt.Label
FROM    SUserInterface.tvf_ActionMenuItems([[UserId]], ''[[ParentGuid]]'') root_hobt' WHERE ID = 144
UPDATE SUserInterface.GridViewDefinitions SET SqlQuery = N'SELECT	root_hobt.ID,
		root_hobt.RowStatus,
		root_hobt.RowVersion,
		root_hobt.Guid,
		root_hobt.TableName,
		root_hobt.LinkedEntityType
FROM	SCore.tvf_MergeDocumentTables([[UserId]], ''[[ParentGuid]]'') root_hobt' WHERE ID = 152
UPDATE SUserInterface.GridViewDefinitions SET SqlQuery = N'SELECT
     root_hobt.ID,
     root_hobt.RowStatus,
     root_hobt.Guid,
     root_hobt.Notes,
     root_hobt.CreatedDateTimeUTC,
     root_hobt.RequesterUserId,
     root_hobt.JobId,
     root_hobt.SurveyorName,
     root_hobt.Number,
     root_hobt.FinanceAccountID,
     -- [CBLD-522]
     root_hobt.ActivityId,               
    -- [CBLD-525]
     root_hobt.ClientName,
     root_hobt.Net,
     root_hobt.EndDate,
     root_hobt.BillingInstruction,
     root_hobt.IsBillable
FROM
      [SFin].[tvf_InvoiceRequests]([[UserId]]) root_hobt' WHERE ID = 168
UPDATE SUserInterface.GridViewDefinitions SET SqlQuery = N'SELECT 
          root_hobt.ID,
          root_hobt.RowStatus,
          root_hobt.RowVersion,
          root_hobt.Guid,
          root_hobt.Notes,
          root_hobt.CreatedDateTimeUTC,
          root_hobt.RequesterUserId,
          root_hobt.JobId,
          root_hobt.IsProcessed
FROM
         SFin.tvf_JobInvoiceRequests(''[[ParentGuid]]'', [[UserId]]) root_hobt
         
' WHERE ID = 169
UPDATE SUserInterface.GridViewDefinitions SET SqlQuery = N'SELECT root_hobt.ID,
             root_hobt.RowStatus,
             root_hobt.RowVersion,
             root_hobt.Guid,
             root_hobt.DirectoryId,
             root_hobt.Code,
             root_hobt.Name
FROM Score.Groups root_hobt' WHERE ID = 173
UPDATE SUserInterface.GridViewDefinitions SET SqlQuery = N'SELECT	ID,
		RowStatus,
		RowVersion,
		Guid,
		Role,
		Account,
		Contact 
FROM	[SSop].[tvf_ProjectDirectory] ([[UserId]], ''[[ParentGuid]]'') root_hobt' WHERE ID = 174
UPDATE SUserInterface.GridViewDefinitions SET SqlQuery = N'SELECT	ID,
		RowStatus,
		RowVersion,
		Guid,
		Role,
		Account,
		Contact 
FROM	[SSop].[tvf_EnquiryProjectDirectory] ([[UserId]], ''[[ParentGuid]]'') root_hobt' WHERE ID = 175
UPDATE SUserInterface.GridViewDefinitions SET SqlQuery = N'SELECT	ID,
		RowStatus,
		RowVersion,
		Guid,
		Role,
		Account,
		Contact 
FROM	[SSop].[tvf_QuoteProjectDirectory] ([[UserId]], ''[[ParentGuid]]'') root_hobt' WHERE ID = 176
UPDATE SUserInterface.GridViewDefinitions SET SqlQuery = N'SELECT root_hobt.[ID]
      ,root_hobt.[Guid]
      ,root_hobt.[RowStatus]
      ,root_hobt.[Name]
      ,root_hobt.[IsImageType]
FROM [SCore].[MergeDocumentItemTypes] root_hobt
WHERE	(root_hobt.id > 0)' WHERE ID = 177
UPDATE SUserInterface.GridViewDefinitions SET SqlQuery = N'SELECT	root_hobt.ID,
		root_hobt.RowStatus,
		root_hobt.Guid,
		root_hobt.MergeDocumentItemType,
		root_hobt.BookmarkName, 
		root_hobt.EntityType,
		root_hobt.SubFolderPath,
		root_hobt.ImageColumns
FROM	[SCore].[tvf_MergeDocumentItems]([[UserId]], ''[[ParentGuid]]'') root_hobt
WHERE   root_hobt.ID <> -1' WHERE ID = 178
UPDATE SUserInterface.GridViewDefinitions SET SqlQuery = N'SELECT	root_hobt.ID,
		root_hobt.RowStatus,
		root_hobt.Guid,
		root_hobt.SortOrder,
		root_hobt.SourceDocumentEntityProperty,
		root_hobt.SourceSharePointItemEntityProperty,
		root_hobt.IncludedMergeDocument,
		root_hobt.MergeDocumentItemGuid
FROM	[SCore].[tvf_MergeDocumentItemIncludes]([[UserId]], ''[[ParentGuid]]'') root_hobt' WHERE ID = 179
UPDATE SUserInterface.GridViewDefinitions SET SqlQuery = N'SELECT	ID,
		RowStatus,
		RowVersion,
		Guid,
		DateTime,
		Detail
FROM	SSop.tvf_ProjectKeyDates([[UserId]], ''[[ParentGuid]]'') AS root_hobt' WHERE ID = 180
UPDATE SUserInterface.GridViewDefinitions SET SqlQuery = N'SELECT	ID,
		Guid,
		RowStatus,
		RowVersion,
		Number,
		ExternalReference,
		JobStatus
FROM	SSop.tvf_EnquiryCreatedJobs ([[UserId]], ''[[ParentGuid]]'') root_hobt' WHERE ID = 181
UPDATE SUserInterface.GridViewDefinitions SET SqlQuery = N'SELECT	root_hobt.ID,
		root_hobt.RowStatus,
		root_hobt.RowVersion,
		root_hobt.Guid,
		root_hobt.Item
FROM	[SSop].[tvf_ScheduleOfClientInformation] ([[UserId]], ''[[ParentGuid]]'') root_hobt' WHERE ID = 182
UPDATE SUserInterface.GridViewDefinitions SET SqlQuery = N'SELECT	root_hobt.ID,
		root_hobt.RowStatus,
		root_hobt.RowVersion,
		root_hobt.Guid,
		root_hobt.MergeFieldName,
		root_hobt.Label,
		root_hobt.HelpText	
FROM	SCore.tvf_MergeDocumentFieldReference([[UserId]], ''[[ParentGuid]]'') AS root_hobt' WHERE ID = 183
UPDATE SUserInterface.GridViewDefinitions SET SqlQuery = N'SELECT	root_hobt.ID,
		root_hobt.RowStatus,
		root_hobt.RowVersion,
		root_hobt.Guid,
		root_hobt.MergeFieldName,
		root_hobt.BookmarkName,
		root_hobt.MDItemsGuid,
		root_hobt.MDItems_EntityTypeID,
		root_hobt.Label,
		root_hobt.HelpText
FROM	SCore.tvf_MergeDocumentItemsFieldReference([[UserId]], ''[[ParentGuid]]'') AS root_hobt' WHERE ID = 184
UPDATE SUserInterface.GridViewDefinitions SET SqlQuery = N'SELECT root_hobt.ID,
	   root_hobt.RowStatus,
	   root_hobt.Guid,
	   root_hobt.Code,
	   root_hobt.Name,
	   root_hobt.AccountStatusName,
	   root_hobt.RelationshipManagerName,
	   root_hobt.MainAddress,
	   root_hobt.MainContact 
FROM	SCrm.tvf_Accounts ([[UserId]]) root_hobt
WHERE (root_hobt.ID > 0) And  root_hobt.Code <> ''''' WHERE ID = 185
UPDATE SUserInterface.GridViewDefinitions SET SqlQuery = N'SELECT
                root_hobt.ID,
                root_hobt.Guid,
                root_hobt.RowStatus,

		--[PROJECT]
		root_hobt.projectRef,						
		root_hobt.clientAgent,						
		root_hobt.propertyName ,					
		root_hobt.CDMRole,							
		root_hobt.jobStatus,						

		--[FINANCE]
		root_hobt.totalAgreed,
		root_hobt.totalRemaining,

		--[AGREED DELIVERABLES]
		root_hobt.preconMeetings,
		root_hobt.conMeetings,
		root_hobt.complianceVisit,
		root_hobt.hsFile,

		--[REMAINING DELIVERABLES]
		root_hobt.preconMeetingsRemaining,
		root_hobt.conMeetingsRemaining,
		root_hobt.compVisitsRemaining,
		root_hobt.HSIssued,

		--[NO HEADER] => [ Client Duties Issued + CDM Strategy Issued]
		root_hobt.clientDutiesIssued,
		root_hobt.CDMStrategyIssued,

		--[PCI]
		root_hobt.PCIInspectionCompleted,
		root_hobt.PCIDate,


		--[RISK]
		root_hobt.DRRLastIssued,

		--[F10]
		root_hobt.F10Applicable,
		root_hobt.F10IssuedDate,
		root_hobt.F10Start,
		root_hobt.F10WeekDuration,
		root_hobt.F10ExpiryDate,

		--[CPP]
		root_hobt.CPPDateReceived,
		root_hobt.CPPReviewed,			


		--[PROGRAMME]


		--[H&S File]
		root_hobt.HSFReviewed,
		root_hobt.HSFCompleted


FROM	SJob.tvf_Jobs_CDM_MyProjects ([[UserId]]) root_hobt' WHERE ID = 186
GO

IF @@ERROR<>0 OR @@TRANCOUNT=0 BEGIN IF @@TRANCOUNT>0 ROLLBACK SET NOEXEC ON END

--
-- Creating constraints for [SCore].[EntityProperties]
--
ALTER TABLE SCore.EntityProperties WITH NOCHECK
  ADD CONSTRAINT FK_EntityProperties_DropDownListDefinitions FOREIGN KEY (DropDownListDefinitionID) REFERENCES SUserInterface.DropDownListDefinitions(ID) ON DELETE NO ACTION ON UPDATE NO ACTION
ALTER TABLE SCore.EntityProperties WITH NOCHECK
  ADD CONSTRAINT FK_EntityProperties_EntityDataTypes FOREIGN KEY (EntityDataTypeID) REFERENCES SCore.EntityDataTypes(ID) ON DELETE NO ACTION ON UPDATE NO ACTION
ALTER TABLE SCore.EntityProperties WITH NOCHECK
  ADD CONSTRAINT FK_EntityProperties_EntityHoBTs FOREIGN KEY (EntityHoBTID) REFERENCES SCore.EntityHobts(ID) ON DELETE CASCADE ON UPDATE NO ACTION
ALTER TABLE SCore.EntityProperties WITH NOCHECK
  ADD CONSTRAINT FK_EntityProperties_EntityPropertyGroupID FOREIGN KEY (EntityPropertyGroupID) REFERENCES SCore.EntityPropertyGroups(ID) ON DELETE NO ACTION ON UPDATE NO ACTION
ALTER TABLE SCore.EntityProperties WITH NOCHECK
  ADD CONSTRAINT FK_EntityProperties_LanguageLabels FOREIGN KEY (LanguageLabelID) REFERENCES SCore.LanguageLabels(ID) ON DELETE NO ACTION ON UPDATE NO ACTION
ALTER TABLE SCore.EntityProperties WITH NOCHECK
  ADD CONSTRAINT FK_EntityProperties_RowStatus FOREIGN KEY (RowStatus) REFERENCES SCore.RowStatus(ID) ON DELETE NO ACTION ON UPDATE NO ACTION
GO

IF @@ERROR<>0 OR @@TRANCOUNT=0 BEGIN IF @@TRANCOUNT>0 ROLLBACK SET NOEXEC ON END

--
-- Creating constraints for [SCore].[EntityPropertyGroups]
--
ALTER TABLE SCore.EntityPropertyGroups WITH NOCHECK
  ADD CONSTRAINT FK_EntityPropertyGroups_EntityTypes FOREIGN KEY (EntityTypeID) REFERENCES SCore.EntityTypes(ID) ON DELETE CASCADE ON UPDATE NO ACTION
ALTER TABLE SCore.EntityPropertyGroups WITH NOCHECK
  ADD CONSTRAINT FK_EntityPropertyGroups_LanguageLabels FOREIGN KEY (LanguageLabelID) REFERENCES SCore.LanguageLabels(ID) ON DELETE NO ACTION ON UPDATE NO ACTION
ALTER TABLE SCore.EntityPropertyGroups WITH NOCHECK
  ADD CONSTRAINT FK_EntityPropertyGroups_PropertyGroupLayouts FOREIGN KEY (PropertyGroupLayoutID) REFERENCES SUserInterface.PropertyGroupLayouts(ID) ON DELETE NO ACTION ON UPDATE NO ACTION
ALTER TABLE SCore.EntityPropertyGroups WITH NOCHECK
  ADD CONSTRAINT FK_EntityPropertyGroups_RowStatus FOREIGN KEY (RowStatus) REFERENCES SCore.RowStatus(ID) ON DELETE NO ACTION ON UPDATE NO ACTION
GO

IF @@ERROR<>0 OR @@TRANCOUNT=0 BEGIN IF @@TRANCOUNT>0 ROLLBACK SET NOEXEC ON END

--
-- Creating constraints for [SCore].[EntityQueries]
--
ALTER TABLE SCore.EntityQueries WITH NOCHECK
  ADD CONSTRAINT FK_EntityQueries_EntityHoBTs FOREIGN KEY (EntityHoBTID) REFERENCES SCore.EntityHobts(ID) ON DELETE NO ACTION ON UPDATE NO ACTION
ALTER TABLE SCore.EntityQueries WITH NOCHECK
  ADD CONSTRAINT FK_EntityQueries_EntityTypes FOREIGN KEY (EntityTypeID) REFERENCES SCore.EntityTypes(ID) ON DELETE CASCADE ON UPDATE NO ACTION
ALTER TABLE SCore.EntityQueries WITH NOCHECK
  ADD CONSTRAINT FK_EntityQueries_RowStatus FOREIGN KEY (RowStatus) REFERENCES SCore.RowStatus(ID) ON DELETE NO ACTION ON UPDATE NO ACTION
GO

IF @@ERROR<>0 OR @@TRANCOUNT=0 BEGIN IF @@TRANCOUNT>0 ROLLBACK SET NOEXEC ON END

--
-- Creating constraints for [SCore].[EntityQueryParameters]
--
ALTER TABLE SCore.EntityQueryParameters WITH NOCHECK
  ADD CONSTRAINT FK_EntityQueryParameters_EntityDataTypes FOREIGN KEY (EntityDataTypeID) REFERENCES SCore.EntityDataTypes(ID) ON DELETE NO ACTION ON UPDATE NO ACTION
ALTER TABLE SCore.EntityQueryParameters WITH NOCHECK
  ADD CONSTRAINT FK_EntityQueryParameters_EntityProperties FOREIGN KEY (MappedEntityPropertyID) REFERENCES SCore.EntityProperties(ID) ON DELETE NO ACTION ON UPDATE NO ACTION
ALTER TABLE SCore.EntityQueryParameters WITH NOCHECK
  ADD CONSTRAINT FK_EntityQueryParameters_EntityQueries FOREIGN KEY (EntityQueryID) REFERENCES SCore.EntityQueries(ID) ON DELETE CASCADE ON UPDATE NO ACTION
ALTER TABLE SCore.EntityQueryParameters WITH NOCHECK
  ADD CONSTRAINT FK_EntityQueryParameters_RowStatus FOREIGN KEY (RowStatus) REFERENCES SCore.RowStatus(ID) ON DELETE NO ACTION ON UPDATE NO ACTION
GO

IF @@ERROR<>0 OR @@TRANCOUNT=0 BEGIN IF @@TRANCOUNT>0 ROLLBACK SET NOEXEC ON END

--
-- Creating constraints for [SCore].[EntityTypes]
--
ALTER TABLE SCore.EntityTypes WITH NOCHECK
  ADD CONSTRAINT FK_EntityTypes_IconId FOREIGN KEY (IconId) REFERENCES SUserInterface.Icons(ID) ON DELETE NO ACTION ON UPDATE NO ACTION
ALTER TABLE SCore.EntityTypes WITH NOCHECK
  ADD CONSTRAINT FK_EntityTypes_LanguageLabels FOREIGN KEY (LanguageLabelID) REFERENCES SCore.LanguageLabels(ID) ON DELETE NO ACTION ON UPDATE NO ACTION
ALTER TABLE SCore.EntityTypes WITH NOCHECK
  ADD CONSTRAINT FK_EntityTypes_RowStatus FOREIGN KEY (RowStatus) REFERENCES SCore.RowStatus(ID) ON DELETE NO ACTION ON UPDATE NO ACTION
GO

IF @@ERROR<>0 OR @@TRANCOUNT=0 BEGIN IF @@TRANCOUNT>0 ROLLBACK SET NOEXEC ON END

--
-- Creating constraints for [SCore].[LanguageLabels]
--
ALTER TABLE SCore.LanguageLabels WITH NOCHECK
  ADD CONSTRAINT FK_LanguageLabels_RowStatus FOREIGN KEY (RowStatus) REFERENCES SCore.RowStatus(ID) ON DELETE NO ACTION ON UPDATE NO ACTION
GO

IF @@ERROR<>0 OR @@TRANCOUNT=0 BEGIN IF @@TRANCOUNT>0 ROLLBACK SET NOEXEC ON END

--
-- Creating constraints for [SCore].[LanguageLabelTranslations]
--
ALTER TABLE SCore.LanguageLabelTranslations WITH NOCHECK
  ADD CONSTRAINT FK_LanguageLabelTranslations_LanguageLabels FOREIGN KEY (LanguageLabelID) REFERENCES SCore.LanguageLabels(ID) ON DELETE NO ACTION ON UPDATE NO ACTION
ALTER TABLE SCore.LanguageLabelTranslations WITH NOCHECK
  ADD CONSTRAINT FK_LanguageLabelTranslations_Languages FOREIGN KEY (LanguageID) REFERENCES SCore.Languages(ID) ON DELETE NO ACTION ON UPDATE NO ACTION
ALTER TABLE SCore.LanguageLabelTranslations WITH NOCHECK
  ADD CONSTRAINT FK_LanguageLabelTranslations_RowStatus FOREIGN KEY (RowStatus) REFERENCES SCore.RowStatus(ID) ON DELETE NO ACTION ON UPDATE NO ACTION
GO

IF @@ERROR<>0 OR @@TRANCOUNT=0 BEGIN IF @@TRANCOUNT>0 ROLLBACK SET NOEXEC ON END

--
-- Creating constraints for [SUserInterface].[DropDownListDefinitions]
--
ALTER TABLE SUserInterface.DropDownListDefinitions WITH NOCHECK
  ADD CONSTRAINT FK_DropDownListDefinitions_EntityTypes FOREIGN KEY (EntityTypeId) REFERENCES SCore.EntityTypes(ID) ON DELETE NO ACTION ON UPDATE NO ACTION
ALTER TABLE SUserInterface.DropDownListDefinitions WITH NOCHECK
  ADD CONSTRAINT FK_DropDownListDefinitions_RowStatus FOREIGN KEY (RowStatus) REFERENCES SCore.RowStatus(ID) ON DELETE NO ACTION ON UPDATE NO ACTION
GO

IF @@ERROR<>0 OR @@TRANCOUNT=0 BEGIN IF @@TRANCOUNT>0 ROLLBACK SET NOEXEC ON END

--
-- Creating constraints for [SUserInterface].[GridViewColumnDefinitions]
--
ALTER TABLE SUserInterface.GridViewColumnDefinitions WITH NOCHECK
  ADD CONSTRAINT FK_GridViewColumnDefinition_GridViewDefinition FOREIGN KEY (GridViewDefinitionId) REFERENCES SUserInterface.GridViewDefinitions(ID) ON DELETE CASCADE ON UPDATE NO ACTION
ALTER TABLE SUserInterface.GridViewColumnDefinitions WITH NOCHECK
  ADD CONSTRAINT FK_GridViewColumnDefinitions_LanguageLabelId FOREIGN KEY (LanguageLabelId) REFERENCES SCore.LanguageLabels(ID) ON DELETE NO ACTION ON UPDATE NO ACTION
ALTER TABLE SUserInterface.GridViewColumnDefinitions WITH NOCHECK
  ADD CONSTRAINT FK_GridViewColumnDefinitions_RowStatus FOREIGN KEY (RowStatus) REFERENCES SCore.RowStatus(ID) ON DELETE NO ACTION ON UPDATE NO ACTION
GO

IF @@ERROR<>0 OR @@TRANCOUNT=0 BEGIN IF @@TRANCOUNT>0 ROLLBACK SET NOEXEC ON END

--
-- Creating constraints for [SUserInterface].[GridViewDefinitions]
--
ALTER TABLE SUserInterface.GridViewDefinitions WITH NOCHECK
  ADD CONSTRAINT FK_GridViewDefinition_GridDefinition FOREIGN KEY (GridDefinitionId) REFERENCES SUserInterface.GridDefinitions(ID) ON DELETE CASCADE ON UPDATE NO ACTION
ALTER TABLE SUserInterface.GridViewDefinitions WITH NOCHECK
  ADD CONSTRAINT FK_GridViewDefinitions_DrawerIconId FOREIGN KEY (DrawerIconId) REFERENCES SUserInterface.Icons(ID) ON DELETE NO ACTION ON UPDATE NO ACTION
ALTER TABLE SUserInterface.GridViewDefinitions WITH NOCHECK
  ADD CONSTRAINT FK_GridViewDefinitions_EntityTypes FOREIGN KEY (EntityTypeID) REFERENCES SCore.EntityTypes(ID) ON DELETE NO ACTION ON UPDATE NO ACTION
ALTER TABLE SUserInterface.GridViewDefinitions WITH NOCHECK
  ADD CONSTRAINT FK_GridViewDefinitions_LanguageLabelId FOREIGN KEY (LanguageLabelId) REFERENCES SCore.LanguageLabels(ID) ON DELETE NO ACTION ON UPDATE NO ACTION
ALTER TABLE SUserInterface.GridViewDefinitions WITH NOCHECK
  ADD CONSTRAINT FK_GridViewDefinitions_MetricTypes FOREIGN KEY (MetricTypeID) REFERENCES SUserInterface.MetricTypes(ID) ON DELETE NO ACTION ON UPDATE NO ACTION
ALTER TABLE SUserInterface.GridViewDefinitions WITH NOCHECK
  ADD CONSTRAINT FK_GridViewDefinitions_RowStatus FOREIGN KEY (RowStatus) REFERENCES SCore.RowStatus(ID) ON DELETE NO ACTION ON UPDATE NO ACTION
GO

IF @@ERROR<>0 OR @@TRANCOUNT=0 BEGIN IF @@TRANCOUNT>0 ROLLBACK SET NOEXEC ON END

--
-- Creating constraints for [SCore].[EntityPropertyActions]
--
ALTER TABLE SCore.EntityPropertyActions WITH NOCHECK
  ADD CONSTRAINT FK_EntityPropertyActions_EntityProperties FOREIGN KEY (EntityPropertyID) REFERENCES SCore.EntityProperties(ID) ON DELETE NO ACTION ON UPDATE NO ACTION
GO

IF @@ERROR<>0 OR @@TRANCOUNT=0 BEGIN IF @@TRANCOUNT>0 ROLLBACK SET NOEXEC ON END

--
-- Creating constraints for [SCore].[EntityPropertyDependants]
--
ALTER TABLE SCore.EntityPropertyDependants WITH NOCHECK
  ADD CONSTRAINT FK_EntityPropertyDependants_EntityProperties FOREIGN KEY (ParentEntityPropertyID) REFERENCES SCore.EntityProperties(ID) ON DELETE NO ACTION ON UPDATE NO ACTION
GO

IF @@ERROR<>0 OR @@TRANCOUNT=0 BEGIN IF @@TRANCOUNT>0 ROLLBACK SET NOEXEC ON END

--
-- Creating constraints for [SCore].[MergeDocumentItemIncludes]
--
ALTER TABLE SCore.MergeDocumentItemIncludes WITH NOCHECK
  ADD CONSTRAINT FK_MergeDocumentItemIncludes_EntityProperties FOREIGN KEY (SourceDocumentEntityPropertyId) REFERENCES SCore.EntityProperties(ID) ON DELETE NO ACTION ON UPDATE NO ACTION
GO

IF @@ERROR<>0 OR @@TRANCOUNT=0 BEGIN IF @@TRANCOUNT>0 ROLLBACK SET NOEXEC ON END

--
-- Creating constraints for [SCore].[RecordHistory]
--
ALTER TABLE SCore.RecordHistory WITH NOCHECK
  ADD CONSTRAINT FK_RecordHistory_EntityPropertyID FOREIGN KEY (EntityPropertyID) REFERENCES SCore.EntityProperties(ID) ON DELETE CASCADE ON UPDATE NO ACTION
GO

IF @@ERROR<>0 OR @@TRANCOUNT=0 BEGIN IF @@TRANCOUNT>0 ROLLBACK SET NOEXEC ON END

--
-- Creating constraints for [SCore].[SynchronisationErrors]
--
ALTER TABLE SCore.SynchronisationErrors WITH NOCHECK
  ADD CONSTRAINT FK_SychronisationErrors_EntityPropertyID FOREIGN KEY (EntityPropertyID) REFERENCES SCore.EntityProperties(ID) ON DELETE CASCADE ON UPDATE NO ACTION
GO

IF @@ERROR<>0 OR @@TRANCOUNT=0 BEGIN IF @@TRANCOUNT>0 ROLLBACK SET NOEXEC ON END

--
-- Creating constraints for [SUserInterface].[ActionMenuItems]
--
ALTER TABLE SUserInterface.ActionMenuItems WITH NOCHECK
  ADD CONSTRAINT FK_ActionMenuItems_EntityQueries FOREIGN KEY (EntityQueryId) REFERENCES SCore.EntityQueries(ID) ON DELETE NO ACTION ON UPDATE NO ACTION
GO

IF @@ERROR<>0 OR @@TRANCOUNT=0 BEGIN IF @@TRANCOUNT>0 ROLLBACK SET NOEXEC ON END

--
-- Creating constraints for [SUserInterface].[GridViewActions]
--
ALTER TABLE SUserInterface.GridViewActions WITH NOCHECK
  ADD CONSTRAINT FK_GridViewActions_EntityQueries FOREIGN KEY (EntityQueryId) REFERENCES SCore.EntityQueries(ID) ON DELETE NO ACTION ON UPDATE NO ACTION
GO

IF @@ERROR<>0 OR @@TRANCOUNT=0 BEGIN IF @@TRANCOUNT>0 ROLLBACK SET NOEXEC ON END

--
-- Creating constraints for [SUserInterface].[GridViewWidgetQueries]
--
ALTER TABLE SUserInterface.GridViewWidgetQueries WITH NOCHECK
  ADD CONSTRAINT FK_GridViewWidgetQueries_EntityQueries FOREIGN KEY (EntityQueryId) REFERENCES SCore.EntityQueries(ID) ON DELETE NO ACTION ON UPDATE NO ACTION
GO

IF @@ERROR<>0 OR @@TRANCOUNT=0 BEGIN IF @@TRANCOUNT>0 ROLLBACK SET NOEXEC ON END

--
-- Creating constraints for [SCore].[DataObjects]
--
ALTER TABLE SCore.DataObjects WITH NOCHECK
  ADD CONSTRAINT FK_DataObjects_EntityTypes FOREIGN KEY (EntityTypeId) REFERENCES SCore.EntityTypes(ID) ON DELETE NO ACTION ON UPDATE NO ACTION
GO

IF @@ERROR<>0 OR @@TRANCOUNT=0 BEGIN IF @@TRANCOUNT>0 ROLLBACK SET NOEXEC ON END

--
-- Creating constraints for [SCore].[EntityHobts]
--
ALTER TABLE SCore.EntityHobts WITH NOCHECK
  ADD CONSTRAINT FK_EntityHoBTs_EntityTypes FOREIGN KEY (EntityTypeID) REFERENCES SCore.EntityTypes(ID) ON DELETE CASCADE ON UPDATE NO ACTION
GO

IF @@ERROR<>0 OR @@TRANCOUNT=0 BEGIN IF @@TRANCOUNT>0 ROLLBACK SET NOEXEC ON END

--
-- Creating constraints for [SCore].[MergeDocumentItems]
--
ALTER TABLE SCore.MergeDocumentItems WITH NOCHECK
  ADD CONSTRAINT FK_MergeDocumentItems_EntityTypes FOREIGN KEY (EntityTypeId) REFERENCES SCore.EntityTypes(ID) ON DELETE NO ACTION ON UPDATE NO ACTION
GO

IF @@ERROR<>0 OR @@TRANCOUNT=0 BEGIN IF @@TRANCOUNT>0 ROLLBACK SET NOEXEC ON END

--
-- Creating constraints for [SCore].[MergeDocuments]
--
ALTER TABLE SCore.MergeDocuments WITH NOCHECK
  ADD CONSTRAINT FK_MergeDocuments_EntityTypes FOREIGN KEY (EntityTypeId) REFERENCES SCore.EntityTypes(ID) ON DELETE NO ACTION ON UPDATE NO ACTION
GO

IF @@ERROR<>0 OR @@TRANCOUNT=0 BEGIN IF @@TRANCOUNT>0 ROLLBACK SET NOEXEC ON END

--
-- Creating constraints for [SCore].[MergeDocumentTables]
--
ALTER TABLE SCore.MergeDocumentTables WITH NOCHECK
  ADD CONSTRAINT FK_MergeDocumentTables_EntityTypes FOREIGN KEY (LinkedEntityTypeId) REFERENCES SCore.EntityTypes(ID) ON DELETE NO ACTION ON UPDATE NO ACTION
GO

IF @@ERROR<>0 OR @@TRANCOUNT=0 BEGIN IF @@TRANCOUNT>0 ROLLBACK SET NOEXEC ON END

--
-- Creating constraints for [SCore].[RecentItems]
--
ALTER TABLE SCore.RecentItems WITH NOCHECK
  ADD CONSTRAINT FK_RecentItems_EntityTypes FOREIGN KEY (EntityTypeID) REFERENCES SCore.EntityTypes(ID) ON DELETE NO ACTION ON UPDATE NO ACTION
GO

IF @@ERROR<>0 OR @@TRANCOUNT=0 BEGIN IF @@TRANCOUNT>0 ROLLBACK SET NOEXEC ON END

--
-- Creating constraints for [SCore].[SharepointEntityStructure]
--
ALTER TABLE SCore.SharepointEntityStructure WITH NOCHECK
  ADD CONSTRAINT FK_SharepointEntityStructure_EntityTypes FOREIGN KEY (EntityTypeID) REFERENCES SCore.EntityTypes(ID) ON DELETE NO ACTION ON UPDATE NO ACTION
GO

IF @@ERROR<>0 OR @@TRANCOUNT=0 BEGIN IF @@TRANCOUNT>0 ROLLBACK SET NOEXEC ON END

--
-- Creating constraints for [SUserInterface].[WidgetDashboards]
--
ALTER TABLE SUserInterface.WidgetDashboards WITH NOCHECK
  ADD CONSTRAINT FK_WidgetDashboards_EntityTypes FOREIGN KEY (ParentEntityTypeId) REFERENCES SCore.EntityTypes(ID) ON DELETE NO ACTION ON UPDATE NO ACTION
GO

IF @@ERROR<>0 OR @@TRANCOUNT=0 BEGIN IF @@TRANCOUNT>0 ROLLBACK SET NOEXEC ON END

--
-- Creating constraints for [SUserInterface].[GridDefinitions]
--
ALTER TABLE SUserInterface.GridDefinitions WITH NOCHECK
  ADD CONSTRAINT FK_GridDefinitions_LanguageLabelId FOREIGN KEY (LanguageLabelId) REFERENCES SCore.LanguageLabels(ID) ON DELETE NO ACTION ON UPDATE NO ACTION
GO

IF @@ERROR<>0 OR @@TRANCOUNT=0 BEGIN IF @@TRANCOUNT>0 ROLLBACK SET NOEXEC ON END

--
-- Creating constraints for [SUserInterface].[MainMenuItems]
--
ALTER TABLE SUserInterface.MainMenuItems WITH NOCHECK
  ADD CONSTRAINT FK_MainMenuItems_LanguageLabelId FOREIGN KEY (LanguageLabelId) REFERENCES SCore.LanguageLabels(ID) ON DELETE NO ACTION ON UPDATE NO ACTION
GO

IF @@ERROR<>0 OR @@TRANCOUNT=0 BEGIN IF @@TRANCOUNT>0 ROLLBACK SET NOEXEC ON END

--
-- Enabling DML triggers for [SCore].[EntityProperties]
--
GO
ENABLE TRIGGER ALL ON SCore.EntityProperties
GO

IF @@ERROR<>0 OR @@TRANCOUNT=0 BEGIN IF @@TRANCOUNT>0 ROLLBACK SET NOEXEC ON END

--
-- Enabling DML triggers for [SCore].[EntityPropertyGroups]
--
GO
ENABLE TRIGGER ALL ON SCore.EntityPropertyGroups
GO

IF @@ERROR<>0 OR @@TRANCOUNT=0 BEGIN IF @@TRANCOUNT>0 ROLLBACK SET NOEXEC ON END

--
-- Enabling DML triggers for [SCore].[EntityQueries]
--
GO
ENABLE TRIGGER ALL ON SCore.EntityQueries
GO

IF @@ERROR<>0 OR @@TRANCOUNT=0 BEGIN IF @@TRANCOUNT>0 ROLLBACK SET NOEXEC ON END

--
-- Enabling DML triggers for [SCore].[EntityQueryParameters]
--
GO
ENABLE TRIGGER ALL ON SCore.EntityQueryParameters
GO

IF @@ERROR<>0 OR @@TRANCOUNT=0 BEGIN IF @@TRANCOUNT>0 ROLLBACK SET NOEXEC ON END

--
-- Enabling DML triggers for [SCore].[LanguageLabels]
--
GO
ENABLE TRIGGER ALL ON SCore.LanguageLabels
GO

IF @@ERROR<>0 OR @@TRANCOUNT=0 BEGIN IF @@TRANCOUNT>0 ROLLBACK SET NOEXEC ON END

--
-- Enabling DML triggers for [SCore].[LanguageLabelTranslations]
--
GO
ENABLE TRIGGER ALL ON SCore.LanguageLabelTranslations
GO

IF @@ERROR<>0 OR @@TRANCOUNT=0 BEGIN IF @@TRANCOUNT>0 ROLLBACK SET NOEXEC ON END

--
-- Enabling DML triggers for [SUserInterface].[DropDownListDefinitions]
--
GO
ENABLE TRIGGER ALL ON SUserInterface.DropDownListDefinitions
GO

IF @@ERROR<>0 OR @@TRANCOUNT=0 BEGIN IF @@TRANCOUNT>0 ROLLBACK SET NOEXEC ON END

--
-- Commit Transaction
--
IF @@TRANCOUNT>0 COMMIT TRANSACTION
SET NOEXEC OFF
GO