"ArchiveName","RelativePath"
"000001.sql","Database/CymBuild_DB/Schema/Constraints/SCore.EntityTypes.DF_EntityTypes_IsOnBoarding.preflight.sql"
"000002.sql","Database/CymBuild_DB/Schema/Constraints/SCore.EntityTypes.DF_EntityTypes_IsOnBoarding.sql"
"000003.sql","Database/CymBuild_DB/Schema/Constraints/SCore.tvf_DataObjectTransitionValidate.DF__tvf_DataO__IsHid__25767D7C.preflight.sql"
"000004.sql","Database/CymBuild_DB/Schema/Constraints/SCore.tvf_DataObjectTransitionValidate.DF__tvf_DataO__IsHid__25767D7C.sql"
"000005.sql","Database/CymBuild_DB/Schema/Constraints/SCore.tvf_DataObjectTransitionValidate.DF__tvf_DataO__IsInf__275EC5EE.preflight.sql"
"000006.sql","Database/CymBuild_DB/Schema/Constraints/SCore.tvf_DataObjectTransitionValidate.DF__tvf_DataO__IsInf__275EC5EE.sql"
"000007.sql","Database/CymBuild_DB/Schema/Constraints/SCore.tvf_DataObjectTransitionValidate.DF__tvf_DataO__IsInv__266AA1B5.preflight.sql"
"000008.sql","Database/CymBuild_DB/Schema/Constraints/SCore.tvf_DataObjectTransitionValidate.DF__tvf_DataO__IsInv__266AA1B5.sql"
"000009.sql","Database/CymBuild_DB/Schema/Constraints/SCore.tvf_DataObjectTransitionValidate.DF__tvf_DataO__IsRea__24825943.preflight.sql"
"000010.sql","Database/CymBuild_DB/Schema/Constraints/SCore.tvf_DataObjectTransitionValidate.DF__tvf_DataO__IsRea__24825943.sql"
"000011.sql","Database/CymBuild_DB/Schema/Constraints/SCore.tvf_DataObjectTransitionValidate.DF__tvf_DataO__Messa__2852EA27.preflight.sql"
"000012.sql","Database/CymBuild_DB/Schema/Constraints/SCore.tvf_DataObjectTransitionValidate.DF__tvf_DataO__Messa__2852EA27.sql"
"000013.sql","Database/CymBuild_DB/Schema/Constraints/SCore.tvf_DataObjectTransitionValidate.DF__tvf_DataO__Targe__229A10D1.preflight.sql"
"000014.sql","Database/CymBuild_DB/Schema/Constraints/SCore.tvf_DataObjectTransitionValidate.DF__tvf_DataO__Targe__229A10D1.sql"
"000015.sql","Database/CymBuild_DB/Schema/Constraints/SCore.tvf_DataObjectTransitionValidate.DF__tvf_DataO__Targe__238E350A.preflight.sql"
"000016.sql","Database/CymBuild_DB/Schema/Constraints/SCore.tvf_DataObjectTransitionValidate.DF__tvf_DataO__Targe__238E350A.sql"
"000017.sql","Database/CymBuild_DB/Schema/Constraints/SCore.tvf_WorkflowStatusValidate.DF__tvf_Workf__IsHid__79F7EDF1.preflight.sql"
"000018.sql","Database/CymBuild_DB/Schema/Constraints/SCore.tvf_WorkflowStatusValidate.DF__tvf_Workf__IsHid__79F7EDF1.sql"
"000019.sql","Database/CymBuild_DB/Schema/Constraints/SCore.tvf_WorkflowStatusValidate.DF__tvf_Workf__IsInf__7BE03663.preflight.sql"
"000020.sql","Database/CymBuild_DB/Schema/Constraints/SCore.tvf_WorkflowStatusValidate.DF__tvf_Workf__IsInf__7BE03663.sql"
"000021.sql","Database/CymBuild_DB/Schema/Constraints/SCore.tvf_WorkflowStatusValidate.DF__tvf_Workf__IsInv__7AEC122A.preflight.sql"
"000022.sql","Database/CymBuild_DB/Schema/Constraints/SCore.tvf_WorkflowStatusValidate.DF__tvf_Workf__IsInv__7AEC122A.sql"
"000023.sql","Database/CymBuild_DB/Schema/Constraints/SCore.tvf_WorkflowStatusValidate.DF__tvf_Workf__IsRea__7903C9B8.preflight.sql"
"000024.sql","Database/CymBuild_DB/Schema/Constraints/SCore.tvf_WorkflowStatusValidate.DF__tvf_Workf__IsRea__7903C9B8.sql"
"000025.sql","Database/CymBuild_DB/Schema/Constraints/SCore.tvf_WorkflowStatusValidate.DF__tvf_Workf__Messa__7CD45A9C.preflight.sql"
"000026.sql","Database/CymBuild_DB/Schema/Constraints/SCore.tvf_WorkflowStatusValidate.DF__tvf_Workf__Messa__7CD45A9C.sql"
"000027.sql","Database/CymBuild_DB/Schema/Constraints/SCore.tvf_WorkflowStatusValidate.DF__tvf_Workf__Targe__771B8146.preflight.sql"
"000028.sql","Database/CymBuild_DB/Schema/Constraints/SCore.tvf_WorkflowStatusValidate.DF__tvf_Workf__Targe__771B8146.sql"
"000029.sql","Database/CymBuild_DB/Schema/Constraints/SCore.tvf_WorkflowStatusValidate.DF__tvf_Workf__Targe__780FA57F.preflight.sql"
"000030.sql","Database/CymBuild_DB/Schema/Constraints/SCore.tvf_WorkflowStatusValidate.DF__tvf_Workf__Targe__780FA57F.sql"
"000031.sql","Database/CymBuild_DB/Schema/Constraints/SCore.tvf_WorkflowTransitionValidate.DF__tvf_Workf__IsHid__00A4EB80.preflight.sql"
"000032.sql","Database/CymBuild_DB/Schema/Constraints/SCore.tvf_WorkflowTransitionValidate.DF__tvf_Workf__IsHid__00A4EB80.sql"
"000033.sql","Database/CymBuild_DB/Schema/Constraints/SCore.tvf_WorkflowTransitionValidate.DF__tvf_Workf__IsInf__028D33F2.preflight.sql"
"000034.sql","Database/CymBuild_DB/Schema/Constraints/SCore.tvf_WorkflowTransitionValidate.DF__tvf_Workf__IsInf__028D33F2.sql"
"000035.sql","Database/CymBuild_DB/Schema/Constraints/SCore.tvf_WorkflowTransitionValidate.DF__tvf_Workf__IsInv__01990FB9.preflight.sql"
"000036.sql","Database/CymBuild_DB/Schema/Constraints/SCore.tvf_WorkflowTransitionValidate.DF__tvf_Workf__IsInv__01990FB9.sql"
"000037.sql","Database/CymBuild_DB/Schema/Constraints/SCore.tvf_WorkflowTransitionValidate.DF__tvf_Workf__IsRea__7FB0C747.preflight.sql"
"000038.sql","Database/CymBuild_DB/Schema/Constraints/SCore.tvf_WorkflowTransitionValidate.DF__tvf_Workf__IsRea__7FB0C747.sql"
"000039.sql","Database/CymBuild_DB/Schema/Constraints/SCore.tvf_WorkflowTransitionValidate.DF__tvf_Workf__Messa__0381582B.preflight.sql"
"000040.sql","Database/CymBuild_DB/Schema/Constraints/SCore.tvf_WorkflowTransitionValidate.DF__tvf_Workf__Messa__0381582B.sql"
"000041.sql","Database/CymBuild_DB/Schema/Constraints/SCore.tvf_WorkflowTransitionValidate.DF__tvf_Workf__Targe__7DC87ED5.preflight.sql"
"000042.sql","Database/CymBuild_DB/Schema/Constraints/SCore.tvf_WorkflowTransitionValidate.DF__tvf_Workf__Targe__7DC87ED5.sql"
"000043.sql","Database/CymBuild_DB/Schema/Constraints/SCore.tvf_WorkflowTransitionValidate.DF__tvf_Workf__Targe__7EBCA30E.preflight.sql"
"000044.sql","Database/CymBuild_DB/Schema/Constraints/SCore.tvf_WorkflowTransitionValidate.DF__tvf_Workf__Targe__7EBCA30E.sql"
"000045.sql","Database/CymBuild_DB/Schema/Constraints/SCore.tvf_WorkflowValidate.DF__tvf_Workf__IsHid__0751E90F.preflight.sql"
"000046.sql","Database/CymBuild_DB/Schema/Constraints/SCore.tvf_WorkflowValidate.DF__tvf_Workf__IsHid__0751E90F.sql"
"000047.sql","Database/CymBuild_DB/Schema/Constraints/SCore.tvf_WorkflowValidate.DF__tvf_Workf__IsInf__093A3181.preflight.sql"
"000048.sql","Database/CymBuild_DB/Schema/Constraints/SCore.tvf_WorkflowValidate.DF__tvf_Workf__IsInf__093A3181.sql"
"000049.sql","Database/CymBuild_DB/Schema/Constraints/SCore.tvf_WorkflowValidate.DF__tvf_Workf__IsInv__08460D48.preflight.sql"
"000050.sql","Database/CymBuild_DB/Schema/Constraints/SCore.tvf_WorkflowValidate.DF__tvf_Workf__IsInv__08460D48.sql"
"000051.sql","Database/CymBuild_DB/Schema/Constraints/SCore.tvf_WorkflowValidate.DF__tvf_Workf__IsRea__065DC4D6.preflight.sql"
"000052.sql","Database/CymBuild_DB/Schema/Constraints/SCore.tvf_WorkflowValidate.DF__tvf_Workf__IsRea__065DC4D6.sql"
"000053.sql","Database/CymBuild_DB/Schema/Constraints/SCore.tvf_WorkflowValidate.DF__tvf_Workf__Messa__0A2E55BA.preflight.sql"
"000054.sql","Database/CymBuild_DB/Schema/Constraints/SCore.tvf_WorkflowValidate.DF__tvf_Workf__Messa__0A2E55BA.sql"
"000055.sql","Database/CymBuild_DB/Schema/Constraints/SCore.tvf_WorkflowValidate.DF__tvf_Workf__Targe__04757C64.preflight.sql"
"000056.sql","Database/CymBuild_DB/Schema/Constraints/SCore.tvf_WorkflowValidate.DF__tvf_Workf__Targe__04757C64.sql"
"000057.sql","Database/CymBuild_DB/Schema/Constraints/SCore.tvf_WorkflowValidate.DF__tvf_Workf__Targe__0569A09D.preflight.sql"
"000058.sql","Database/CymBuild_DB/Schema/Constraints/SCore.tvf_WorkflowValidate.DF__tvf_Workf__Targe__0569A09D.sql"
"000059.sql","Database/CymBuild_DB/Schema/Constraints/SFin.TransactionDetailsValidate.DF__Transacti__IsHid__46433FC1.preflight.sql"
"000060.sql","Database/CymBuild_DB/Schema/Constraints/SFin.TransactionDetailsValidate.DF__Transacti__IsHid__46433FC1.sql"
"000061.sql","Database/CymBuild_DB/Schema/Constraints/SFin.TransactionDetailsValidate.DF__Transacti__IsInf__482B8833.preflight.sql"
"000062.sql","Database/CymBuild_DB/Schema/Constraints/SFin.TransactionDetailsValidate.DF__Transacti__IsInf__482B8833.sql"
"000063.sql","Database/CymBuild_DB/Schema/Constraints/SFin.TransactionDetailsValidate.DF__Transacti__IsInv__473763FA.preflight.sql"
"000064.sql","Database/CymBuild_DB/Schema/Constraints/SFin.TransactionDetailsValidate.DF__Transacti__IsInv__473763FA.sql"
"000065.sql","Database/CymBuild_DB/Schema/Constraints/SFin.TransactionDetailsValidate.DF__Transacti__IsRea__454F1B88.preflight.sql"
"000066.sql","Database/CymBuild_DB/Schema/Constraints/SFin.TransactionDetailsValidate.DF__Transacti__IsRea__454F1B88.sql"
"000067.sql","Database/CymBuild_DB/Schema/Constraints/SFin.TransactionDetailsValidate.DF__Transacti__Messa__491FAC6C.preflight.sql"
"000068.sql","Database/CymBuild_DB/Schema/Constraints/SFin.TransactionDetailsValidate.DF__Transacti__Messa__491FAC6C.sql"
"000069.sql","Database/CymBuild_DB/Schema/Constraints/SFin.TransactionDetailsValidate.DF__Transacti__Targe__4366D316.preflight.sql"
"000070.sql","Database/CymBuild_DB/Schema/Constraints/SFin.TransactionDetailsValidate.DF__Transacti__Targe__4366D316.sql"
"000071.sql","Database/CymBuild_DB/Schema/Constraints/SFin.TransactionDetailsValidate.DF__Transacti__Targe__445AF74F.preflight.sql"
"000072.sql","Database/CymBuild_DB/Schema/Constraints/SFin.TransactionDetailsValidate.DF__Transacti__Targe__445AF74F.sql"
"000073.sql","Database/CymBuild_DB/Schema/Constraints/SFin.TransactionsValidate.DF__Transacti__IsHid__37F5206A.preflight.sql"
"000074.sql","Database/CymBuild_DB/Schema/Constraints/SFin.TransactionsValidate.DF__Transacti__IsHid__37F5206A.sql"
"000075.sql","Database/CymBuild_DB/Schema/Constraints/SFin.TransactionsValidate.DF__Transacti__IsInf__39DD68DC.preflight.sql"
"000076.sql","Database/CymBuild_DB/Schema/Constraints/SFin.TransactionsValidate.DF__Transacti__IsInf__39DD68DC.sql"
"000077.sql","Database/CymBuild_DB/Schema/Constraints/SFin.TransactionsValidate.DF__Transacti__IsInv__38E944A3.preflight.sql"
"000078.sql","Database/CymBuild_DB/Schema/Constraints/SFin.TransactionsValidate.DF__Transacti__IsInv__38E944A3.sql"
"000079.sql","Database/CymBuild_DB/Schema/Constraints/SFin.TransactionsValidate.DF__Transacti__IsRea__3700FC31.preflight.sql"
"000080.sql","Database/CymBuild_DB/Schema/Constraints/SFin.TransactionsValidate.DF__Transacti__IsRea__3700FC31.sql"
"000081.sql","Database/CymBuild_DB/Schema/Constraints/SFin.TransactionsValidate.DF__Transacti__Messa__3AD18D15.preflight.sql"
"000082.sql","Database/CymBuild_DB/Schema/Constraints/SFin.TransactionsValidate.DF__Transacti__Messa__3AD18D15.sql"
"000083.sql","Database/CymBuild_DB/Schema/Constraints/SFin.TransactionsValidate.DF__Transacti__Targe__3518B3BF.preflight.sql"
"000084.sql","Database/CymBuild_DB/Schema/Constraints/SFin.TransactionsValidate.DF__Transacti__Targe__3518B3BF.sql"
"000085.sql","Database/CymBuild_DB/Schema/Constraints/SFin.TransactionsValidate.DF__Transacti__Targe__360CD7F8.preflight.sql"
"000086.sql","Database/CymBuild_DB/Schema/Constraints/SFin.TransactionsValidate.DF__Transacti__Targe__360CD7F8.sql"
"000087.sql","Database/CymBuild_DB/Schema/Constraints/SFin.tvf_InvoiceScheduleMonthConfigurationValidate.DF__tvf_Invoi__IsHid__031743D7.preflight.sql"
"000088.sql","Database/CymBuild_DB/Schema/Constraints/SFin.tvf_InvoiceScheduleMonthConfigurationValidate.DF__tvf_Invoi__IsHid__031743D7.sql"
"000089.sql","Database/CymBuild_DB/Schema/Constraints/SFin.tvf_InvoiceScheduleMonthConfigurationValidate.DF__tvf_Invoi__IsInf__04FF8C49.preflight.sql"
"000090.sql","Database/CymBuild_DB/Schema/Constraints/SFin.tvf_InvoiceScheduleMonthConfigurationValidate.DF__tvf_Invoi__IsInf__04FF8C49.sql"
"000091.sql","Database/CymBuild_DB/Schema/Constraints/SFin.tvf_InvoiceScheduleMonthConfigurationValidate.DF__tvf_Invoi__IsInv__040B6810.preflight.sql"
"000092.sql","Database/CymBuild_DB/Schema/Constraints/SFin.tvf_InvoiceScheduleMonthConfigurationValidate.DF__tvf_Invoi__IsInv__040B6810.sql"
"000093.sql","Database/CymBuild_DB/Schema/Constraints/SFin.tvf_InvoiceScheduleMonthConfigurationValidate.DF__tvf_Invoi__IsRea__02231F9E.preflight.sql"
"000094.sql","Database/CymBuild_DB/Schema/Constraints/SFin.tvf_InvoiceScheduleMonthConfigurationValidate.DF__tvf_Invoi__IsRea__02231F9E.sql"
"000095.sql","Database/CymBuild_DB/Schema/Constraints/SFin.tvf_InvoiceScheduleMonthConfigurationValidate.DF__tvf_Invoi__Messa__05F3B082.preflight.sql"
"000096.sql","Database/CymBuild_DB/Schema/Constraints/SFin.tvf_InvoiceScheduleMonthConfigurationValidate.DF__tvf_Invoi__Messa__05F3B082.sql"
"000097.sql","Database/CymBuild_DB/Schema/Constraints/SFin.tvf_InvoiceScheduleMonthConfigurationValidate.DF__tvf_Invoi__Targe__003AD72C.preflight.sql"
"000098.sql","Database/CymBuild_DB/Schema/Constraints/SFin.tvf_InvoiceScheduleMonthConfigurationValidate.DF__tvf_Invoi__Targe__003AD72C.sql"
"000099.sql","Database/CymBuild_DB/Schema/Constraints/SFin.tvf_InvoiceScheduleMonthConfigurationValidate.DF__tvf_Invoi__Targe__012EFB65.preflight.sql"
"000100.sql","Database/CymBuild_DB/Schema/Constraints/SFin.tvf_InvoiceScheduleMonthConfigurationValidate.DF__tvf_Invoi__Targe__012EFB65.sql"
"000101.sql","Database/CymBuild_DB/Schema/Constraints/SJob.PurchaseOrders.DF_PurchaseOrders_InvoiceRequestId.preflight.sql"
"000102.sql","Database/CymBuild_DB/Schema/Constraints/SJob.PurchaseOrders.DF_PurchaseOrders_InvoiceRequestId.sql"
"000103.sql","Database/CymBuild_DB/Schema/Constraints/SJob.RibaStagesValidate.DF__RibaStage__IsHid__0B81A14F.preflight.sql"
"000104.sql","Database/CymBuild_DB/Schema/Constraints/SJob.RibaStagesValidate.DF__RibaStage__IsHid__0B81A14F.sql"
"000105.sql","Database/CymBuild_DB/Schema/Constraints/SJob.RibaStagesValidate.DF__RibaStage__IsInf__0D69E9C1.preflight.sql"
"000106.sql","Database/CymBuild_DB/Schema/Constraints/SJob.RibaStagesValidate.DF__RibaStage__IsInf__0D69E9C1.sql"
"000107.sql","Database/CymBuild_DB/Schema/Constraints/SJob.RibaStagesValidate.DF__RibaStage__IsInv__0C75C588.preflight.sql"
"000108.sql","Database/CymBuild_DB/Schema/Constraints/SJob.RibaStagesValidate.DF__RibaStage__IsInv__0C75C588.sql"
"000109.sql","Database/CymBuild_DB/Schema/Constraints/SJob.RibaStagesValidate.DF__RibaStage__IsRea__0A8D7D16.preflight.sql"
"000110.sql","Database/CymBuild_DB/Schema/Constraints/SJob.RibaStagesValidate.DF__RibaStage__IsRea__0A8D7D16.sql"
"000111.sql","Database/CymBuild_DB/Schema/Constraints/SJob.RibaStagesValidate.DF__RibaStage__Messa__0E5E0DFA.preflight.sql"
"000112.sql","Database/CymBuild_DB/Schema/Constraints/SJob.RibaStagesValidate.DF__RibaStage__Messa__0E5E0DFA.sql"
"000113.sql","Database/CymBuild_DB/Schema/Constraints/SJob.RibaStagesValidate.DF__RibaStage__Targe__08A534A4.preflight.sql"
"000114.sql","Database/CymBuild_DB/Schema/Constraints/SJob.RibaStagesValidate.DF__RibaStage__Targe__08A534A4.sql"
"000115.sql","Database/CymBuild_DB/Schema/Constraints/SJob.RibaStagesValidate.DF__RibaStage__Targe__099958DD.preflight.sql"
"000116.sql","Database/CymBuild_DB/Schema/Constraints/SJob.RibaStagesValidate.DF__RibaStage__Targe__099958DD.sql"
"000117.sql","Database/CymBuild_DB/Schema/Constraints/SJob.SubContractorInvoices.DF_SubContractorInvoices_SubContractorId.preflight.sql"
"000118.sql","Database/CymBuild_DB/Schema/Constraints/SJob.SubContractorInvoices.DF_SubContractorInvoices_SubContractorId.sql"
"000119.sql","Database/CymBuild_DB/Schema/Constraints/SJob.tvf_JobsValidate.DF__tvf_JobsV__IsHid__04B4A82F.preflight.sql"
"000120.sql","Database/CymBuild_DB/Schema/Constraints/SJob.tvf_JobsValidate.DF__tvf_JobsV__IsHid__04B4A82F.sql"
"000121.sql","Database/CymBuild_DB/Schema/Constraints/SJob.tvf_JobsValidate.DF__tvf_JobsV__IsInf__069CF0A1.preflight.sql"
"000122.sql","Database/CymBuild_DB/Schema/Constraints/SJob.tvf_JobsValidate.DF__tvf_JobsV__IsInf__069CF0A1.sql"
"000123.sql","Database/CymBuild_DB/Schema/Constraints/SJob.tvf_JobsValidate.DF__tvf_JobsV__IsInv__05A8CC68.preflight.sql"
"000124.sql","Database/CymBuild_DB/Schema/Constraints/SJob.tvf_JobsValidate.DF__tvf_JobsV__IsInv__05A8CC68.sql"
"000125.sql","Database/CymBuild_DB/Schema/Constraints/SJob.tvf_JobsValidate.DF__tvf_JobsV__IsRea__03C083F6.preflight.sql"
"000126.sql","Database/CymBuild_DB/Schema/Constraints/SJob.tvf_JobsValidate.DF__tvf_JobsV__IsRea__03C083F6.sql"
"000127.sql","Database/CymBuild_DB/Schema/Constraints/SJob.tvf_JobsValidate.DF__tvf_JobsV__Messa__079114DA.preflight.sql"
"000128.sql","Database/CymBuild_DB/Schema/Constraints/SJob.tvf_JobsValidate.DF__tvf_JobsV__Messa__079114DA.sql"
"000129.sql","Database/CymBuild_DB/Schema/Constraints/SJob.tvf_JobsValidate.DF__tvf_JobsV__Targe__01D83B84.preflight.sql"
"000130.sql","Database/CymBuild_DB/Schema/Constraints/SJob.tvf_JobsValidate.DF__tvf_JobsV__Targe__01D83B84.sql"
"000131.sql","Database/CymBuild_DB/Schema/Constraints/SJob.tvf_JobsValidate.DF__tvf_JobsV__Targe__02CC5FBD.preflight.sql"
"000132.sql","Database/CymBuild_DB/Schema/Constraints/SJob.tvf_JobsValidate.DF__tvf_JobsV__Targe__02CC5FBD.sql"
"000133.sql","Database/CymBuild_DB/Schema/Constraints/SMigration.Onboarding_EntityScope.DF_Onboarding_EntityScope_CanDeselect.preflight.sql"
"000134.sql","Database/CymBuild_DB/Schema/Constraints/SMigration.Onboarding_EntityScope.DF_Onboarding_EntityScope_CanDeselect.sql"
"000135.sql","Database/CymBuild_DB/Schema/Constraints/SMigration.Onboarding_EntityScope.DF_Onboarding_EntityScope_Category.preflight.sql"
"000136.sql","Database/CymBuild_DB/Schema/Constraints/SMigration.Onboarding_EntityScope.DF_Onboarding_EntityScope_Category.sql"
"000137.sql","Database/CymBuild_DB/Schema/Constraints/SMigration.Onboarding_EntityScope.DF_Onboarding_EntityScope_CreatedUtc.preflight.sql"
"000138.sql","Database/CymBuild_DB/Schema/Constraints/SMigration.Onboarding_EntityScope.DF_Onboarding_EntityScope_CreatedUtc.sql"
"000139.sql","Database/CymBuild_DB/Schema/Constraints/SMigration.Onboarding_EntityScope.DF_Onboarding_EntityScope_DefaultSelected.preflight.sql"
"000140.sql","Database/CymBuild_DB/Schema/Constraints/SMigration.Onboarding_EntityScope.DF_Onboarding_EntityScope_DefaultSelected.sql"
"000141.sql","Database/CymBuild_DB/Schema/Constraints/SMigration.Onboarding_EntityScope.DF_Onboarding_EntityScope_Description.preflight.sql"
"000142.sql","Database/CymBuild_DB/Schema/Constraints/SMigration.Onboarding_EntityScope.DF_Onboarding_EntityScope_Description.sql"
"000143.sql","Database/CymBuild_DB/Schema/Constraints/SMigration.Onboarding_EntityScope.DF_Onboarding_EntityScope_HandlerKey.preflight.sql"
"000144.sql","Database/CymBuild_DB/Schema/Constraints/SMigration.Onboarding_EntityScope.DF_Onboarding_EntityScope_HandlerKey.sql"
"000145.sql","Database/CymBuild_DB/Schema/Constraints/SMigration.Onboarding_EntityScope.DF_Onboarding_EntityScope_IsImplemented.preflight.sql"
"000146.sql","Database/CymBuild_DB/Schema/Constraints/SMigration.Onboarding_EntityScope.DF_Onboarding_EntityScope_IsImplemented.sql"
"000147.sql","Database/CymBuild_DB/Schema/Constraints/SMigration.Onboarding_EntityScope.DF_Onboarding_EntityScope_IsRequired.preflight.sql"
"000148.sql","Database/CymBuild_DB/Schema/Constraints/SMigration.Onboarding_EntityScope.DF_Onboarding_EntityScope_IsRequired.sql"
"000149.sql","Database/CymBuild_DB/Schema/Constraints/SMigration.Onboarding_EntityScope.DF_Onboarding_EntityScope_IsSupportData.preflight.sql"
"000150.sql","Database/CymBuild_DB/Schema/Constraints/SMigration.Onboarding_EntityScope.DF_Onboarding_EntityScope_IsSupportData.sql"
"000151.sql","Database/CymBuild_DB/Schema/Constraints/SMigration.Onboarding_EntityScope.DF_Onboarding_EntityScope_RequiredDependencyCodes.preflight.sql"
"000152.sql","Database/CymBuild_DB/Schema/Constraints/SMigration.Onboarding_EntityScope.DF_Onboarding_EntityScope_RequiredDependencyCodes.sql"
"000153.sql","Database/CymBuild_DB/Schema/Constraints/SMigration.Onboarding_EntityScope.DF_Onboarding_EntityScope_RowStatus.preflight.sql"
"000154.sql","Database/CymBuild_DB/Schema/Constraints/SMigration.Onboarding_EntityScope.DF_Onboarding_EntityScope_RowStatus.sql"
"000155.sql","Database/CymBuild_DB/Schema/Constraints/SMigration.Onboarding_EntityScope.DF_Onboarding_EntityScope_ScopeType.preflight.sql"
"000156.sql","Database/CymBuild_DB/Schema/Constraints/SMigration.Onboarding_EntityScope.DF_Onboarding_EntityScope_ScopeType.sql"
"000157.sql","Database/CymBuild_DB/Schema/Constraints/SMigration.Onboarding_EntityScope.DF_Onboarding_EntityScope_SourceSchemaName.preflight.sql"
"000158.sql","Database/CymBuild_DB/Schema/Constraints/SMigration.Onboarding_EntityScope.DF_Onboarding_EntityScope_SourceSchemaName.sql"
"000159.sql","Database/CymBuild_DB/Schema/Constraints/SMigration.Onboarding_EntityScope.DF_Onboarding_EntityScope_SourceTableName.preflight.sql"
"000160.sql","Database/CymBuild_DB/Schema/Constraints/SMigration.Onboarding_EntityScope.DF_Onboarding_EntityScope_SourceTableName.sql"
"000161.sql","Database/CymBuild_DB/Schema/Constraints/SMigration.Onboarding_EntityScope.DF_Onboarding_EntityScope_UpdatedUtc.preflight.sql"
"000162.sql","Database/CymBuild_DB/Schema/Constraints/SMigration.Onboarding_EntityScope.DF_Onboarding_EntityScope_UpdatedUtc.sql"
"000163.sql","Database/CymBuild_DB/Schema/Constraints/SMigration.Onboarding_Run.DF_SMigration_Onboarding_Run_RowStatus.preflight.sql"
"000164.sql","Database/CymBuild_DB/Schema/Constraints/SMigration.Onboarding_Run.DF_SMigration_Onboarding_Run_RowStatus.sql"
"000165.sql","Database/CymBuild_DB/Schema/Constraints/SMigration.Onboarding_Run.DF_SMigration_Onboarding_Run_SourceServerName.preflight.sql"
"000166.sql","Database/CymBuild_DB/Schema/Constraints/SMigration.Onboarding_Run.DF_SMigration_Onboarding_Run_SourceServerName.sql"
"000167.sql","Database/CymBuild_DB/Schema/Constraints/SMigration.Onboarding_Run.DF_SMigration_Onboarding_Run_TargetDatabaseName.preflight.sql"
"000168.sql","Database/CymBuild_DB/Schema/Constraints/SMigration.Onboarding_Run.DF_SMigration_Onboarding_Run_TargetDatabaseName.sql"
"000169.sql","Database/CymBuild_DB/Schema/Constraints/SMigration.Onboarding_Run.DF_SMigration_Onboarding_Run_TargetServerName.preflight.sql"
"000170.sql","Database/CymBuild_DB/Schema/Constraints/SMigration.Onboarding_Run.DF_SMigration_Onboarding_Run_TargetServerName.sql"
"000171.sql","Database/CymBuild_DB/Schema/Constraints/SMigration.Onboarding_RunEntitySelections.DF_Onboarding_RunEntitySelections_IsSelected.preflight.sql"
"000172.sql","Database/CymBuild_DB/Schema/Constraints/SMigration.Onboarding_RunEntitySelections.DF_Onboarding_RunEntitySelections_IsSelected.sql"
"000173.sql","Database/CymBuild_DB/Schema/Constraints/SMigration.Onboarding_RunEntitySelections.DF_Onboarding_RunEntitySelections_RowStatus.preflight.sql"
"000174.sql","Database/CymBuild_DB/Schema/Constraints/SMigration.Onboarding_RunEntitySelections.DF_Onboarding_RunEntitySelections_RowStatus.sql"
"000175.sql","Database/CymBuild_DB/Schema/Constraints/SMigration.Onboarding_RunEntitySelections.DF_Onboarding_RunEntitySelections_SelectedByUserId.preflight.sql"
"000176.sql","Database/CymBuild_DB/Schema/Constraints/SMigration.Onboarding_RunEntitySelections.DF_Onboarding_RunEntitySelections_SelectedByUserId.sql"
"000177.sql","Database/CymBuild_DB/Schema/Constraints/SMigration.Onboarding_RunEntitySelections.DF_Onboarding_RunEntitySelections_SelectedOnUtc.preflight.sql"
"000178.sql","Database/CymBuild_DB/Schema/Constraints/SMigration.Onboarding_RunEntitySelections.DF_Onboarding_RunEntitySelections_SelectedOnUtc.sql"
"000179.sql","Database/CymBuild_DB/Schema/Constraints/SMigration.Onboarding_RunEntitySelections.DF_Onboarding_RunEntitySelections_SelectionSource.preflight.sql"
"000180.sql","Database/CymBuild_DB/Schema/Constraints/SMigration.Onboarding_RunEntitySelections.DF_Onboarding_RunEntitySelections_SelectionSource.sql"
"000181.sql","Database/CymBuild_DB/Schema/Constraints/SMigration.Onboarding_RunEntitySelections.UQ_Onboarding_RunEntitySelections_Run_Entity.preflight.sql"
"000182.sql","Database/CymBuild_DB/Schema/Constraints/SMigration.Onboarding_RunEntitySelections.UQ_Onboarding_RunEntitySelections_Run_Entity.sql"
"000183.sql","Database/CymBuild_DB/Schema/Constraints/SMigration.Onboarding_WorkflowStatuses.PK_SMigration_Onboarding_WorkflowStatuses.preflight.sql"
"000184.sql","Database/CymBuild_DB/Schema/Constraints/SMigration.Onboarding_WorkflowStatuses.PK_SMigration_Onboarding_WorkflowStatuses.sql"
"000185.sql","Database/CymBuild_DB/Schema/Constraints/SSop.CriticalProjectNotes.DF_CriticalProjectNotes_CreatedBy.preflight.sql"
"000186.sql","Database/CymBuild_DB/Schema/Constraints/SSop.CriticalProjectNotes.DF_CriticalProjectNotes_CreatedBy.sql"
"000187.sql","Database/CymBuild_DB/Schema/Constraints/SSop.CriticalProjectNotes.DF_CriticalProjectNotes_DateCreated.preflight.sql"
"000188.sql","Database/CymBuild_DB/Schema/Constraints/SSop.CriticalProjectNotes.DF_CriticalProjectNotes_DateCreated.sql"
"000189.sql","Database/CymBuild_DB/Schema/Constraints/SSop.CriticalProjectNotes.DF_CriticalProjectNotes_Guid.preflight.sql"
"000190.sql","Database/CymBuild_DB/Schema/Constraints/SSop.CriticalProjectNotes.DF_CriticalProjectNotes_Guid.sql"
"000191.sql","Database/CymBuild_DB/Schema/Constraints/SSop.CriticalProjectNotes.DF_CriticalProjectNotes_ParentGuid.preflight.sql"
"000192.sql","Database/CymBuild_DB/Schema/Constraints/SSop.CriticalProjectNotes.DF_CriticalProjectNotes_ParentGuid.sql"
"000193.sql","Database/CymBuild_DB/Schema/Constraints/SSop.CriticalProjectNotes.DF_CriticalProjectNotes_ProjectId.preflight.sql"
"000194.sql","Database/CymBuild_DB/Schema/Constraints/SSop.CriticalProjectNotes.DF_CriticalProjectNotes_ProjectId.sql"
"000195.sql","Database/CymBuild_DB/Schema/Constraints/SSop.CriticalProjectNotes.DF_CriticalProjectNotes_RowStatus.preflight.sql"
"000196.sql","Database/CymBuild_DB/Schema/Constraints/SSop.CriticalProjectNotes.DF_CriticalProjectNotes_RowStatus.sql"
"000197.sql","Database/CymBuild_DB/Schema/Constraints/SSop.tvf_EnquiriesValidate.DF__tvf_Enqui__IsHid__5CF19AEF.preflight.sql"
"000198.sql","Database/CymBuild_DB/Schema/Constraints/SSop.tvf_EnquiriesValidate.DF__tvf_Enqui__IsHid__5CF19AEF.sql"
"000199.sql","Database/CymBuild_DB/Schema/Constraints/SSop.tvf_EnquiriesValidate.DF__tvf_Enqui__IsInf__5ED9E361.preflight.sql"
"000200.sql","Database/CymBuild_DB/Schema/Constraints/SSop.tvf_EnquiriesValidate.DF__tvf_Enqui__IsInf__5ED9E361.sql"
"000201.sql","Database/CymBuild_DB/Schema/Constraints/SSop.tvf_EnquiriesValidate.DF__tvf_Enqui__IsInv__5DE5BF28.preflight.sql"
"000202.sql","Database/CymBuild_DB/Schema/Constraints/SSop.tvf_EnquiriesValidate.DF__tvf_Enqui__IsInv__5DE5BF28.sql"
"000203.sql","Database/CymBuild_DB/Schema/Constraints/SSop.tvf_EnquiriesValidate.DF__tvf_Enqui__IsRea__5BFD76B6.preflight.sql"
"000204.sql","Database/CymBuild_DB/Schema/Constraints/SSop.tvf_EnquiriesValidate.DF__tvf_Enqui__IsRea__5BFD76B6.sql"
"000205.sql","Database/CymBuild_DB/Schema/Constraints/SSop.tvf_EnquiriesValidate.DF__tvf_Enqui__Messa__5FCE079A.preflight.sql"
"000206.sql","Database/CymBuild_DB/Schema/Constraints/SSop.tvf_EnquiriesValidate.DF__tvf_Enqui__Messa__5FCE079A.sql"
"000207.sql","Database/CymBuild_DB/Schema/Constraints/SSop.tvf_EnquiriesValidate.DF__tvf_Enqui__Targe__5A152E44.preflight.sql"
"000208.sql","Database/CymBuild_DB/Schema/Constraints/SSop.tvf_EnquiriesValidate.DF__tvf_Enqui__Targe__5A152E44.sql"
"000209.sql","Database/CymBuild_DB/Schema/Constraints/SSop.tvf_EnquiriesValidate.DF__tvf_Enqui__Targe__5B09527D.preflight.sql"
"000210.sql","Database/CymBuild_DB/Schema/Constraints/SSop.tvf_EnquiriesValidate.DF__tvf_Enqui__Targe__5B09527D.sql"
"000211.sql","Database/CymBuild_DB/Schema/Constraints/SSop.tvf_QuoteItemsValidate.DF__tvf_Quote__IsHid__43E5F603.preflight.sql"
"000212.sql","Database/CymBuild_DB/Schema/Constraints/SSop.tvf_QuoteItemsValidate.DF__tvf_Quote__IsHid__43E5F603.sql"
"000213.sql","Database/CymBuild_DB/Schema/Constraints/SSop.tvf_QuoteItemsValidate.DF__tvf_Quote__IsInf__45CE3E75.preflight.sql"
"000214.sql","Database/CymBuild_DB/Schema/Constraints/SSop.tvf_QuoteItemsValidate.DF__tvf_Quote__IsInf__45CE3E75.sql"
"000215.sql","Database/CymBuild_DB/Schema/Constraints/SSop.tvf_QuoteItemsValidate.DF__tvf_Quote__IsInv__44DA1A3C.preflight.sql"
"000216.sql","Database/CymBuild_DB/Schema/Constraints/SSop.tvf_QuoteItemsValidate.DF__tvf_Quote__IsInv__44DA1A3C.sql"
"000217.sql","Database/CymBuild_DB/Schema/Constraints/SSop.tvf_QuoteItemsValidate.DF__tvf_Quote__IsRea__42F1D1CA.preflight.sql"
"000218.sql","Database/CymBuild_DB/Schema/Constraints/SSop.tvf_QuoteItemsValidate.DF__tvf_Quote__IsRea__42F1D1CA.sql"
"000219.sql","Database/CymBuild_DB/Schema/Constraints/SSop.tvf_QuoteItemsValidate.DF__tvf_Quote__Messa__46C262AE.preflight.sql"
"000220.sql","Database/CymBuild_DB/Schema/Constraints/SSop.tvf_QuoteItemsValidate.DF__tvf_Quote__Messa__46C262AE.sql"
"000221.sql","Database/CymBuild_DB/Schema/Constraints/SSop.tvf_QuoteItemsValidate.DF__tvf_Quote__Targe__41098958.preflight.sql"
"000222.sql","Database/CymBuild_DB/Schema/Constraints/SSop.tvf_QuoteItemsValidate.DF__tvf_Quote__Targe__41098958.sql"
"000223.sql","Database/CymBuild_DB/Schema/Constraints/SSop.tvf_QuoteItemsValidate.DF__tvf_Quote__Targe__41FDAD91.preflight.sql"
"000224.sql","Database/CymBuild_DB/Schema/Constraints/SSop.tvf_QuoteItemsValidate.DF__tvf_Quote__Targe__41FDAD91.sql"
"000225.sql","Database/CymBuild_DB/Schema/Constraints/SSop.tvf_QuotesValidate.DF__tvf_Quote__IsHid__1EC97FED.preflight.sql"
"000226.sql","Database/CymBuild_DB/Schema/Constraints/SSop.tvf_QuotesValidate.DF__tvf_Quote__IsHid__1EC97FED.sql"
"000227.sql","Database/CymBuild_DB/Schema/Constraints/SSop.tvf_QuotesValidate.DF__tvf_Quote__IsInf__20B1C85F.preflight.sql"
"000228.sql","Database/CymBuild_DB/Schema/Constraints/SSop.tvf_QuotesValidate.DF__tvf_Quote__IsInf__20B1C85F.sql"
"000229.sql","Database/CymBuild_DB/Schema/Constraints/SSop.tvf_QuotesValidate.DF__tvf_Quote__IsInv__1FBDA426.preflight.sql"
"000230.sql","Database/CymBuild_DB/Schema/Constraints/SSop.tvf_QuotesValidate.DF__tvf_Quote__IsInv__1FBDA426.sql"
"000231.sql","Database/CymBuild_DB/Schema/Constraints/SSop.tvf_QuotesValidate.DF__tvf_Quote__IsRea__1DD55BB4.preflight.sql"
"000232.sql","Database/CymBuild_DB/Schema/Constraints/SSop.tvf_QuotesValidate.DF__tvf_Quote__IsRea__1DD55BB4.sql"
"000233.sql","Database/CymBuild_DB/Schema/Constraints/SSop.tvf_QuotesValidate.DF__tvf_Quote__Messa__21A5EC98.preflight.sql"
"000234.sql","Database/CymBuild_DB/Schema/Constraints/SSop.tvf_QuotesValidate.DF__tvf_Quote__Messa__21A5EC98.sql"
"000235.sql","Database/CymBuild_DB/Schema/Constraints/SSop.tvf_QuotesValidate.DF__tvf_Quote__Targe__1BED1342.preflight.sql"
"000236.sql","Database/CymBuild_DB/Schema/Constraints/SSop.tvf_QuotesValidate.DF__tvf_Quote__Targe__1BED1342.sql"
"000237.sql","Database/CymBuild_DB/Schema/Constraints/SSop.tvf_QuotesValidate.DF__tvf_Quote__Targe__1CE1377B.preflight.sql"
"000238.sql","Database/CymBuild_DB/Schema/Constraints/SSop.tvf_QuotesValidate.DF__tvf_Quote__Targe__1CE1377B.sql"
"000239.sql","Database/CymBuild_DB/Schema/Indexes/SCore.DataObjectTransition.IX_DataObjectTransition_Active_DataObjectGuid_ID.preflight.sql"
"000240.sql","Database/CymBuild_DB/Schema/Indexes/SCore.DataObjectTransition.IX_DataObjectTransition_Active_DataObjectGuid_ID.sql"
"000241.sql","Database/CymBuild_DB/Schema/Indexes/SCore.WorkflowStatus.IX_WorkflowStatus_Active_ID_Guid.preflight.sql"
"000242.sql","Database/CymBuild_DB/Schema/Indexes/SCore.WorkflowStatus.IX_WorkflowStatus_Active_ID_Guid.sql"
"000243.sql","Database/CymBuild_DB/Schema/Indexes/SMigration.Onboarding_EntityScope.IX_Onboarding_EntityScope_DisplayOrder.preflight.sql"
"000244.sql","Database/CymBuild_DB/Schema/Indexes/SMigration.Onboarding_EntityScope.IX_Onboarding_EntityScope_DisplayOrder.sql"
"000245.sql","Database/CymBuild_DB/Schema/Indexes/SMigration.Onboarding_Run.IX_SMigration_Onboarding_Run_Active.preflight.sql"
"000246.sql","Database/CymBuild_DB/Schema/Indexes/SMigration.Onboarding_Run.IX_SMigration_Onboarding_Run_Active.sql"
"000247.sql","Database/CymBuild_DB/Schema/Indexes/SMigration.Onboarding_RunEntitySelections.IX_Onboarding_RunEntitySelections_RunGuid.preflight.sql"
"000248.sql","Database/CymBuild_DB/Schema/Indexes/SMigration.Onboarding_RunEntitySelections.IX_Onboarding_RunEntitySelections_RunGuid.sql"
"000249.sql","Database/CymBuild_DB/Schema/Indexes/SMigration.Onboarding_RunStageSelections.UX_SMigration_Onboarding_RunStageSelections_Run_Entity_Row.preflight.sql"
"000250.sql","Database/CymBuild_DB/Schema/Indexes/SMigration.Onboarding_RunStageSelections.UX_SMigration_Onboarding_RunStageSelections_Run_Entity_Row.sql"
"000251.sql","Database/CymBuild_DB/Schema/Indexes/SSop.QuoteItems.IX_QuoteItems_Active_QuoteId_Net.preflight.sql"
"000252.sql","Database/CymBuild_DB/Schema/Indexes/SSop.QuoteItems.IX_QuoteItems_Active_QuoteId_Net.sql"
"000253.sql","Database/CymBuild_DB/Schema/Indexes/SSop.Quotes.IX_Quotes_Active_QuoteGrid.preflight.sql"
"000254.sql","Database/CymBuild_DB/Schema/Indexes/SSop.Quotes.IX_Quotes_Active_QuoteGrid.sql"
"000255.sql","Database/CymBuild_DB/Schema/Migrations/Generated/Tables/SCore.EntityTypes.alter.sql"
"000256.sql","Database/CymBuild_DB/Schema/Migrations/Generated/Tables/SCore.EntityTypes.preflight.sql"
"000257.sql","Database/CymBuild_DB/Schema/Migrations/Generated/Tables/SJob.PurchaseOrders.alter.sql"
"000258.sql","Database/CymBuild_DB/Schema/Migrations/Generated/Tables/SJob.PurchaseOrders.preflight.sql"
"000259.sql","Database/CymBuild_DB/Schema/Migrations/Generated/Tables/SJob.SubContractorInvoices.alter.sql"
"000260.sql","Database/CymBuild_DB/Schema/Migrations/Generated/Tables/SJob.SubContractorInvoices.preflight.sql"
"000261.sql","Database/CymBuild_DB/Schema/Migrations/Generated/Tables/SMigration.Onboarding_OrganisationalUnits.alter.sql"
"000262.sql","Database/CymBuild_DB/Schema/Migrations/Generated/Tables/SMigration.Onboarding_OrganisationalUnits.preflight.sql"
"000263.sql","Database/CymBuild_DB/Schema/Migrations/Generated/Tables/SMigration.Onboarding_Run.alter.sql"
"000264.sql","Database/CymBuild_DB/Schema/Migrations/Generated/Tables/SMigration.Onboarding_Run.preflight.sql"
